{
  "A1_pure_water": {
    "label": "Pure water",
    "category": "paper",
    "n_sites": 4,
    "phase_type": "single-phase liquid",
    "n_components": 1,
    "n_points": 100,
    "ratio_mean": 0.5845426068509676,
    "ratio_median": 0.49607467611215605,
    "ratio_p10": 0.3091532469861768,
    "ratio_p90": 0.9826883893141002,
    "speedup_mean": 1.7107392827824364,
    "speedup_median": 2.0158255362624335,
    "max_dens_err_pct": 0.0,
    "mean_dens_err_pct": 0.0,
    "phase_match_pct": 100.0
  },
  "A2_water_methanol_50": {
    "label": "Water-Methanol (50/50 mol%)",
    "category": "paper",
    "n_sites": 6,
    "phase_type": "VLE binary",
    "n_components": 2,
    "n_points": 100,
    "ratio_mean": 0.19157187759819577,
    "ratio_median": 0.1448177320559711,
    "ratio_p10": 0.10806590416338062,
    "ratio_p90": 0.35831689560913743,
    "speedup_mean": 5.219972850594528,
    "speedup_median": 6.905231740637304,
    "max_dens_err_pct": 0.0,
    "mean_dens_err_pct": 0.0,
    "phase_match_pct": 100.0
  },
  "A2_water_methanol_80": {
    "label": "Water-Methanol (80/20 mol%)",
    "category": "paper",
    "n_sites": 6,
    "phase_type": "VLE binary",
    "n_components": 2,
    "n_points": 100,
    "ratio_mean": 0.16253670531517464,
    "ratio_median": 0.13026201437625984,
    "ratio_p10": 0.10480148172266933,
    "ratio_p90": 0.23384706781432582,
    "speedup_mean": 6.15245644398231,
    "speedup_median": 7.676835068061479,
    "max_dens_err_pct": 0.0,
    "mean_dens_err_pct": 0.0,
    "phase_match_pct": 100.0
  },
  "A3_water_ethanol_aceticacid": {
    "label": "Water-Ethanol-Acetic Acid (33/33/34)",
    "category": "paper",
    "n_sites": 8,
    "phase_type": "VLE ternary",
    "n_components": 3,
    "n_points": 100,
    "ratio_mean": 0.06541219040014119,
    "ratio_median": 0.030475015575975404,
    "ratio_p10": 0.0031917456359939187,
    "ratio_p90": 0.18314637809199472,
    "speedup_mean": 15.287670293301193,
    "speedup_median": 32.81376501701733,
    "max_dens_err_pct": 0.0,
    "mean_dens_err_pct": 0.0,
    "phase_match_pct": 47.0
  },
  "B1_natgas_water": {
    "label": "Natural gas + Water",
    "category": "industrial",
    "n_sites": 4,
    "phase_type": "VLE (gas + aqueous)",
    "n_components": 5,
    "n_points": 36,
    "ratio_mean": 0.5364650220783456,
    "ratio_median": 0.5139899374778744,
    "ratio_p10": 0.13203566028012842,
    "ratio_p90": 0.820307423583002,
    "speedup_mean": 1.8640544282381184,
    "speedup_median": 1.94556337991159,
    "max_dens_err_pct": 0.0,
    "mean_dens_err_pct": 0.0,
    "phase_match_pct": 100.0
  },
  "B2_natgas_water_MEG": {
    "label": "Natural gas + Water + MEG",
    "category": "industrial",
    "n_sites": 8,
    "phase_type": "VLE/LLE (gas + aqueous + MEG)",
    "n_components": 6,
    "n_points": 36,
    "ratio_mean": 0.337825249495664,
    "ratio_median": 0.35283429824911505,
    "ratio_p10": 0.2048872306682482,
    "ratio_p90": 0.40956489597284385,
    "speedup_mean": 2.9601102981286633,
    "speedup_median": 2.8341915878426316,
    "max_dens_err_pct": 0.0,
    "mean_dens_err_pct": 0.0,
    "phase_match_pct": 97.22222222222221
  },
  "B3_gas_condensate_water": {
    "label": "Gas condensate + Water",
    "category": "industrial",
    "n_sites": 4,
    "phase_type": "VLE (gas + condensate + aqueous)",
    "n_components": 8,
    "n_points": 36,
    "ratio_mean": 0.3782850809494968,
    "ratio_median": 0.4218212693144411,
    "ratio_p10": 0.13897390151301633,
    "ratio_p90": 0.5566459957410052,
    "speedup_mean": 2.6435089575565516,
    "speedup_median": 2.3706723030472965,
    "max_dens_err_pct": 0.0,
    "mean_dens_err_pct": 0.0,
    "phase_match_pct": 97.22222222222221
  },
  "B4_oil_gas_water_MEG": {
    "label": "Oil + Gas + Water + MEG",
    "category": "industrial",
    "n_sites": 8,
    "phase_type": "VLLE (gas + oil + aqueous)",
    "n_components": 10,
    "n_points": 36,
    "ratio_mean": 0.3166695024021051,
    "ratio_median": 0.3043385258958061,
    "ratio_p10": 0.16999556948317052,
    "ratio_p90": 0.4342606188050266,
    "speedup_mean": 3.157866458293182,
    "speedup_median": 3.2858146928869654,
    "max_dens_err_pct": 0.0,
    "mean_dens_err_pct": 0.0,
    "phase_match_pct": 100.0
  },
  "B5_CO2_water": {
    "label": "CO2 + Water",
    "category": "industrial",
    "n_sites": 4,
    "phase_type": "VLE (CO2 + aqueous)",
    "n_components": 2,
    "n_points": 36,
    "ratio_mean": 1.1917492247463466,
    "ratio_median": 0.17502748581734517,
    "ratio_p10": 0.1256830508723801,
    "ratio_p90": 1.1686041273779355,
    "speedup_mean": 0.8391027065386523,
    "speedup_median": 5.713388359149362,
    "max_dens_err_pct": 0.0,
    "mean_dens_err_pct": 0.0,
    "phase_match_pct": 100.0
  },
  "B6_MEG_water": {
    "label": "MEG + Water",
    "category": "industrial",
    "n_sites": 8,
    "phase_type": "single-phase aqueous",
    "n_components": 2,
    "n_points": 36,
    "ratio_mean": 0.13584031165377355,
    "ratio_median": 0.11864041165504849,
    "ratio_p10": 0.08709576238530137,
    "ratio_p90": 0.2318570408352613,
    "speedup_mean": 7.361584995099064,
    "speedup_median": 8.428831171856839,
    "max_dens_err_pct": 0.0,
    "mean_dens_err_pct": 0.0,
    "phase_match_pct": 100.0
  },
  "B7_natgas_water_TEG": {
    "label": "Natural gas + Water + TEG",
    "category": "industrial",
    "n_sites": 8,
    "phase_type": "VLE (gas + aqueous/TEG)",
    "n_components": 6,
    "ratio_mean": 0.3159213212672173,
    "ratio_median": 0.2756075253137078,
    "ratio_p10": 0.2158106793573464,
    "ratio_p90": 0.5117773611201598,
    "speedup_mean": 3.1653450801890166,
    "speedup_median": 3.628347951899205,
    "max_dens_err_pct": 0.0,
    "mean_dens_err_pct": 0.0,
    "phase_match_pct": 100.0,
    "n_points": 36
  }
}