ID,NAME,CASnumber,COMPTYPE,COMPINDEX,FORMULA,MOLARMASS,LIQDENS,TC,PC,ACSFACT,NORMBOIL,MWAVG,CRITVOL,PVMODEL,Href,CPA,CPB,CPC,CPD,CPE,AntoineVapPresLiqType,ANTOINEA,ANTOINEB,ANTOINEC,ANTOINED,ANTOINEE,DIPOLEMOMENT,VISCFACT,RACKETZ,volcorrSRK_T,LJDIAMETER,LJEPS,SphericalCoreRadius,LIQVISCMODEL,LIQVISC1,LIQVISC2,LIQVISC3,LIQVISC4,GIBBSENERGYOFFORMATION,DIELECTRICPARAMETER1,DIELECTRICPARAMETER2,DIELECTRICPARAMETER3,DIELECTRICPARAMETER4,DIELECTRICPARAMETER5,IONICCHARGE,REFERENCESTATETYPE,HenryCoef1,HenryCoef2,HenryCoef3,HenryCoef4,SCHWARTZENTRUBER1,SCHWARTZENTRUBER2,SCHWARTZENTRUBER3,LIQUIDCONDUCTIVITY1,LIQUIDCONDUCTIVITY2,LIQUIDCONDUCTIVITY3,PARACHOR,HEATOFFUSION,TRIPLEPOINTDENSITY,TRIPLEPOINTPRESSURE,TRIPLEPOINTTEMPERATURE,MELTINGPOINTTEMPERATURE,ENTHALPYOFFORMATION,ABSOLUTEENTROPY,SOLIDDENSITYCOEFS1,SOLIDDENSITYCOEFS2,SOLIDDENSITYCOEFS3,SOLIDDENSITYCOEFS4,SOLIDDENSITYCOEFS5,LIQUIDDENSITYCOEFS1,LIQUIDDENSITYCOEFS2,LIQUIDDENSITYCOEFS3,LIQUIDDENSITYCOEFS4,LIQUIDDENSITYCOEFS5,HEATOFVAPORIZATIONCOEFS1,HEATOFVAPORIZATIONCOEFS2,HEATOFVAPORIZATIONCOEFS3,HEATOFVAPORIZATIONCOEFS4,HEATOFVAPORIZATIONCOEFS5,STDDENS,MC1,MC2,MC3,MC1Solid,MC2Solid,MC3Solid,TwuCoon1,TwuCoon2,TwuCoon3,associationsites,associationscheme,racketZCPA,volcorrCPA_T,associationboundingvolume_SRK,associationenergy,aCPA_SRK,bCPA_SRK,mCPA_SRK,aCPA_PR,bCPA_PR,mCPA_PR,associationboundingvolume_PR,calcActivity,ANTOINESolidA,ANTOINESolidB,ANTOINESolidC,Hsub,criticalViscosity,HydrateA1Small,HydrateB1Small,HydrateA1Large,HydrateB1Large,HydrateA2Small,HydrateB2Small,HydrateA2Large,HydrateB2Large,HydrateFormer,mSAFT,sigmaSAFT,epsikSAFT,associationboundingvolume_PCSAFT,associationenergy_PCSAFT,LJDIAMETERHYDRATE,LJEPSHYDRATE,SphericalCoreRadiusHYDRATE,DeshMatIonicDiameter,waxformer,B2_largeGF,A1_smallGF,B1_smallGF,A1_largeGF,B1_largeGF,A2_smallGF,B2_smallGF,A2_largeGF,CPsolid1,CPsolid2,CPsolid3,CPsolid4,CPsolid5,CPliquid1,CPliquid2,CPliquid3,CPliquid4,CPliquid5,MCPR1,MCPR2,MCPR3,PARACHOR_CPA,lambdaRSAFTVRMie,lambdaASAFTVRMie,mSAFTVRMie,sigmaSAFTVRMie,epsikSAFTVRMie,associationenergy_SAFTVRMie,associationvolume_SAFTVRMie,UMRCPA_MC1,UMRCPA_MC2,UMRCPA_MC3,UMRCPA_MC4,UMRCPA_MC5,UMRCPA_a0,UMRCPA_b,UMRCPA_assocEnergy,UMRCPA_assocVolume,UMRCPA_assocScheme,UMRCPA_associating,UMRCPA_racketZ,UMRCPA_volcorr_T,InChIKey
1,methane,74-82-8,HC,1,CH4,16.043,0.422182073,-82.59,45.99,0.0115,-161.55,16.043,99.0,Classic,2.6,37.978352,-0.07461815,0.000301881,-2.83e-07,9.070574e-11,pow10,5.232430,891.0098,332.0975,0.0,0.0,0.0,0.0,0.0,0.0,2.52,155.809006022,0.406998625,3,-26.87,1150.0,0.187,-0.000521,-50460.0,2.0,0.0,0.0,0.0,0.0,0,solute,900.0,0.0,0.0,0.0,0.0,0.0,0.0,0.290304,-0.0004720407,-4.320339e-06,77.3,941.0,452.0,0.116656057,90.69,90.65,-74520.0,186.3,33.022,-0.01587,-0.000155,0.0,0.0,2.92,0.29,191.0,0.289,0.0,8170.0,0.0,0.0,0.0,0.0,0.1,0.5857,-0.7206,1.2899,0.0,0.0,0.0,0.122841598,0.914470789,2.741978611,0,0,0.0,0.0,0.0,0.0,0.0,0.0,0.0,0.0,0.0,0.0,4.18626,1,1.0,-6.68082,0.0,9700.0,1.5293e-05,0.04792,1594.0,0.01244,2952.0,0.002317,2777.0,1.076,1323.0,yes,1.0,3.703900119,150.029998779,0.0,0.0,3.190710941,155.809006022,0.406998625,1.0,0,900.0,0.000621,2760.0,0.421,1963.1,0.00404868,2636.75,0.29527,0.0,0.0,0.0,0.0,0.0,0.0,0.0,0.0,0.0,0.0,0.39234,0.0,0.0,77.3,12.65,6,1,3.7412,153.36,0,0,0.3866,0.016,-0.0174,0.0118,0.0208,0,0,0,0,0,0,0.0,0.0,VNWKTOKETHGBQD-UHFFFAOYSA-N
2,ethane,74-84-0,HC,2,C2H6,30.07,0.544459352,32.17,48.72,0.0995,-88.55,30.07,148.0,Classic,9761.1,34.735892,-0.036806078,0.000470572,-5.52e-07,2.0676918e-10,pow10,5.657274,1277.7739,315.3433,0.0,0.0,0.0,0.0,0.0,0.0,3.264673065,176.701997247,0.513842135,3,-10.23,668.0,0.0439,-9.59e-05,-32000.0,2.0,0.0,0.0,0.0,0.0,0,solute,0.0,0.0,0.0,0.0,0.002582841,12.53829052,-18.38097379,0.34675,-0.0009351408,-2.916284e-07,108.9,2860.0,652.0,1.1402e-05,90.35,89.95,-83800.0,229.2,25.263,-0.01095,0.0,0.0,0.0,0.0,0.0,0.0,0.0,0.0,14703.0,0.0,0.0,0.0,0.0,0.1,0.654848544,-0.184389171,0.26016005,0.0,0.0,0.0,0.299607318,0.876626839,1.6792384,0,0,0.0,0.0,0.0,0.0,0.0,0.0,0.0,0.0,0.0,0.0,6.04609,1,1.0,-3.33355,0.0,20500.0,2.1756e-05,0.0,0.0,0.002999,3861.0,0.0,0.0,0.007362,4000.0,yes,1.6069,3.5206,191.42,0.0,0.0,3.264673065,176.701997247,0.513842135,1.0,0,3363.0,0.0,0.0,0.1098,2854.94,0.0,0.0,0.0893861,0.0,0.0,0.0,0.0,0.0,0.0,0.0,0.0,0.0,0.0,0.52005,0.0043,0.10292,108.9,12.4,6,1.4373,3.7257,206.12,0,0,0.4988,0.1156,-0.0408,-0.0578,0.0177,0,0,0,0,0,0,0.0,0.0,OTMSDBZUPAUEDD-UHFFFAOYSA-N
3,Cl-,16887-00-6,ion,3,Cl-,35.45,0.797,444.15,290.89,0.344,64.55,99.45,99.0,Classic,1374.6,0.0,0.0,0.0,0.0,0.0,none,0.0,0.0,0.0,0.0,0.0,1.7,0.215,0.0,0.0,3.6,481.8,0.0,3,-39.35,4826.0,0.1091,-0.000113,-131228.0,0.0,0.0,0.0,0.0,0.0,-1,solute,0.0,0.0,0.0,0.0,0.0,0.0,0.0,-0.384,0.00525,-6.37e-06,52.8786226,6000.0,1000.0,0.00611,273.0,273.0,-167159.0,56.5,0.0,0.0,0.0,0.0,0.0,0.0,0.0,0.0,0.0,0.0,0.0,0.0,0.0,0.0,0.0,0.797,0.0,0.0,0.0,0.0,0.0,0.0,0.0,0.0,0.0,0,0,0.0,0.0,0.0,0.0,0.0,0.0,0.0,0.0,0.0,0.0,0.0,1,0.0,0.0,0.0,0.0,0.0,0.0,0.0,0.0,0.0,0.0,0.0,0.0,0.0,no,0.0,0.0,0.0,0.0,0.0,3.6,481.8,0.0,1.0,0,0.0,0.0,0.0,0.0,0.0,0.0,0.0,0.0,0.0,0.0,0.0,0.0,0.0,0.0,0.0,0.0,0.0,0.0,0.0,0.0,0.0,207.0,12.0,6.0,0,0,0,0,0,0,0,0,0,0,0,0,0,0,0,0,0.0,0.0,VEXZGXHMUGYJMC-UHFFFAOYSA-M
4,Na+,17341-25-2,ion,4,Na+,22.99,0.797,444.15,290.89,0.344,64.55,22.99,99.0,Classic,1374.6,0.0,0.0,0.0,0.0,0.0,none,0.0,0.0,0.0,0.0,0.0,1.7,0.215,0.0,0.0,5.68,481.8,0.0,3,-39.35,4826.0,0.1091,-0.000113,-261905.0,0.0,0.0,0.0,0.0,0.0,1,solute,0.0,0.0,0.0,0.0,0.0,0.0,0.0,-0.384,0.00525,-6.37e-06,52.8786226,6000.0,1000.0,0.00611,273.0,273.0,-240120.0,59.0,0.0,0.0,0.0,0.0,0.0,0.0,0.0,0.0,0.0,0.0,0.0,0.0,0.0,0.0,0.0,1.038,0.0,0.0,0.0,0.0,0.0,0.0,0.0,0.0,0.0,0,0,0.0,0.0,0.0,0.0,0.0,0.0,0.0,0.0,0.0,0.0,0.0,1,0.0,0.0,0.0,0.0,0.0,0.0,0.0,0.0,0.0,0.0,0.0,0.0,0.0,no,0.0,0.0,0.0,0.0,0.0,3.68,481.8,0.0,1.0,0,0.0,0.0,0.0,0.0,0.0,0.0,0.0,0.0,0.0,0.0,0.0,0.0,0.0,0.0,0.0,0.0,0.0,0.0,0.0,0.0,0.0,207.0,12.0,6.0,0,0,0,0,0,0,0,0,0,0,0,0,0,0,0,0,0.0,0.0,FKNQFGJONOIPTF-UHFFFAOYSA-N
5,Mg++,22537-22-0,ion,5,Mg++,24.31,0.797,444.15,290.89,0.344,64.55,24.31,99.0,Classic,0.0,0.0,0.0,0.0,0.0,0.0,none,0.0,0.0,0.0,0.0,0.0,1.7,0.215,0.0,0.0,6.94,481.8,0.0,3,-39.35,4826.0,0.1091,-0.000113,-454800.0,0.0,0.0,0.0,0.0,0.0,2,solute,0.0,0.0,0.0,0.0,0.0,0.0,0.0,-0.384,0.00525,-6.37e-06,207.0,6000.0,1000.0,0.00611,273.0,273.0,-466850.0,-138.1,0.0,0.0,0.0,0.0,0.0,0.0,0.0,0.0,0.0,0.0,0.0,0.0,0.0,0.0,0.0,1.038,0.0,0.0,0.0,0.0,0.0,0.0,0.0,0.0,0.0,0,0,0.0,0.0,0.0,0.0,0.0,0.0,0.0,0.0,0.0,0.0,0.0,1,0.0,0.0,0.0,0.0,0.0,0.0,0.0,0.0,0.0,0.0,0.0,0.0,0.0,no,0.0,0.0,0.0,0.0,0.0,6.94,481.8,0.0,1.0,0,0.0,0.0,0.0,0.0,0.0,0.0,0.0,0.0,0.0,0.0,0.0,0.0,0.0,0.0,0.0,0.0,0.0,0.0,0.0,0.0,0.0,207.0,12.0,6.0,0,0,0,0,0,0,0,0,0,0,0,0,0,0,0,0,0.0,0.0,JLVVSXFLKOJNIY-UHFFFAOYSA-N
6,MDEA,105-59-9,amine,6,C5H13NO2,119.1632,1.038,403.85,38.76,1.242,140.0,119.16,99.0,Classic,0.0,0.0,0.0,0.0,0.0,0.0,none,0.0,0.0,0.0,0.0,0.0,1.7,0.215,0.260355682,0.0,4.5,481.8,0.0,3,-75.19,12680.0,0.1573,-0.0001225,57900.0,-14.02,10500.46,0.0,0.0,0.0,0,solvent,0.0,0.0,0.0,0.0,0.521291873,-1.152080748,-0.013889882,-0.384,0.00525,-6.37e-06,207.0,6000.0,1000.0,0.00611,273.0,273.0,-242000.0,189.0,0.0,0.0,0.0,0.0,0.0,0.0,0.0,0.0,0.0,0.0,52100000.0,0.32,-0.212,0.258,0.0,0.797,2.298601539,-2.159763177,1.537096461,0.0,0.0,0.0,0.0,0.0,0.0,4,4C,0.0,0.0,0.018008483,12276.3826,342400.6001,10.828737539,1.03285479,376276.884,10.78358585,1.258298307,0.0,1,17.38710706,1.76274587,0.0,0.0,0.0,0.0,0.0,0.0,0.0,0.0,0.0,0.0,0.0,no,5.001,3.2045,268.55,0.01,16650.0,4.5,481.8,0.0,1.0,0,0.0,0.0,0.0,0.0,0.0,0.0,0.0,0.0,0.0,0.0,0.0,0.0,0.0,0.0,0.0,0.0,0.0,0.0,0.0,0.0,0.0,207.0,12.0,6.0,0,0,0,0,0,1.0303,0.17168,-0.01293,0.0,0.0,35.76279,0.10871,119.03968,0.03026,4C,1,0.0,0.0,CRVGTESFCCXCTH-UHFFFAOYSA-N
7,MDEA+,0-0-0-0,ion,7,CH4O,120.1632,1.038,403.85,38.76,1.242,64.55,120.16,99.0,Classic,0.0,0.0,0.0,0.0,0.0,0.0,none,0.0,0.0,0.0,0.0,0.0,1.7,0.215,0.0,0.0,4.5,481.8,0.0,3,-39.35,4826.0,0.1091,-0.000113,0.0,0.0,0.0,0.0,0.0,0.0,1,solute,0.0,0.0,0.0,0.0,0.0,0.0,0.0,-0.384,0.00525,-6.37e-06,207.0,6000.0,1000.0,0.00611,273.0,273.0,-242000.0,189.0,0.0,0.0,0.0,0.0,0.0,0.0,0.0,0.0,0.0,0.0,52100000.0,0.32,-0.212,0.258,0.0,0.797,0.0,0.0,0.0,0.0,0.0,0.0,0.0,0.0,0.0,0,0,0.0,0.0,0.0,0.0,0.0,0.0,0.0,0.0,0.0,0.0,0.0,1,0.0,0.0,0.0,0.0,0.0,0.0,0.0,0.0,0.0,0.0,0.0,0.0,0.0,no,0.0,0.0,0.0,0.0,0.0,4.5,481.8,0.0,1.0,0,0.0,0.0,0.0,0.0,0.0,0.0,0.0,0.0,0.0,0.0,0.0,0.0,0.0,0.0,0.0,0.0,0.0,0.0,0.0,0.0,0.0,207.0,12.0,6.0,0,0,0,0,0,0,0,0,0,0,0,0,0,0,0,0,0.0,0.0,
8,H3O+,13968-08-6,ion,8,H3O,19.02,0.797,444.15,290.89,0.344,64.55,19.02,99.0,Classic,0.0,0.0,0.0,0.0,0.0,0.0,none,0.0,0.0,0.0,0.0,0.0,1.7,0.215,0.0,0.0,4.06,481.8,0.0,3,-39.35,4826.0,0.1091,-0.000113,-237129.0,0.0,0.0,0.0,0.0,0.0,1,solute,0.0,0.0,0.0,0.0,0.0,0.0,0.0,-0.384,0.00525,-6.37e-06,207.0,6000.0,1000.0,0.00611,273.0,273.0,-285830.0,69.95,0.0,0.0,0.0,0.0,0.0,0.0,0.0,0.0,0.0,0.0,52100000.0,0.32,-0.212,0.258,0.0,0.797,0.0,0.0,0.0,0.0,0.0,0.0,0.0,0.0,0.0,0,0,0.0,0.0,0.0,0.0,0.0,0.0,0.0,0.0,0.0,0.0,0.0,1,0.0,0.0,0.0,0.0,0.0,0.0,0.0,0.0,0.0,0.0,0.0,0.0,0.0,no,0.0,0.0,0.0,0.0,0.0,4.06,481.8,0.0,9.0,0,0.0,0.0,0.0,0.0,0.0,0.0,0.0,0.0,0.0,0.0,0.0,0.0,0.0,0.0,0.0,0.0,0.0,0.0,0.0,0.0,0.0,207.0,12.0,6.0,0,0,0,0,0,0,0,0,0,0,0,0,0,0,0,0,0.0,0.0,XLYOFNOQVPJJNP-UHFFFAOYSA-O
9,propane,74-98-6,HC,9,C3H8,44.097,0.0,96.68,42.48,0.1523,-42.05,44.097,203.0,Classic,19519.6,31.983958,0.042659134,0.000499754,-6.56e-07,2.5598806e-10,pow10,6.098687,1814.2703,339.4400,0.0,0.0,0.0,0.0,0.0,0.0,3.320577362,205.885946142,0.662379685,3,-7.764,722.0,0.0238,-4.67e-05,-23490.0,2.0,0.0,0.0,0.0,0.0,0,solute,0.0,0.0,0.0,0.0,-0.015069991,-4.344143673,4.007325591,0.263363,-0.0006020071,-1.578571e-07,151.9,6000.0,1000.0,1e-09,85.47,85.5,-104680.0,270.0,18.861,-0.020332,0.0,0.0,0.0,0.0,0.0,0.0,0.0,0.0,15700.0,0.0,0.0,0.0,0.0,0.1,0.721211486,-0.099216642,0.181829227,0.0,0.0,0.0,0.435825883,0.866132179,1.395432818,0,0,0.0,0.0,0.0,0.0,91187.5,5.7834,0.6307,0.0,0.0,0.0,5.24869,1,1.0,-11.1254,0.0,28500.0,2.4973e-05,0.0,0.0,0.0,0.0,0.0,0.0,0.008264,4521.0,yes,2.002,3.6184,208.11,0.0,0.0,3.320577362,205.885946142,0.662379685,1.0,0,3885.27,0.0,0.0,0.0,0.0,0.0,0.0,0.0799,0.0,0.0,0.0,0.0,0.0,0.0,0.0,0.0,0.0,0.0,0.61838,-0.16071,0.48785,151.9,13.006,6,1.6845,3.9056,239.89,0,0,0.6037,0.004,0.1788,-0.0136,-0.202,0,0,0,0,0,0,0.0,0.0,ATUOYWHBWRKTHZ-UHFFFAOYSA-N
10,CO2,124-38-9,inert,10,CO2,44.01,1.1,31.04,73.815,0.2276,-78.5,44.01,94.0,Classic,19459.1,18.58302105174049,0.0823796345114741,-7.930390038368174e-05,4.222181385638e-08,-9.577100164048893e-12,pow10,3.674806,400.4020,190.6992,0.0,0.0,0.0,0.0,0.0,0.0,2.34,168.77,0.6805,2,-7.811,3140.0,0.0,0.0,-394359.0,2.0,0.0,0.0,0.0,0.0,0,solute,94.4914,-6789.04,-11.4519,-0.010454,0.0,0.0,0.0,0.251502,0.0005238919,-3.82111e-06,78.0,9018.9693,1000.0,5.185,216.58,216.592,-393509.0,213.8,32.939,0.06842,-0.0002847,0.0,0.0,0.0,0.0,0.0,0.0,0.0,14490.0,0.0,0.0,0.0,0.0,0.1,0.88173893,-0.856255022,3.094939327,0.0,0.0,0.0,1.413601068,-0.605965449,1.101814948,2,2A,0.0,0.0,0.0,0.0,0.0,0.0,0.0,0.0,0.0,0.0,0.0,1,6.81228,-1301.679,-3.494,26100.0,3.7687e-05,4.856e-11,7470.0,0.09862,2617.0,6.082e-05,3691.0,0.1683,2591.0,yes,1.3097,3.2507,92.15,0.0,0.0,3.03720716,170.162382832,0.68463388,1.0,0,2119.56,0.000758596,2500.0,0.231198,2419.56,0.00724496,2330.0,0.139898,0.0,0.0,0.0,0.0,0.0,0.0,0.0,0.0,0.0,0.0,0.71369,-0.44764,2.43752,78.0,27.557,5.055,1.5,3.1916,231.88,0,0,0.6711,0.0084,0.2393,0.8658,0.7161,0,0,0,0,0,0,0.0,0.0,CURLTUGMZLYLDI-UHFFFAOYSA-N
11,methanol,67-56-1,alcohol,11,CH4O,32.042,0.797,239.49,80.96,0.559,64.55,32.042,99.0,Classic,11133.0,39.192196,-0.058081604,0.000350102,-3.69e-07,1.276199e-10,pow10,5.20277,1580.08,239.5,0.0,0.0,1.7,0.215,0.2,0.0,3.626,481.8,0.0,3,-39.35,4826.0,0.1091,-0.000113,-162000.0,-5.3743,11351.85,0.0,0.0,0.0,0,solvent,0.0,0.0,0.0,0.0,0.0,0.0,0.0,0.279586,-0.0003815916,3.612529e-07,73.069489067,3177.0,1000.0,0.00611,175.5,175.5,-200700.0,239.8,30.585,0.0,0.0,0.0,0.0,2.288,0.2685,512.64,0.2453,0.0,52100000.0,0.32,-0.212,0.258,0.0,0.797,1.4371,-0.79942,0.3278,0.0,0.0,0.0,0.0,0.0,0.0,2,2B,0.0,0.0,0.0161,24591.0,40531.0,3.0978,0.43102,47052.0,3.3,0.9037,0.0449,1,17.38710706,-7582.40622,0.0,0.0,0.0,0.0,0.0,0.0,0.0,0.0,0.0,0.0,0.0,no,1.5255,3.23,188.9,0.035176,24106.443,3.626,481.8,0.0,1.0,0,0.0,0.0,0.0,0.0,0.0,0.0,0.0,0.0,-12706.0,958.78,-5.2332,0.013152,0.0,105800.0,-362.23,0.9379,0.0,0.0,1.224003,-0.2735,-0.39823,87.543852818,12.0,6.0,0,0,0,0,0,0.853,-0.47185,0.08502,0.0,0.0,4.63028,0.03201,219.65729,0.02498,2B,1,0.0,0.0,OKKJLVBELUTLKV-UHFFFAOYSA-N
12,MEG,107-21-1,glycol,12,C2H6O2,62.069,1.117,446.85,90.0,0.5347,197.35,62.069,186.0,Classic,32022.6,35.7,0.2484,-0.0001497,3e-08,0.0,exp,13.6299,6022.18,-28.25,0.0,0.0,2.3082,0.215,0.2488,0.0,3.626,481.8,0.0,3,-23.155244944,5694.484212533,0.023081509,0.0,57900.0,-18.46,16744.0,0.0,0.0,0.0,0,solvent,0.0,0.0,0.0,0.0,0.654009012,-3.955117195,3.671191916,0.517338954,-0.000798169,6.4e-08,133.32865,9958.0,904.0,2.42e-06,260.15,260.15,-388000.0,324.0,21.4,0.0,0.0,0.0,0.0,1.3151,0.25125,719.7,0.2187,0.0,82900000.0,0.427,0.0,0.0,0.0,1.117,0.0,0.0,0.0,0.0,0.0,0.0,0.0,0.0,0.0,4,4C,0.288384169,0.000389127,0.0141,19752.0,108190.0,5.14,0.6744,108190.0,5.14,0.6744,0.0514,1,17.090887,-7800.0,0.0,0.0,0.0,0.0,0.0,0.0,0.0,0.0,0.0,0.0,0.0,no,2.4098,2.9616,325.87,0.0206,21860.0,3.626,481.8,0.0,1.0,0,0.0,0.0,0.0,0.0,0.0,0.0,0.0,0.0,35540.0,436.78,-0.18486,0.0,0.0,35540.0,436.78,-0.18486,0.0,0.0,0.91003,1.34996,-1.89002,151.817427819,12.0,6.0,0,0,0,0,0,0.70106,0.30741,-0.5459,0.0,0.0,12.78318,0.05047,180.90804,0.01488,4C,1,0.0,0.0,LYCAIKOWRPUZTN-UHFFFAOYSA-N
13,oxygen,7782-44-7,inert,13,O2,31.999,0.0,-118.55,50.46,0.021,-182.95,31.999,73.4,Classic,11103.1,30.17982,-0.014915316,5.4706e-05,-4.89e-08,1.488206e-11,pow10,6.117611,1297.4284,395.5294,0.0,0.0,0.0,0.0,0.0,0.0,3.467,106.7,0.0,3,-4.771,215.0,0.0139,-6.26e-05,0.0,-19.2905,29814.5,-0.019678,0.013189,0.031144,0,solute,0.0,0.0,0.0,0.0,0.0,0.0,0.0,0.228339,-0.0001988663,-6.21403e-06,0.0,6000.0,1000.0,0.0014633,56.36,273.0,0.0,205.1,53.0,-0.00784,0.0,0.0,0.0,5.46,0.305,647.0,0.081,0.0,52100000.0,0.32,-0.212,0.258,0.0,0.1,0.0,0.0,0.0,0.0,0.0,0.0,0.0,0.0,0.0,0,0,0.0,0.0,0.0,0.0,0.0,0.0,0.0,0.0,0.0,0.0,0.0,1,0.0,0.0,0.0,0.0,0.0,0.01717,2016.2,0.05696,1662.3,0.09799,1045.9,0.002681,2563.9,yes,1.1217,3.2098,114.96,0.0,0.0,3.467,106.7,0.0,1.0,0,0.0,0.0,0.0,0.0,0.0,0.0,0.0,0.0,0.0,0.0,0.0,0.0,0.0,0.0,0.0,0.0,0.0,0.0,0.0,0.0,0.0,0.0,12.0,6.0,0,0,0,0,0,0,0,0,0,0,0,0,0,0,0,0,0.0,0.0,MYMOFIZGZYHOMD-UHFFFAOYSA-N
14,TEG,112-27-6,glycol,14,C6H14O4,150.175,1.127,496.35,33.13,1.2874,278.3,150.175,450.0,Classic,93317.4,86.4,0.6008,-0.0003622,7.2e-08,0.0,exp,6.7568,3715.222,-1.299,0.0,0.0,2.2,0.215,0.242773578,0.0,3.626,481.8,0.0,3,-53.92523,9741.992,0.106066,-7.5802e-05,-474700.0,-20.0,13026.25,0.0,0.0,0.0,0,solvent,0.0,0.0,0.0,0.0,0.0,0.0,0.0,0.394142583,-0.000547836,0.0,358.332712,15900.0,1000.0,0.00611,268.25,268.25,-726500.0,189.0,8.89,-0.00784,0.0,0.0,0.0,0.5966,0.26227,769.5,0.2455,0.0,52100000.0,0.32,-0.212,0.258,0.0,1.127,1.376906087,1.788921526,-4.378737499,0.0,0.0,0.0,0.0,0.0,0.0,4,4C,0.284542458,-0.004423613,0.0188,14337.0,391260.0,13.21,1.1692,391260.0,13.21,1.1692,0.0188,1,0.0,0.0,0.0,0.0,0.0,0.0,0.0,0.0,0.0,0.0,0.0,0.0,0.0,no,6.819,2.9608,295.84,0.0096,18520.0,3.626,481.8,0.0,1.0,0,0.0,0.0,0.0,0.0,0.0,0.0,0.0,0.0,153800.0,587.0,0.0,0.0,0.0,153800.0,587.0,0.0,0.0,0.0,1.55075,-0.7778,0.31779,349.636060455,12.0,6.0,0,0,0,0,0,1.1607,0.4552,-0.0095,0.0,0.0,42.5589,0.1317,119.34,0.033,4C,1,0.0,0.0,ZIBGPFATKBEMQZ-UHFFFAOYSA-N
15,DEG,111-46-6,glycol,15,C4H10O3,106.122,1.119,471.45,46.61,1.2011,245.85,106.122,316.0,Classic,62670.0,73.1,0.3462,-0.0001468,1.8e-08,0.0,exp,10.4124,4122.52,-122.5,0.0,0.0,2.2,0.215,0.2489,0.0,3.626,481.8,0.0,4,1385.09,495.54,0.0,0.0,-402900.0,-26.43,17368.33,0.0,0.0,0.0,0,solvent,0.0,0.0,0.0,0.0,0.0,0.0,0.0,0.411,-0.00054,0.0,0.0,6000.0,1000.0,0.00611,273.0,273.0,-571200.0,189.0,12.6,-0.00784,0.0,0.0,0.0,0.83692,0.26112,744.6,0.2422,0.0,52100000.0,0.32,-0.212,0.258,0.0,1.119,0.0,0.0,0.0,0.0,0.0,0.0,0.0,0.0,0.0,4,4C,0.0,0.0,0.0064,19684.0,264080.0,9.21,0.7991,264080.0,9.21,0.7991,0.0064,1,0.0,0.0,0.0,0.0,0.0,0.0,0.0,0.0,0.0,0.0,0.0,0.0,0.0,no,4.614,2.9606,305.88,0.0115,19680.0,3.626,481.8,0.0,1.0,0,0.0,0.0,0.0,0.0,0.0,0.0,0.0,0.0,177000.0,0.0,0.0,0.0,0.0,125410.0,400.58,0.0,0.0,0.0,0.0,0.0,0.0,0.0,12.0,6.0,0,0,0,0,0,0.6437,0.31361,-0.08265,0.0,0.0,28.8847,0.09232,200.65912,0.0073,4C,1,0.0,0.0,MTHSVFCYNBDYFN-UHFFFAOYSA-N
16,nitrogen,7727-37-9,inert,16,N2,28.0135,0.80796486,-147.05,33.944,0.0403,-195.75,28.014,89.8,Classic,8330.8,29.3824747474747,-0.0030260473322971,5.771148989898619e-06,4.686124061124461e-09,-4.086538461538615e-12,pow10,3.423928,311.0949,287.2459,0.0,0.0,0.0,0.0,0.0,0.0,3.132506748,126.578386713,0.359188902,2,-7.811,3140.0,0.0,0.0,0.0,-19.2905,29814.5,-0.019678,0.013189,0.031144,0,solute,0.0,0.0,0.0,0.0,0.055118857,-2.346353896,1.5681216,0.149876,0.001257026,-1.6766e-05,41.0,720.0,870.0,0.12508,63.15,63.3,0.0,191.6,37.87,-0.060272,0.0,0.0,0.0,3.21,0.286,126.0,0.297,0.0,7490000.0,0.404,-0.317,0.273,0.0,0.1,0.574258329,-0.322594876,0.590654497,0.0,0.0,0.0,0.112629607,0.902199715,2.874960678,0,0,0.0,0.0,0.0,0.0,0.0,0.0,0.0,0.0,0.0,0.0,2.601899073,1,1.0,-21.24548045,0.0,0.0,1.7417e-05,0.0528,932.3,0.03415,2240.0,0.007507,2004.0,0.09477,1596.0,yes,1.2053,3.313,90.96,0.0,0.0,3.132506748,126.578386713,0.359188902,1.0,0,1150.0,0.011645,2159.0,0.4001,1037.18,0.00718,2090.0,0.3,0.0,0.0,0.0,0.0,0.0,0.0,0.0,0.0,0.0,0.0,0.436354704,0.0,0.0,41.0,13,6,1.4214,3.184,72.438,0,0,0.4353,-0.0122,0.0743,0.0692,0.0167,0,0,0,0,0,0,0.0,0.0,IJGRMHOSHXDMSA-UHFFFAOYSA-N
17,n-butane,106-97-8,HC,17,C4H10,58.123,0.0,151.97,37.96,0.2002,-0.45,58.124,255.0,Classic,29278.1,46.117758,0.046026304,0.000669858,-8.78e-07,3.4370076e-10,pow10,6.126998,2156.0716,352.5590,0.0,0.0,0.0,0.0,0.0,0.0,2.9125,209.0,0.9379,2,-7.811,3140.0,0.0,0.0,-17150.0,-19.2905,29814.5,-0.019678,0.013189,0.031144,0,solute,0.0,0.0,0.0,0.0,-0.018486492,-4.921574519,4.858186966,0.24688,-0.0004719916,-6.249512e-08,191.7,6000.0,1000.0,6.762e-06,134.86,138.15,-126150.0,310.2,15.194,-0.006886,0.0,0.0,0.0,0.0,0.0,0.0,0.0,0.0,52100000.0,0.32,-0.212,0.258,0.0,0.1,0.808063555,-0.212724945,0.362961475,0.0,0.0,0.0,0.331800583,0.854692733,1.865828858,0,0,0.0,0.0,0.0,0.0,131427.4,7.2081,0.70771,0.0,0.0,0.0,5.76447,1,1.0,-13.4385,0.0,35900.0,2.5768e-05,0.0,0.0,0.0,0.0,0.0,0.0,0.001262,4580.0,yes,2.3316,3.7086,222.86,0.0,0.0,2.9125,209.0,0.9379,1.0,0,2691.0,0.0,0.0,0.0,0.0,0.0,0.0,1.05298,0.0,0.0,0.0,0.0,0.0,0.0,0.0,0.0,0.0,0.0,0.67123,-0.03803,0.21886,191.7,13.457,6,1.8514,4.0887,273.64,0,0,0,0,0,0,0,0,0,0,0,0,0,0.0,0.0,IJDNQMDRQITEOD-UHFFFAOYSA-N
18,HCO3-,71-52-3,ion,18,HCO3,61.0,0.797,444.15,290.89,0.344,64.55,61.0,99.0,Classic,0.0,0.0,0.0,0.0,0.0,0.0,none,0.0,0.0,0.0,0.0,0.0,1.7,0.215,0.0,0.0,3.12,481.8,0.0,3,-39.35,4826.0,0.1091,-0.000113,-586770.0,0.0,0.0,0.0,0.0,0.0,-1,solute,0.0,0.0,0.0,0.0,0.0,0.0,0.0,-0.384,0.00525,-6.37e-06,207.0,6000.0,1000.0,0.00611,273.0,273.0,-691990.0,91.2,0.0,0.0,0.0,0.0,0.0,0.0,0.0,0.0,0.0,0.0,52100000.0,0.32,-0.212,0.258,0.0,0.797,0.0,0.0,0.0,0.0,0.0,0.0,0.0,0.0,0.0,0,0,0.0,0.0,0.0,0.0,0.0,0.0,0.0,0.0,0.0,0.0,0.0,1,0.0,0.0,0.0,0.0,0.0,0.0,0.0,0.0,0.0,0.0,0.0,0.0,0.0,no,0.0,0.0,0.0,0.0,0.0,3.12,481.8,0.0,4.0,0,0.0,0.0,0.0,0.0,0.0,0.0,0.0,0.0,0.0,0.0,0.0,0.0,0.0,0.0,0.0,0.0,0.0,0.0,0.0,0.0,0.0,207.0,12.0,6.0,0,0,0,0,0,0,0,0,0,0,0,0,0,0,0,0,0.0,0.0,BVKZGUZCCUSVTD-UHFFFAOYSA-M
19,Li+,17341-24-1,ion,19,Li,6.941,0.797,444.15,290.89,0.344,64.55,6.941,99.0,Classic,0.0,0.0,0.0,0.0,0.0,0.0,none,0.0,0.0,0.0,0.0,0.0,1.7,0.215,0.0,0.0,4.76,481.8,0.0,3,-39.35,4826.0,0.1091,-0.000113,-293310.0,0.0,0.0,0.0,0.0,0.0,1,solute,0.0,0.0,0.0,0.0,0.0,0.0,0.0,-0.384,0.00525,-6.37e-06,207.0,6000.0,1000.0,0.00611,273.0,273.0,-278490.0,13.4,0.0,0.0,0.0,0.0,0.0,0.0,0.0,0.0,0.0,0.0,52100000.0,0.32,-0.212,0.258,0.0,0.797,0.0,0.0,0.0,0.0,0.0,0.0,0.0,0.0,0.0,0,0,0.0,0.0,0.0,0.0,0.0,0.0,0.0,0.0,0.0,0.0,0.0,1,0.0,0.0,0.0,0.0,0.0,0.0,0.0,0.0,0.0,0.0,0.0,0.0,0.0,no,0.0,0.0,0.0,0.0,0.0,4.76,481.8,0.0,1.0,0,0.0,0.0,0.0,0.0,0.0,0.0,0.0,0.0,0.0,0.0,0.0,0.0,0.0,0.0,0.0,0.0,0.0,0.0,0.0,0.0,0.0,207.0,12.0,6.0,0,0,0,0,0,0,0,0,0,0,0,0,0,0,0,0,0.0,0.0,HBBGRARXTFLTSG-UHFFFAOYSA-N
20,K+,24203-36-9,ion,20,K,39.1,0.797,444.15,290.89,0.344,64.55,39.1,99.0,Classic,0.0,0.0,0.0,0.0,0.0,0.0,none,0.0,0.0,0.0,0.0,0.0,1.7,0.215,0.0,0.0,2.5,481.8,0.0,3,-39.35,4826.0,0.1091,-0.000113,-283270.0,0.0,0.0,0.0,0.0,0.0,1,solute,0.0,0.0,0.0,0.0,0.0,0.0,0.0,-0.384,0.00525,-6.37e-06,207.0,6000.0,1000.0,0.00611,273.0,273.0,-252380.0,102.5,0.0,0.0,0.0,0.0,0.0,0.0,0.0,0.0,0.0,0.0,52100000.0,0.32,-0.212,0.258,0.0,0.797,0.0,0.0,0.0,0.0,0.0,0.0,0.0,0.0,0.0,0,0,0.0,0.0,0.0,0.0,0.0,0.0,0.0,0.0,0.0,0.0,0.0,1,0.0,0.0,0.0,0.0,0.0,0.0,0.0,0.0,0.0,0.0,0.0,0.0,0.0,no,0.0,0.0,0.0,0.0,0.0,2.5,481.8,0.0,1.0,0,0.0,0.0,0.0,0.0,0.0,0.0,0.0,0.0,0.0,0.0,0.0,0.0,0.0,0.0,0.0,0.0,0.0,0.0,0.0,0.0,0.0,207.0,12.0,6.0,0,0,0,0,0,0,0,0,0,0,0,0,0,0,0,0,0.0,0.0,NPYPAHLBTDXSSS-UHFFFAOYSA-N
21,Ca++,14127-61-8,ion,21,Ca2,40.08,0.797,444.15,290.89,0.344,64.55,40.08,99.0,Classic,0.0,0.0,0.0,0.0,0.0,0.0,none,0.0,0.0,0.0,0.0,0.0,1.7,0.215,0.0,0.0,6.2,481.8,0.0,3,-39.35,4826.0,0.1091,-0.000113,-553580.0,0.0,0.0,0.0,0.0,0.0,2,solute,0.0,0.0,0.0,0.0,0.0,0.0,0.0,-0.384,0.00525,-6.37e-06,52.8786226,6000.0,1000.0,0.00611,273.0,273.0,-542830.0,-53.1,0.0,0.0,0.0,0.0,0.0,0.0,0.0,0.0,0.0,0.0,52100000.0,0.32,-0.212,0.258,0.0,0.797,0.0,0.0,0.0,0.0,0.0,0.0,0.0,0.0,0.0,0,0,0.0,0.0,0.0,0.0,0.0,0.0,0.0,0.0,0.0,0.0,0.0,1,0.0,0.0,0.0,0.0,0.0,0.0,0.0,0.0,0.0,0.0,0.0,0.0,0.0,no,0.0,0.0,0.0,0.0,0.0,6.2,481.8,0.0,1.0,0,0.0,0.0,0.0,0.0,0.0,0.0,0.0,0.0,0.0,0.0,0.0,0.0,0.0,0.0,0.0,0.0,0.0,0.0,0.0,0.0,0.0,207.0,12.0,6.0,0,0,0,0,0,0,0,0,0,0,0,0,0,0,0,0,0.0,0.0,BHPQYMZQTOCNFJ-UHFFFAOYSA-N
22,I-,20461-54-5,ion,22,I,126.9,0.797,444.15,290.89,0.344,64.55,126.9,99.0,Classic,0.0,0.0,0.0,0.0,0.0,0.0,none,0.0,0.0,0.0,0.0,0.0,1.7,0.215,0.0,0.0,4.32,481.8,0.0,3,-39.35,4826.0,0.1091,-0.000113,-51570.0,0.0,0.0,0.0,0.0,0.0,-1,solute,0.0,0.0,0.0,0.0,0.0,0.0,0.0,-0.384,0.00525,-6.37e-06,207.0,6000.0,1000.0,0.00611,273.0,273.0,-55190.0,111.3,0.0,0.0,0.0,0.0,0.0,0.0,0.0,0.0,0.0,0.0,52100000.0,0.32,-0.212,0.258,0.0,0.797,0.0,0.0,0.0,0.0,0.0,0.0,0.0,0.0,0.0,0,0,0.0,0.0,0.0,0.0,0.0,0.0,0.0,0.0,0.0,0.0,0.0,1,0.0,0.0,0.0,0.0,0.0,0.0,0.0,0.0,0.0,0.0,0.0,0.0,0.0,no,0.0,0.0,0.0,0.0,0.0,4.32,481.8,0.0,1.0,0,0.0,0.0,0.0,0.0,0.0,0.0,0.0,0.0,0.0,0.0,0.0,0.0,0.0,0.0,0.0,0.0,0.0,0.0,0.0,0.0,0.0,207.0,12.0,6.0,0,0,0,0,0,0,0,0,0,0,0,0,0,0,0,0,0.0,0.0,XMBWDFGMSWQBCA-UHFFFAOYSA-M
23,Sr++,22537-39-9,ion,23,Sr,87.62,0.797,444.15,290.89,0.344,64.55,32.042,99.0,Classic,0.0,0.0,0.0,0.0,0.0,0.0,none,0.0,0.0,0.0,0.0,0.0,1.7,0.215,0.0,0.0,6.2,481.8,0.0,3,-39.35,4826.0,0.1091,-0.000113,-559480.0,0.0,0.0,0.0,0.0,0.0,2,solute,0.0,0.0,0.0,0.0,0.0,0.0,0.0,-0.384,0.00525,-6.37e-06,207.0,6000.0,1000.0,0.00611,273.0,273.0,-545800.0,-32.6,0.0,0.0,0.0,0.0,0.0,0.0,0.0,0.0,0.0,0.0,52100000.0,0.32,-0.212,0.258,0.0,0.797,0.0,0.0,0.0,0.0,0.0,0.0,0.0,0.0,0.0,0,0,0.0,0.0,0.0,0.0,0.0,0.0,0.0,0.0,0.0,0.0,0.0,1,0.0,0.0,0.0,0.0,0.0,0.0,0.0,0.0,0.0,0.0,0.0,0.0,0.0,no,0.0,0.0,0.0,0.0,0.0,6.2,481.8,0.0,1.0,0,0.0,0.0,0.0,0.0,0.0,0.0,0.0,0.0,0.0,0.0,0.0,0.0,0.0,0.0,0.0,0.0,0.0,0.0,0.0,0.0,0.0,207.0,12.0,6.0,0,0,0,0,0,0,0,0,0,0,0,0,0,0,0,0,0.0,0.0,PWYYWQHXAPXYMF-UHFFFAOYSA-N
24,Ba++,22541-12-4,ion,24,Ba,137.3,0.797,444.15,290.89,0.344,64.55,137.3,99.0,Classic,0.0,0.0,0.0,0.0,0.0,0.0,none,0.0,0.0,0.0,0.0,0.0,1.7,0.215,0.0,0.0,5.8,481.8,0.0,3,-39.35,4826.0,0.1091,-0.000113,-560770.0,0.0,0.0,0.0,0.0,0.0,2,solute,0.0,0.0,0.0,0.0,0.0,0.0,0.0,-0.384,0.00525,-6.37e-06,207.0,6000.0,1000.0,0.00611,273.0,273.0,-537640.0,9.6,0.0,0.0,0.0,0.0,0.0,0.0,0.0,0.0,0.0,0.0,52100000.0,0.32,-0.212,0.258,0.0,0.797,0.0,0.0,0.0,0.0,0.0,0.0,0.0,0.0,0.0,0,0,0.0,0.0,0.0,0.0,0.0,0.0,0.0,0.0,0.0,0.0,0.0,1,0.0,0.0,0.0,0.0,0.0,0.0,0.0,0.0,0.0,0.0,0.0,0.0,0.0,no,0.0,0.0,0.0,0.0,0.0,5.8,481.8,0.0,1.0,0,0.0,0.0,0.0,0.0,0.0,0.0,0.0,0.0,0.0,0.0,0.0,0.0,0.0,0.0,0.0,0.0,0.0,0.0,0.0,0.0,0.0,207.0,12.0,6.0,0,0,0,0,0,0,0,0,0,0,0,0,0,0,0,0,0.0,0.0,XDFCIPNJCBUZJN-UHFFFAOYSA-N
25,OH-,14280-30-9,ion,25,OH,17.001,0.797,444.15,290.89,0.344,64.55,17.001,99.0,Classic,0.0,0.0,0.0,0.0,0.0,0.0,none,0.0,0.0,0.0,0.0,0.0,1.7,0.215,0.0,0.0,3.52,481.8,0.0,3,-39.35,4826.0,0.1091,-0.000113,-157244.0,0.0,0.0,0.0,0.0,0.0,-1,solute,0.0,0.0,0.0,0.0,0.0,0.0,0.0,-0.384,0.00525,-6.37e-06,207.0,6000.0,1000.0,0.00611,273.0,273.0,-229994.0,-10.75,0.0,0.0,0.0,0.0,0.0,0.0,0.0,0.0,0.0,0.0,52100000.0,0.32,-0.212,0.258,0.0,0.797,0.0,0.0,0.0,0.0,0.0,0.0,0.0,0.0,0.0,0,0,0.0,0.0,0.0,0.0,0.0,0.0,0.0,0.0,0.0,0.0,0.0,1,0.0,0.0,0.0,0.0,0.0,0.0,0.0,0.0,0.0,0.0,0.0,0.0,0.0,no,0.0,0.0,0.0,0.0,0.0,3.52,481.8,0.0,3.0,0,0.0,0.0,0.0,0.0,0.0,0.0,0.0,0.0,0.0,0.0,0.0,0.0,0.0,0.0,0.0,0.0,0.0,0.0,0.0,0.0,0.0,207.0,12.0,6.0,0,0,0,0,0,0,0,0,0,0,0,0,0,0,0,0,0.0,0.0,XLYOFNOQVPJJNP-UHFFFAOYSA-M
26,CO3--,3812-32-6,ion,26,CO3minus2,59.982,0.797,444.15,290.89,0.344,64.55,59.982,99.0,Classic,0.0,0.0,0.0,0.0,0.0,0.0,none,0.0,0.0,0.0,0.0,0.0,1.7,0.215,0.0,0.0,3.7,481.8,0.0,3,-39.35,4826.0,0.1091,-0.000113,-527810.0,0.0,0.0,0.0,0.0,0.0,-2,solute,0.0,0.0,0.0,0.0,0.0,0.0,0.0,-0.384,0.00525,-6.37e-06,207.0,6000.0,1000.0,0.00611,273.0,273.0,-677140.0,-56.9,0.0,0.0,0.0,0.0,0.0,0.0,0.0,0.0,0.0,0.0,52100000.0,0.32,-0.212,0.258,0.0,0.797,0.0,0.0,0.0,0.0,0.0,0.0,0.0,0.0,0.0,0,0,0.0,0.0,0.0,0.0,0.0,0.0,0.0,0.0,0.0,0.0,0.0,1,0.0,0.0,0.0,0.0,0.0,0.0,0.0,0.0,0.0,0.0,0.0,0.0,0.0,no,0.0,0.0,0.0,0.0,0.0,3.7,481.8,0.0,5.0,0,0.0,0.0,0.0,0.0,0.0,0.0,0.0,0.0,0.0,0.0,0.0,0.0,0.0,0.0,0.0,0.0,0.0,0.0,0.0,0.0,0.0,207.0,12.0,6.0,0,0,0,0,0,0,0,0,0,0,0,0,0,0,0,0,0.0,0.0,BVKZGUZCCUSVTD-UHFFFAOYSA-L
27,NH4+,14798-03-9,ion,27,NH4,18.01,0.797,444.15,290.89,0.344,64.55,18.01,99.0,Classic,0.0,0.0,0.0,0.0,0.0,0.0,none,0.0,0.0,0.0,0.0,0.0,1.7,0.215,0.0,0.0,2.5,481.8,0.0,3,-39.35,4826.0,0.1091,-0.000113,-79310.0,0.0,0.0,0.0,0.0,0.0,1,solute,0.0,0.0,0.0,0.0,0.0,0.0,0.0,-0.384,0.00525,-6.37e-06,207.0,6000.0,1000.0,0.00611,273.0,273.0,-132510.0,113.4,0.0,0.0,0.0,0.0,0.0,0.0,0.0,0.0,0.0,0.0,52100000.0,0.32,-0.212,0.258,0.0,0.797,0.0,0.0,0.0,0.0,0.0,0.0,0.0,0.0,0.0,0,0,0.0,0.0,0.0,0.0,0.0,0.0,0.0,0.0,0.0,0.0,0.0,1,0.0,0.0,0.0,0.0,0.0,0.0,0.0,0.0,0.0,0.0,0.0,0.0,0.0,no,0.0,0.0,0.0,0.0,0.0,2.5,481.8,0.0,1.0,0,0.0,0.0,0.0,0.0,0.0,0.0,0.0,0.0,0.0,0.0,0.0,0.0,0.0,0.0,0.0,0.0,0.0,0.0,0.0,0.0,0.0,207.0,12.0,6.0,0,0,0,0,0,0,0,0,0,0,0,0,0,0,0,0,0.0,0.0,QGZKDVFQNNGYKY-UHFFFAOYSA-O
28,Br-,24959-67-9,ion,28,Br,79.9,0.797,444.15,290.89,0.344,64.55,79.9,99.0,Classic,0.0,0.0,0.0,0.0,0.0,0.0,none,0.0,0.0,0.0,0.0,0.0,1.7,0.215,0.0,0.0,3.9,481.8,0.0,3,-39.35,4826.0,0.1091,-0.000113,-103960.0,0.0,0.0,0.0,0.0,0.0,-1,solute,0.0,0.0,0.0,0.0,0.0,0.0,0.0,-0.384,0.00525,-6.37e-06,207.0,6000.0,1000.0,0.00611,273.0,273.0,-121550.0,82.4,0.0,0.0,0.0,0.0,0.0,0.0,0.0,0.0,0.0,0.0,52100000.0,0.32,-0.212,0.258,0.0,0.797,0.0,0.0,0.0,0.0,0.0,0.0,0.0,0.0,0.0,0,0,0.0,0.0,0.0,0.0,0.0,0.0,0.0,0.0,0.0,0.0,0.0,1,0.0,0.0,0.0,0.0,0.0,0.0,0.0,0.0,0.0,0.0,0.0,0.0,0.0,no,0.0,0.0,0.0,0.0,0.0,3.9,481.8,0.0,1.0,0,0.0,0.0,0.0,0.0,0.0,0.0,0.0,0.0,0.0,0.0,0.0,0.0,0.0,0.0,0.0,0.0,0.0,0.0,0.0,0.0,0.0,207.0,12.0,6.0,0,0,0,0,0,0,0,0,0,0,0,0,0,0,0,0,0.0,0.0,CPELXLSAUQHCOX-UHFFFAOYSA-M
29,n-pentane,109-66-0,HC,29,nC5,72.15,0.6262,196.55,33.7,0.2515,36.05,72.151,304.0,Classic,39036.6,62.803956,-0.003059552,0.000984876,-1.242e-06,4.7830442e-10,pow10,4.879699,1390.4583,275.6303,0.0,0.0,0.0,0.0,0.0,0.0,5.784,341.1,0.0,2,-7.811,3140.0,0.0,0.0,-8370.0,-19.2905,29814.5,-0.019678,0.013189,0.031144,0,solute,0.0,0.0,0.0,0.0,0.0789,-1.34,0.043,0.23098,-0.0003898862,-4.037012e-08,233.9,8401.5,1000.0,6.86e-07,143.42,143.42,-146440.0,348.9,0.0,0.0,0.0,0.0,0.0,0.0,0.0,0.0,0.0,0.0,52100000.0,0.32,-0.212,0.258,0.0,0.999,0.903861134,-0.358553152,0.663885221,0.0,0.0,0.0,0.319903,0.847895,2.10201,0,0,0.0,0.0,0.0,0.0,181980.0,9.1008,0.79858,0.0,0.0,0.0,0.0,1,0.0,0.0,0.0,42000.0,2.5865e-05,0.0,0.0,0.0,0.0,0.0,0.0,0.0,0.0,no,2.6896,3.7729,231.2,0.0,0.0,5.784,341.1,0.0,1.0,0,0.0,0.0,0.0,0.0,0.0,0.0,0.0,0.0,0.0,0.0,0.0,0.0,0.0,0.0,0.0,0.0,0.0,0.0,0.75063,-0.10734,0.38707,233.9,15.847,6,1.9606,4.3331,321.94,0,0,0,0,0,0,0,0,0,0,0,0,0,0.0,0.0,OFBQJSOFQDEBGM-UHFFFAOYSA-N
30,n-hexane,110-54-3,HC,30,C6H14,86.177,0.664,234.45,30.25,0.3013,68.75,86.178,370.0,Classic,48795.1,73.420934,-0.001380124,0.001189068,-1.522e-06,5.9228936e-10,pow10,4.914074,1451.3496,238.6427,1000.0,0.0,0.0,0.0,0.0,0.0,5.949,399.3,0.0,2,-7.811,3140.0,0.0,0.0,150.0,-19.2905,29814.5,-0.019678,0.013189,0.031144,0,solute,0.0,0.0,0.0,0.0,0.0789,-1.34,0.043,0.224216,-0.0003495934,-4.962769e-09,271.0,13080.0,1000.0,1.1707e-05,177.83,177.83,-167190.0,388.8,0.0,0.0,0.0,0.0,0.0,0.0,0.0,0.0,0.0,0.0,52100000.0,0.32,-0.212,0.258,0.0,0.999,1.1061,-1.4411,2.9173,0.0,0.0,0.0,0.175874,0.865924,3.53648,0,0,0.0,0.0,0.0,0.0,236810.0,10.789,0.8313,0.0,0.0,0.0,0.0,1,0.0,0.0,0.0,0.0,2.5784e-05,0.0,0.0,0.0,0.0,0.0,0.0,0.0,0.0,no,3.0576,3.7983,236.77,0.0,0.0,5.949,399.3,0.0,1.0,1,0.0,0.0,0.0,0.0,0.0,0.0,0.0,0.0,0.0,0.0,0.0,0.0,0.0,0.0,0.0,0.0,0.0,0.0,0.8347,-0.31803,1.02085,271.0,17.203,6,2.1097,4.423,354.38,0,0,0.8147,-0.012,0.2446,0.3079,-0.5865,0,0,0,0,0,0,0.0,0.0,VLKZOEOYAKHREP-UHFFFAOYSA-N
31,benzene,71-43-2,HC,31,C6H6,78.114,0.886,289.01,48.98,0.2108,80.15,78.114,259.0,Classic,43185.0,29.523014,-0.051413776,0.001194306,-1.646e-06,6.8457476e-10,pow10,4.845539,1441.3177,224.2937,0.0,0.0,0.0,0.076,0.0,0.0,2.52,809.1,0.0,3,-24.71,4210.0,0.0453,-3.38e-05,129700.0,-19.2905,29814.5,-0.019678,0.000132,-3.11e-07,0,solvent,0.0,0.0,0.0,0.0,0.0789,-1.16,0.0,0.195233,-5.591661e-05,-3.584689e-07,205.9,9200.0,1000.0,0.04837907,278.5,278.5,82930.0,269.3,0.0,0.0,0.0,0.0,0.0,0.0,0.0,0.0,0.0,0.0,52100000.0,0.32,-0.212,0.258,0.0,0.999,0.8356,-0.375,0.9715,0.0,0.0,0.0,0.0,0.0,0.0,1,1A,0.0,0.0,0.11347,0.0,178760.0,7.499,0.7576,0.0,0.0,0.0,0.0,1,0.0,0.0,0.0,45000.0,0.0,0.0,0.0,0.0,0.0,0.0,0.0,0.0002628,5951.0,no,2.4653,3.6478,287.35,0.0,0.0,2.52,809.1,0.0,1.0,0,0.0,0.0,0.0,0.0,0.0,0.0,0.0,0.0,0.0,0.0,0.0,0.0,0.0,0.0,0.0,0.0,0.0,0.0,0.68309,-0.10519,0.66711,205.9,12.0,6.0,0,0,0,0,0,0.6906,-0.0317,0.3342,0.1739,-0.1528,0,0,0,0,0,0,0.0,0.0,UHOVQNZJYSORNB-UHFFFAOYSA-N
32,toluene,108-88-3,HC,32,C7H8,92.141,0.871,318.64,41.086,0.2641,110.65,92.141,316.0,Classic,52943.5,32.141924,0.029581212,0.001110417,-1.551e-06,6.393466e-10,pow10,4.954442,1646.5560,230.9279,0.0,0.0,0.36,0.076,0.0,0.0,2.52,809.1,0.0,3,-24.71,4210.0,0.0453,-3.38e-05,122000.0,-19.2905,29814.5,-0.019678,0.000132,-3.11e-07,0,solvent,0.0,0.0,0.0,0.0,0.0789,-1.16,0.0,0.188071,-0.0001113571,-2.042857e-07,207.0,6000.0,1000.0,0.00611,273.0,273.0,50170.0,320.7,0.0,0.0,0.0,0.0,0.0,0.0,0.0,0.0,0.0,0.0,52100000.0,0.32,-0.212,0.258,0.0,0.999,0.9469,-0.5896,1.2132,0.0,0.0,0.0,0.0,0.0,0.0,1,1A,0.0,0.0,0.1251,0.0,233750.0,9.214,0.8037,0.0,0.0,0.0,0.0,1,0.0,0.0,0.0,0.0,0.0,0.0,0.0,0.0,0.0,0.0,0.0,0.0,0.0,no,2.8149,3.7169,285.69,0.0,0.0,2.52,809.1,0.0,1.0,0,0.0,0.0,0.0,0.0,0.0,0.0,0.0,0.0,0.0,0.0,0.0,0.0,0.0,0.0,0.0,0.0,0.0,0.0,0.76465,-0.09737,0.42565,207.0,12.0,6.0,0,0,0,0,0,0.7754,-0.1438,0.4992,-0.0764,-0.0118,0,0,0,0,0,0,0.0,0.0,YXFVVABEGXRONW-UHFFFAOYSA-N
33,n-heptane,142-82-5,HC,33,C7H16,100.205,0.69,267.05,27.4,0.3495,98.45,100.205,432.0,Classic,58553.6,80.097076,0.034552984,0.001288171,-1.668e-06,6.459978e-10,pow10,5.040191,1678.1823,251.9537,0.0,0.0,0.0,0.076,0.0,0.0,2.52,809.1,0.0,3,-24.71,4210.0,0.0453,-3.38e-05,8200.0,2.0,0.0,0.0,0.0,0.0,0,solvent,0.0,0.0,0.0,0.0,0.0789,-1.16,0.0,0.19304,-0.0001805914,-1.767405e-07,311.0,14100.0,1000.0,0.00611,182.57,182.57,-187800.0,189.0,0.0,0.0,0.0,0.0,0.0,0.0,0.0,0.0,0.0,0.0,52100000.0,0.32,-0.212,0.258,0.0,0.999,1.1605,-1.2606,2.5517,0.0,0.0,0.0,0.423359,0.83515,1.98292,0,0,0.0,0.0,0.0,0.0,291780.0,12.535,0.9137,0.0,0.0,0.0,0.0,1,0.0,0.0,0.0,0.0,0.0,0.0,0.0,0.0,0.0,0.0,0.0,0.0,0.0,no,3.4831,3.8049,238.4,0.0,0.0,2.52,809.1,0.0,1.0,1,0.0,0.0,0.0,0.0,0.0,0.0,0.0,0.0,0.0,0.0,0.0,0.0,0.0,0.0,0.0,0.0,0.0,0.0,0.86479,0.07156,0.06692,311.0,18.324,6,2.3949,4.3175,358.51,0,0,0.8727,-0.0172,0.2375,0.5625,-0.765,0,0,0,0,0,0,0.0,0.0,IMNFDUFMRHMDMM-UHFFFAOYSA-N
34,n-octane,111-65-9,HC,34,C8H18,114.232,0.708,295.55,24.9,0.3996,125.65,114.232,492.0,Classic,68312.1,89.990736,0.041428662,0.001475818,-1.923e-06,7.465972e-10,pow10,5.247768,1942.5112,264.9284,0.0,0.0,0.0,0.076,0.0,0.0,2.52,809.1,0.0,3,-24.71,4210.0,0.0453,-3.38e-05,16260.0,-19.2905,29814.5,-0.019678,0.000132,-3.11e-07,0,solvent,0.0,0.0,0.0,0.0,0.0789,-1.16,0.0,0.192717,-0.0001676486,-1.878942e-07,351.0,6000.0,1000.0,0.00611,216.37,216.37,-208450.0,189.0,0.0,0.0,0.0,0.0,0.0,0.0,0.0,0.0,0.0,0.0,52100000.0,0.32,-0.212,0.258,0.0,0.999,0.9975,0.5804,-1.2075,0.0,0.0,0.0,0.367046,0.833616,2.36585,0,0,0.0,0.0,0.0,0.0,348750.0,14.244,0.99415,0.0,0.0,0.0,0.0,1,0.0,0.0,0.0,0.0,0.0,0.0,0.0,0.0,0.0,0.0,0.0,0.0,0.0,no,3.8176,3.8373,242.78,0.0,0.0,2.52,809.1,0.0,1.0,0,0.0,0.0,0.0,0.0,0.0,0.0,0.0,0.0,0.0,0.0,0.0,0.0,0.0,0.0,0.0,0.0,0.0,0.0,0.96331,-0.2563,0.8864,351.0,19.264,6,2.6253,4.2986,369.18,0,0,0.9377,0.0117,0.0489,0.9456,-0.8964,0,0,0,0,0,0,0.0,0.0,TVMXDCGIABBOFY-UHFFFAOYSA-N
35,nC10,124-18-5,HC,35,C10H22,142.285,0.734,344.55,21.1,0.4923,174.15,142.285,603.0,Classic,87828.4,111.964638,0.034411646,0.001922778,-2.533e-06,9.951858e-10,pow10,5.555286,2410.4692,281.2561,0.0,0.0,0.0,0.076,0.0,0.0,2.52,809.1,0.0,3,-24.71,4210.0,0.0453,-3.38e-05,33400.0,-19.2905,29814.5,-0.019678,0.000132,-3.11e-07,0,solvent,0.0,0.0,0.0,0.0,0.0789,-1.16,0.0,0.187,-0.0001368095,-1.466667e-07,431.0,9300.0,1000.0,0.00611,243.45,243.45,-249700.0,189.0,0.0,0.0,0.0,0.0,0.0,0.0,0.0,0.0,0.0,0.0,52100000.0,0.32,-0.212,0.258,0.0,0.999,1.1406,0.5867,-1.361,0.0,0.0,0.0,0.0,0.0,0.0,0,0,0.0,0.0,0.0,0.0,473890.0,17.865,1.13243,0.0,0.0,0.0,0.0,1,0.0,0.0,0.0,0.0,0.0,0.0,0.0,0.0,0.0,0.0,0.0,0.0,0.0,no,4.6627,3.8384,243.87,0.0,0.0,2.52,809.1,0.0,1.0,0,0.0,0.0,0.0,0.0,0.0,0.0,0.0,0.0,0.0,0.0,0.0,0.0,0.0,0.0,0.0,0.0,0.0,0.0,1.06818,-0.07245,0.43641,431.0,12.0,6.0,0,0,0,0,0,1.0678,-0.034,0.0702,1.2554,-1.4104,0,0,0,0,0,0,0.0,0.0,DIOQZVSQGTUSAI-UHFFFAOYSA-N
36,n-nonane,111-84-2,HC,36,C9H20,128.258,0.722,322.5,23.056,0.4377,150.85,128.258,548.0,Classic,78069.9,101.031728,0.03803655,0.001697386,-2.226e-06,8.700601e-10,pow10,5.489554,2264.4889,282.0651,0.0,0.0,0.0,0.076,0.0,0.0,2.52,809.1,0.0,3,-24.71,4210.0,0.0453,-3.38e-05,24940.0,-19.2905,29814.5,-0.019678,0.000132,-3.11e-07,0,solvent,0.0,0.0,0.0,0.0,0.0789,-1.16,0.0,0.181417,-0.0001064567,-2.042221e-07,391.0,6000.0,1000.0,0.00611,219.6,219.6,-228300.0,189.0,0.0,0.0,0.0,0.0,0.0,0.0,0.0,0.0,0.0,0.0,52100000.0,0.32,-0.212,0.258,0.0,0.999,0.0,0.0,0.0,0.0,0.0,0.0,0.0,0.0,0.0,0,0,0.0,0.0,0.0,0.0,412506.1,16.035,1.04628,0.0,0.0,0.0,0.0,1,0.0,0.0,0.0,0.0,2.5792e-05,0.0,0.0,0.0,0.0,0.0,0.0,0.0,0.0,no,4.2079,3.8448,244.51,0.0,0.0,2.52,809.1,0.0,1.0,0,0.0,0.0,0.0,0.0,0.0,0.0,0.0,0.0,0.0,0.0,0.0,0.0,0.0,0.0,0.0,0.0,0.0,0.0,1.04122,-0.22919,0.64752,391.0,20.029,6,2.8099,4.323,387.55,0,0,0,0,0,0,0,0,0,0,0,0,0,0.0,0.0,BKIMMITUMNQMOS-UHFFFAOYSA-N
37,hydrogen,1333-74-0,HC,37,hydrogen,2.016,0.0,-239.95,12.97,-0.22,-252.75,2.016,65.0,Classic,-9755.849721806,23.969262,0.030603834,-6.4184e-05,5.7e-08,-1.770882e-11,none,0.0,0.0,0.0,0.0,0.0,0.0,0.076,0.0,0.0,2.52,809.1,0.0,3,-24.71,4210.0,0.0453,-3.38e-05,0.0,-19.2905,29814.5,-0.019678,0.000132,-3.11e-07,0,solvent,0.0,0.0,0.0,0.0,0.0789,-1.16,0.0,0.04891,0.006480069,-0.000194626,207.0,6000.0,1000.0,0.07041,13.8033,13.99,0.0,130.7,0.0,0.0,0.0,0.0,0.0,0.0,0.0,0.0,0.0,0.0,52100000.0,0.32,-0.212,0.258,0.0,0.999,0.0,0.0,0.0,0.0,0.0,0.0,0.0,0.0,0.0,0,0,0.0,0.0,0.0,0.0,0.0,0.0,0.0,0.0,0.0,0.0,0.0,1,0.0,0.0,0.0,0.0,0.0,0.0,0.0,0.0,0.0,0.0,0.0,0.0,0.0,no,0.8285,2.973,12.53,0.0,0.0,2.52,809.1,0.0,1.0,0,0.0,0.0,0.0,0.0,0.0,0.0,0.0,0.0,0.0,0.0,0.0,0.0,0.0,0.0,0.0,0.0,0.0,0.0,0.0,0.0,0.0,207.0,12.0,6.0,0,0,0,0,0,0,0,0,0,0,0,0,0,0,0,0,0.0,0.0,UFHFLCQGNIYNRP-UHFFFAOYSA-N
38,argon,7440-37-1,HC,38,argon,39.948,0.0,-122.35,48.74,-0.004,-185.85,39.948,74.9,Classic,16633.2,20.785,0.0,0.0,0.0,0.0,none,0.0,0.0,0.0,0.0,0.0,0.0,0.076,0.0,0.0,2.52,809.1,0.0,3,-24.71,4210.0,0.0453,-3.38e-05,0.0,-19.2905,29814.5,-0.019678,0.000132,-3.11e-07,0,solvent,0.0,0.0,0.0,0.0,0.0789,-1.16,0.0,0.111405,0.001141637,-1.146803e-05,207.0,6000.0,1000.0,0.6895,83.8,83.8,0.0,154.8,0.0,0.0,0.0,0.0,0.0,0.0,0.0,0.0,0.0,0.0,52100000.0,0.32,-0.212,0.258,0.0,0.999,0.0,0.0,0.0,0.0,0.0,0.0,0.0,0.0,0.0,0,0,0.0,0.0,0.0,0.0,0.0,0.0,0.0,0.0,0.0,0.0,0.0,1,0.0,0.0,0.0,0.0,0.0,0.0,0.0,0.0,0.0,0.0,0.0,0.0,0.0,no,0.9285,3.4784,122.23,0.0,0.0,2.52,809.1,0.0,1.0,0,0.0,0.0,0.0,0.0,0.0,0.0,0.0,0.0,0.0,0.0,0.0,0.0,0.0,0.0,0.0,0.0,0.0,0.0,0.0,0.0,0.0,207.0,12.0,6.0,0,0,0,0,0,0,0,0,0,0,0,0,0,0,0,0,0.0,0.0,XKRFYHLGVUSROY-UHFFFAOYSA-N
39,i-butane,75-28-5,HC,39,C4H10,58.123,0.0,134.99,36.48,0.177,-11.75,58.124,263.0,Classic,29278.1,27.860214,0.148679262,0.000455357,-6.73e-07,2.6962302e-10,pow10,4.988855,1338.4172,280.4026,0.0,0.0,0.132,0.076,0.0,0.0,3.08101622,225.150443898,0.870818654,3,-24.71,4210.0,0.0453,-3.38e-05,-20880.0,-19.2905,29814.5,-0.019678,0.000132,-3.11e-07,0,solvent,0.0,0.0,0.0,0.0,0.0789,-1.16,0.0,0.220468,-0.0003420855,-3.42979e-07,181.5,6000.0,1000.0,1.4e-07,113.54,273.0,-134180.0,295.0,0.0,0.0,0.0,0.0,0.0,0.0,0.0,0.0,0.0,0.0,52100000.0,0.32,-0.212,0.258,0.0,0.999,0.78038836,-0.273389543,0.659787119,0.0,0.0,0.0,0.21797128,0.848891073,2.284036968,0,0,0.0,0.0,0.0,0.0,129094.0,7.47,0.7021,0.0,0.0,0.0,0.0,1,0.0,0.0,0.0,24540.0,2.7115e-05,0.0,0.0,0.08189,4013.0,0.0,0.0,0.08189,4013.0,yes,2.2616,3.7574,216.53,0.0,0.0,3.08101622,225.150443898,0.870818654,1.0,0,4000.0,0.0,0.0,0.0,0.0,0.0,0.0,0.08164,0.0,0.0,0.0,0.0,0.0,0.0,0.0,0.0,0.0,0.0,0.65617,-0.1387,0.50392,181.5,12.0,6.0,0,0,0,0,0,0.6585,0.0209,0.1983,-0.087,-0.2393,0,0,0,0,0,0,0.0,0.0,NNPPMTNAJDCUHE-UHFFFAOYSA-N
40,c-propane,75-19-4,HC,40,C3H6,42.081,0.0,124.65,54.92,0.264,-32.75,42.081,170.0,Classic,18117.1,37.354802,-0.150458458,0.001059536,-1.334e-06,5.3425764e-10,none,0.0,0.0,0.0,0.0,0.0,0.0,0.076,0.0,0.0,2.52,809.1,0.0,3,-24.71,4210.0,0.0453,-3.38e-05,-229000.0,-19.2905,29814.5,-0.019678,0.000132,-3.11e-07,0,solvent,0.0,0.0,0.0,0.0,0.0789,-1.16,0.0,0.227571,-0.0003771429,-2.857143e-07,132.5,6000.0,1000.0,0.00611,273.0,273.0,-242000.0,189.0,0.0,0.0,0.0,0.0,0.0,0.0,0.0,0.0,0.0,0.0,52100000.0,0.32,-0.212,0.258,0.0,0.999,0.0,0.0,0.0,0.0,0.0,0.0,0.0,0.0,0.0,0,0,0.0,0.0,0.0,0.0,0.0,0.0,0.0,0.0,0.0,0.0,0.0,1,0.0,0.0,0.0,0.0,0.0,0.0,0.0,0.0,0.0,0.0,0.0,0.0,0.0,no,0.0,0.0,0.0,0.0,0.0,2.52,809.1,0.0,1.0,0,0.0,0.0,0.0,0.0,0.0,0.0,0.0,0.0,0.0,0.0,0.0,0.0,0.0,0.0,0.0,0.0,0.0,0.0,0.0,0.0,0.0,132.5,12.0,6.0,0,0,0,0,0,0,0,0,0,0,0,0,0,0,0,0,0.0,0.0,LVZWSLJZHVFIQJ-UHFFFAOYSA-N
41,Cs+,0-0-0-0,ion,41,Cs+,32.042,0.797,444.15,290.89,0.344,64.55,32.042,99.0,Classic,0.0,0.0,0.0,0.0,0.0,0.0,none,0.0,0.0,0.0,0.0,0.0,1.7,0.215,0.0,0.0,2.38,481.8,0.0,3,-39.35,4826.0,0.1091,-0.000113,-292020.0,0.0,0.0,0.0,0.0,0.0,1,solute,0.0,0.0,0.0,0.0,0.0,0.0,0.0,-0.384,0.00525,-6.37e-06,207.0,6000.0,1000.0,0.00611,273.0,273.0,-258280.0,133.1,0.0,0.0,0.0,0.0,0.0,0.0,0.0,0.0,0.0,0.0,52100000.0,0.32,-0.212,0.258,0.0,0.797,0.0,0.0,0.0,0.0,0.0,0.0,0.0,0.0,0.0,0,0,0.0,0.0,0.0,0.0,0.0,0.0,0.0,0.0,0.0,0.0,0.0,1,0.0,0.0,0.0,0.0,0.0,0.0,0.0,0.0,0.0,0.0,0.0,0.0,0.0,no,0.0,0.0,0.0,0.0,0.0,2.38,481.8,0.0,1.0,0,0.0,0.0,0.0,0.0,0.0,0.0,0.0,0.0,0.0,0.0,0.0,0.0,0.0,0.0,0.0,0.0,0.0,0.0,0.0,0.0,0.0,207.0,12.0,6.0,0,0,0,0,0,0,0,0,0,0,0,0,0,0,0,0,0.0,0.0,NCMHKCKGHRPLCM-UHFFFAOYSA-N
42,Rb+,0-0-0-0,ion,42,Rb+,32.042,0.797,444.15,290.89,0.344,64.55,32.042,99.0,Classic,0.0,0.0,0.0,0.0,0.0,0.0,none,0.0,0.0,0.0,0.0,0.0,1.7,0.215,0.0,0.0,2.36,481.8,0.0,3,-39.35,4826.0,0.1091,-0.000113,-283980.0,0.0,0.0,0.0,0.0,0.0,1,solute,0.0,0.0,0.0,0.0,0.0,0.0,0.0,-0.384,0.00525,-6.37e-06,207.0,6000.0,1000.0,0.00611,273.0,273.0,-251170.0,121.5,0.0,0.0,0.0,0.0,0.0,0.0,0.0,0.0,0.0,0.0,52100000.0,0.32,-0.212,0.258,0.0,0.797,0.0,0.0,0.0,0.0,0.0,0.0,0.0,0.0,0.0,0,0,0.0,0.0,0.0,0.0,0.0,0.0,0.0,0.0,0.0,0.0,0.0,1,0.0,0.0,0.0,0.0,0.0,0.0,0.0,0.0,0.0,0.0,0.0,0.0,0.0,no,0.0,0.0,0.0,0.0,0.0,2.36,481.8,0.0,1.0,0,0.0,0.0,0.0,0.0,0.0,0.0,0.0,0.0,0.0,0.0,0.0,0.0,0.0,0.0,0.0,0.0,0.0,0.0,0.0,0.0,0.0,207.0,12.0,6.0,0,0,0,0,0,0,0,0,0,0,0,0,0,0,0,0,0.0,0.0,NCCSSGKUIKYAJD-UHFFFAOYSA-N
43,ice,7732-18-5,ice,43,H2O,18.015,0.999,374.15,220.89,0.344,100.0,18.015,56.0,Classic,0.0,0.0,0.0,0.0,0.0,0.0,none,0.0,0.0,0.0,0.0,0.0,1.85,0.076,0.0,0.0,2.52,809.1,0.0,3,-57.71,7647.0,0.1442,-0.0001357,-229000.0,-19.2905,29814.5,-0.019678,0.000132,-3.11e-07,0,solvent,0.0,0.0,0.0,0.0,0.08292841,-1.243257568,-0.253919105,-0.384,0.00525,-6.37e-06,207.0,2700.0,1000.0,0.00611,273.0,273.0,-242000.0,189.0,0.0,0.0,0.0,0.0,0.0,0.0,0.0,0.0,0.0,0.0,52100000.0,0.32,-0.212,0.258,0.0,0.999,1.09,-0.638,0.635,0.0,0.0,0.0,0.0,0.0,0.0,4,0,0.0,0.0,0.070118289,16201.0,11253.99427,1.629710202,1.170113583,13855.59696,1.456360879,0.664155324,0.046473789,1,17.38710706,-6141.762746,0.0,0.0,0.0,0.0,0.0,0.0,0.0,0.0,0.0,0.0,0.0,no,0.0,0.0,0.0,0.0,0.0,2.52,809.1,0.0,1.0,0,0.0,0.0,0.0,0.0,0.0,0.0,0.0,0.0,0.0,0.0,0.0,0.0,0.0,0.0,0.0,0.0,0.0,0.0,0.0,0.0,0.0,207.0,12.0,6.0,0,0,0,0,0,0,0,0,0,0,0,0,0,0,0,0,0.0,0.0,XLYOFNOQVPJJNP-UHFFFAOYSA-N
44,nC11,1120-21-4,HC,44,C11H24,156.3,0.7432,365.85,19.5,0.5303,195.95,156.3,660.0,Classic,97578.5,-8.39,1.053,-0.0005799,1.23e-07,0.0,none,0.0,0.0,0.0,0.0,0.0,0.0,0.076,0.0,0.0,2.52,809.1,0.0,3,-24.71,4210.0,0.0453,-3.38e-05,-229000.0,-19.2905,29814.5,-0.019678,0.000132,-3.11e-07,0,solvent,0.0,0.0,0.0,0.0,0.0789,-1.16,0.0,0.176872,-5.963953e-05,-2.498852e-07,471.0,22180.0,6860.0,0.00611,247.58,247.58,-242000.0,189.0,0.0,0.0,0.0,0.0,0.0,0.0,0.0,0.0,0.0,0.0,52100000.0,0.32,-0.212,0.258,0.0,0.999,1.1559,-0.30621,0.94119,0.0,0.0,0.0,0.0,0.0,0.0,0,0,0.0,0.0,0.0,0.0,552201.0,19.7909,1.1437,0.0,0.0,0.0,0.0,1,0.0,0.0,0.0,0.0,0.0,0.0,0.0,0.0,0.0,0.0,0.0,0.0,0.0,no,4.9082,3.8893,248.82,0.0,0.0,2.52,809.1,0.0,1.0,1,0.0,0.0,0.0,0.0,0.0,0.0,0.0,0.0,0.0,0.0,0.0,0.0,0.0,0.0,0.0,0.0,0.0,0.0,1.1559,-0.30621,0.94119,471.0,12.0,6.0,0,0,0,0,0,0,0,0,0,0,0,0,0,0,0,0,0.0,0.0,RSJKGSCJYJTIGS-UHFFFAOYSA-N
45,nC12,112-40-3,HC,45,C12H26,170.3,0.7513,384.85,18.2,0.5764,216.35,170.3,713.00002079,Classic,107318.2,143.241906,-0.060209988,0.002653995,-3.518e-06,1e-09,none,0.0,0.0,0.0,0.0,0.0,0.0,0.076,0.0,0.0,2.52,809.1,0.0,3,-24.71,4210.0,0.0453,-3.38e-05,-229000.0,-19.2905,29814.5,-0.019678,0.000132,-3.11e-07,0,solvent,0.0,0.0,0.0,0.0,0.0789,-1.16,0.0,0.181272,-7.830659e-05,-2.168132e-07,511.0,36820.0,1000.0,0.00611,263.57,263.57,-242000.0,189.0,0.0,0.0,0.0,0.0,0.0,0.0,0.0,0.0,0.0,0.0,52100000.0,0.32,-0.212,0.258,0.0,0.999,1.20587,-0.32361,1.07634,0.0,0.0,0.0,0.0,0.0,0.0,0,0,0.0,0.0,0.0,0.0,624030.0,21.624,1.19531,0.0,0.0,0.0,0.0,1,0.0,0.0,0.0,0.0,0.0,0.0,0.0,0.0,0.0,0.0,0.0,0.0,0.0,no,5.306,3.8959,249.21,0.0,0.0,2.52,809.1,0.0,1.0,1,0.0,0.0,0.0,0.0,0.0,0.0,0.0,0.0,0.0,0.0,0.0,0.0,0.0,0.0,0.0,0.0,0.0,0.0,1.20587,-0.32361,1.07634,511.0,12.0,6.0,0,0,0,0,0,0,0,0,0,0,0,0,0,0,0,0,0.0,0.0,SNRUBQQJIBEYMU-UHFFFAOYSA-N
46,nC13,629-50-5,HC,46,C13H28,184.4,0.758,401.85,16.8,0.6174,235.45,184.4,780.0,Classic,117127.5,154.191444,-0.063485704,0.002876976,-3.822e-06,1e-09,none,0.0,0.0,0.0,0.0,0.0,0.0,0.076,0.0,0.0,2.52,809.1,0.0,3,-24.71,4210.0,0.0453,-3.38e-05,-229000.0,-19.2905,29814.5,-0.019678,0.000132,-3.11e-07,0,solvent,0.0,0.0,0.0,0.0,0.0789,-1.16,0.0,0.182797,-8.373462e-05,-1.995788e-07,554.3,28501.0,1000.0,0.00611,267.79,267.79,-242000.0,189.0,0.0,0.0,0.0,0.0,0.0,0.0,0.0,0.0,0.0,0.0,52100000.0,0.32,-0.212,0.258,0.0,0.999,1.29116,-0.53347,1.48318,0.0,0.0,0.0,0.0,0.0,0.0,0,0,0.0,0.0,0.0,0.0,766180.0,25.053,1.29057,0.0,0.0,0.0,0.0,1,0.0,0.0,0.0,0.0,0.0,0.0,0.0,0.0,0.0,0.0,0.0,0.0,0.0,no,5.6877,3.9143,249.78,0.0,0.0,2.52,809.1,0.0,1.0,1,0.0,0.0,0.0,0.0,0.0,0.0,0.0,0.0,0.0,0.0,0.0,0.0,0.0,0.0,0.0,0.0,0.0,0.0,1.29116,-0.53347,1.48318,554.3,12.0,6.0,0,0,0,0,0,0,0,0,0,0,0,0,0,0,0,0,0.0,0.0,IIYFAKIEWZDVMP-UHFFFAOYSA-N
47,nC14,629-59-4,HC,47,C14H30,198.4,0.7639,419.85,15.7,0.643,253.55,198.4,830.0,Classic,126867.2,152.76975,0.05474769,0.002686003,-3.547e-06,1e-09,none,0.0,0.0,0.0,0.0,0.0,0.0,0.076,0.0,0.0,2.52,809.1,0.0,3,-24.71,4210.0,0.0453,-3.38e-05,-229000.0,-19.2905,29814.5,-0.019678,0.000132,-3.11e-07,0,solvent,0.0,0.0,0.0,0.0,0.0789,-1.16,0.0,0.184492,-9.087522e-05,-1.797145e-07,594.6,45070.0,1000.0,0.00611,279.02,279.02,-242000.0,189.0,0.0,0.0,0.0,0.0,0.0,0.0,0.0,0.0,0.0,0.0,52100000.0,0.32,-0.212,0.258,0.0,0.999,1.29426,0.02029,0.10428,0.0,0.0,0.0,0.0,0.0,0.0,0,0,0.0,0.0,0.0,0.0,0.0,0.0,0.0,0.0,0.0,0.0,0.0,1,0.0,0.0,0.0,0.0,0.0,0.0,0.0,0.0,0.0,0.0,0.0,0.0,0.0,no,5.9002,3.9396,254.21,0.0,0.0,2.52,809.1,0.0,1.0,1,0.0,0.0,0.0,0.0,0.0,0.0,0.0,0.0,0.0,0.0,0.0,0.0,0.0,0.0,0.0,0.0,0.0,0.0,1.29426,0.02029,0.10428,594.6,12.0,6.0,0,0,0,0,0,0,0,0,0,0,0,0,0,0,0,0,0.0,0.0,BGHCVCJVXZWKCC-UHFFFAOYSA-N
48,nC15,629-62-9,HC,48,C15H32,212.4,0.7691,434.85,14.8,0.6863,270.65,212.4,880.0,Classic,136606.9,176.09052,-0.070037136,0.003323022,-4.43e-06,1e-09,none,0.0,0.0,0.0,0.0,0.0,0.0,0.076,0.0,0.0,2.52,809.1,0.0,3,-24.71,4210.0,0.0453,-3.38e-05,-229000.0,-19.2905,29814.5,-0.019678,0.000132,-3.11e-07,0,solvent,0.0,0.0,0.0,0.0,0.0789,-1.16,0.0,0.184811,-8.861881e-05,-1.779005e-07,556.3,6000.0,1000.0,0.00611,273.0,273.0,-242000.0,189.0,0.0,0.0,0.0,0.0,0.0,0.0,0.0,0.0,0.0,0.0,52100000.0,0.32,-0.212,0.258,0.0,0.999,1.41472,-0.6389,1.60314,0.0,0.0,0.0,0.0,0.0,0.0,0,0,0.0,0.0,0.0,0.0,0.0,0.0,0.0,0.0,0.0,0.0,0.0,1,0.0,0.0,0.0,0.0,0.0,0.0,0.0,0.0,0.0,0.0,0.0,0.0,0.0,no,6.2855,3.9531,254.14,0.0,0.0,2.52,809.1,0.0,1.0,1,0.0,0.0,0.0,0.0,0.0,0.0,0.0,0.0,0.0,0.0,0.0,0.0,0.0,0.0,0.0,0.0,0.0,0.0,1.41472,-0.6389,1.60314,556.3,12.0,6.0,0,0,0,0,0,0,0,0,0,0,0,0,0,0,0,0,0.0,0.0,YCOZIPAWZNQLMR-UHFFFAOYSA-N
49,nC16,544-76-3,HC,49,C16H34,226.4,0.7738,443.85,14.19,0.742,286.85,226.4,920.0,Classic,146346.6,330.456558,-1.713947728,0.009545635,-1.2932e-05,5e-09,none,0.0,0.0,0.0,0.0,0.0,0.0,0.076,0.0,0.0,2.52,809.1,0.0,3,-24.71,4210.0,0.0453,-3.38e-05,-229000.0,-19.2905,29814.5,-0.019678,0.000132,-3.11e-07,0,solvent,0.0,0.0,0.0,0.0,0.0789,-1.16,0.0,0.18367,-7.838009e-05,-1.877056e-07,675.2,47545.0,1000.0,0.00611,291.3,291.3,-242000.0,189.0,0.0,0.0,0.0,0.0,0.0,0.0,0.0,0.0,0.0,0.0,52100000.0,0.32,-0.212,0.258,0.0,0.999,1.43076,-0.45415,1.19557,0.0,0.0,0.0,0.0,0.0,0.0,0,0,0.0,0.0,0.0,0.0,0.0,0.0,0.0,0.0,0.0,0.0,0.0,1,0.0,0.0,0.0,0.0,0.0,0.0,0.0,0.0,0.0,0.0,0.0,0.0,0.0,no,6.6485,3.9552,254.7,0.0,0.0,2.52,809.1,0.0,1.0,1,0.0,0.0,0.0,0.0,0.0,0.0,0.0,0.0,0.0,0.0,0.0,0.0,0.0,0.0,0.0,0.0,0.0,0.0,0.0,0.0,0.0,675.2,12.0,6.0,0,0,0,0,0,0,0,0,0,0,0,0,0,0,0,0,0.0,0.0,DCAYPVUWAIABOU-UHFFFAOYSA-N
50,nC17,629-78-7,HC,50,C17H36,240.47,0.778,462.35,13.63,0.6572,302.05,240.5,1000.0,Classic,156155.9,197.981282,-0.07657194,0.003768985,-5.038e-06,2e-09,none,0.0,0.0,0.0,0.0,0.0,0.0,0.076,0.0,0.0,2.52,809.1,0.0,3,-24.71,4210.0,0.0453,-3.38e-05,-229000.0,-19.2905,29814.5,-0.019678,0.000132,-3.11e-07,0,solvent,0.0,0.0,0.0,0.0,0.0789,-1.16,0.0,0.184566,-8.357143e-05,-1.742857e-07,715.5,6000.0,1000.0,0.00611,273.0,273.0,-242000.0,189.0,0.0,0.0,0.0,0.0,0.0,0.0,0.0,0.0,0.0,0.0,52100000.0,0.32,-0.212,0.258,0.0,0.999,1.46392,-0.45071,1.65812,0.0,0.0,0.0,0.0,0.0,0.0,0,0,0.0,0.0,0.0,0.0,0.0,0.0,0.0,0.0,0.0,0.0,0.0,1,0.0,0.0,0.0,0.0,0.0,0.0,0.0,0.0,0.0,0.0,0.0,0.0,0.0,no,6.9809,3.9675,255.65,0.0,0.0,2.52,809.1,0.0,1.0,1,0.0,0.0,0.0,0.0,0.0,0.0,0.0,0.0,0.0,0.0,0.0,0.0,0.0,0.0,0.0,0.0,0.0,0.0,1.46392,-0.45071,1.65812,715.5,12.0,6.0,0,0,0,0,0,0,0,0,0,0,0,0,0,0,0,0,0.0,0.0,NDJKXXJCMXVBJW-UHFFFAOYSA-N
51,nC18,593-45-3,HC,51,C18H38,254.5,0.7819,473.85,12.7,0.811,316.35,254.5,1030.0,Classic,165895.6,208.93082,-0.079839342,0.003991967,-5.342e-06,2e-09,none,0.0,0.0,0.0,0.0,0.0,0.0,0.076,0.0,0.0,2.52,809.1,0.0,3,-24.71,4210.0,0.0453,-3.38e-05,-229000.0,-19.2905,29814.5,-0.019678,0.000132,-3.11e-07,0,solvent,0.0,0.0,0.0,0.0,0.0789,-1.16,0.0,0.184469,-8.165714e-05,-1.714286e-07,755.8,6000.0,1000.0,0.00611,273.0,273.0,-242000.0,189.0,0.0,0.0,0.0,0.0,0.0,0.0,0.0,0.0,0.0,0.0,52100000.0,0.32,-0.212,0.258,0.0,0.999,1.54389,-0.70593,1.69458,0.0,0.0,0.0,0.0,0.0,0.0,0,0,0.0,0.0,0.0,0.0,0.0,0.0,0.0,0.0,0.0,0.0,0.0,1,0.0,0.0,0.0,0.0,0.0,0.0,0.0,0.0,0.0,0.0,0.0,0.0,0.0,no,7.3271,3.9668,256.2,0.0,0.0,2.52,809.1,0.0,1.0,1,0.0,0.0,0.0,0.0,0.0,0.0,0.0,0.0,0.0,0.0,0.0,0.0,0.0,0.0,0.0,0.0,0.0,0.0,1.54389,-0.70593,1.69458,755.8,12.0,6.0,0,0,0,0,0,0,0,0,0,0,0,0,0,0,0,0,0.0,0.0,RZJRJXONCZWCBN-UHFFFAOYSA-N
52,nC19,629-92-5,HC,52,C19H40,268.5100,0.7854,486.95,12.47,0.7073,329.95,268.5,1085.0,Classic,175635.3,219.880358,-0.083123372,0.004214948,-5.646e-06,2e-09,none,0.0,0.0,0.0,0.0,0.0,0.0,0.076,0.0,0.0,2.52,809.1,0.0,3,-24.71,4210.0,0.0453,-3.38e-05,-229000.0,-19.2905,29814.5,-0.019678,0.000132,-3.11e-07,0,solvent,0.0,0.0,0.0,0.0,0.0789,-1.16,0.0,0.182803,-7.268571e-05,-1.771429e-07,796.1,6000.0,1000.0,0.00611,273.0,273.0,-242000.0,189.0,0.0,0.0,0.0,0.0,0.0,0.0,0.0,0.0,0.0,0.0,52100000.0,0.32,-0.212,0.258,0.0,0.999,1.4672,-0.0584,1.40634,0.0,0.0,0.0,0.0,0.0,0.0,0,0,0.0,0.0,0.0,0.0,0.0,0.0,0.0,0.0,0.0,0.0,0.0,1,0.0,0.0,0.0,0.0,0.0,0.0,0.0,0.0,0.0,0.0,0.0,0.0,0.0,no,7.7175,3.9721,256.0,0.0,0.0,2.52,809.1,0.0,1.0,1,0.0,0.0,0.0,0.0,0.0,0.0,0.0,0.0,0.0,0.0,0.0,0.0,0.0,0.0,0.0,0.0,0.0,0.0,1.4672,-0.0584,1.40634,796.1,12.0,6.0,0,0,0,0,0,0,0,0,0,0,0,0,0,0,0,0,0.0,0.0,LQERIDTXQFOHKA-UHFFFAOYSA-N
53,nC20,112-95-8,HC,53,C20H42,282.5400,0.7881,493.85,11.15,0.907,343.85,282.6,1140.0,Classic,185444.6,230.829896,-0.086374146,0.00443793,-5.95e-06,2e-09,none,0.0,0.0,0.0,0.0,0.0,0.0,0.076,0.0,0.0,2.52,809.1,0.0,3,-24.71,4210.0,0.0453,-3.38e-05,-229000.0,-19.2905,29814.5,-0.019678,0.000132,-3.11e-07,0,solvent,0.0,0.0,0.0,0.0,0.0789,-1.16,0.0,0.193443,-0.000121856,-1.170522e-07,836.4,6000.0,1000.0,0.00611,273.0,273.0,-242000.0,189.0,0.0,0.0,0.0,0.0,0.0,0.0,0.0,0.0,0.0,0.0,52100000.0,0.32,-0.212,0.258,0.0,0.999,1.78174,-1.48886,3.12278,0.0,0.0,0.0,0.0,0.0,0.0,0,0,0.0,0.0,0.0,0.0,0.0,0.0,0.0,0.0,0.0,0.0,0.0,1,0.0,0.0,0.0,0.0,0.0,0.0,0.0,0.0,0.0,0.0,0.0,0.0,0.0,no,7.9849,3.9869,257.75,0.0,0.0,2.52,809.1,0.0,1.0,1,0.0,0.0,0.0,0.0,0.0,0.0,0.0,0.0,0.0,0.0,0.0,0.0,0.0,0.0,0.0,0.0,0.0,0.0,0.0,0.0,0.0,836.4,12.0,6.0,0,0,0,0,0,0,0,0,0,0,0,0,0,0,0,0,0.0,0.0,CBFCDTFDPHXCNY-UHFFFAOYSA-N
54,nC21,629-94-7,HC,54,C21H44,296.582,0.7911,506.45,10.74,0.861,357.55,296.582,1195.0,Classic,195171.8,230.829896,-0.086374146,0.00443793,95.008038,0.040390996,none,0.0,0.0,0.0,0.0,0.0,0.0,0.076,0.0,0.0,2.52,809.1,0.0,3,-24.71,4210.0,0.0453,-3.38e-05,-229000.0,-19.2905,29814.5,-0.019678,0.000132,-3.11e-07,0,solvent,0.0,0.0,0.0,0.0,0.0789,-1.16,0.0,0.190941,-0.0001069606,-1.336923e-07,876.7,6000.0,1000.0,0.00611,273.0,273.0,-242000.0,189.0,0.0,0.0,0.0,0.0,0.0,0.0,0.0,0.0,0.0,0.0,52100000.0,0.32,-0.212,0.258,0.0,0.999,1.829097302,-1.002129722,1.0257662,0.0,0.0,0.0,0.0,0.0,0.0,0,0,0.0,0.0,0.0,0.0,0.0,0.0,0.0,0.0,0.0,0.0,0.0,1,0.0,0.0,0.0,0.0,0.0,0.0,0.0,0.0,0.0,0.0,0.0,0.0,0.0,no,0.0,0.0,0.0,0.0,0.0,2.52,809.1,0.0,1.0,1,0.0,0.0,0.0,0.0,0.0,0.0,0.0,0.0,0.0,0.0,0.0,0.0,0.0,0.0,0.0,0.0,0.0,0.0,0.0,0.0,0.0,876.7,12.0,6.0,0,0,0,0,0,0,0,0,0,0,0,0,0,0,0,0,0.0,0.0,FNAZRRHPUDJQCJ-UHFFFAOYSA-N
55,nC22,629-97-0,HC,55,C22H46,310.5880,0.7937,519.05,11.16,0.777,369.55,310.609,1250.0,Classic,204930.3,230.829896,-0.086374146,0.00443793,95.008038,0.040390996,none,0.0,0.0,0.0,0.0,0.0,0.0,0.076,0.0,0.0,2.52,809.1,0.0,3,-24.71,4210.0,0.0453,-3.38e-05,-229000.0,-19.2905,29814.5,-0.019678,0.000132,-3.11e-07,0,solvent,0.0,0.0,0.0,0.0,0.0789,-1.16,0.0,0.208172,-0.0001848375,-4.321493e-08,917.0,6000.0,1000.0,0.00611,273.0,273.0,-242000.0,189.0,0.0,0.0,0.0,0.0,0.0,0.0,0.0,0.0,0.0,0.0,52100000.0,0.32,-0.212,0.258,0.0,0.999,1.880405836,-1.070711658,1.0495153,0.0,0.0,0.0,0.0,0.0,0.0,0,0,0.0,0.0,0.0,0.0,0.0,0.0,0.0,0.0,0.0,0.0,0.0,1,0.0,0.0,0.0,0.0,0.0,0.0,0.0,0.0,0.0,0.0,0.0,0.0,0.0,no,8.6926,3.988,257.7,0.0,0.0,2.52,809.1,0.0,1.0,1,0.0,0.0,0.0,0.0,0.0,0.0,0.0,0.0,0.0,0.0,0.0,0.0,0.0,0.0,0.0,0.0,0.0,0.0,0.0,0.0,0.0,917.0,12.0,6.0,0,0,0,0,0,0,0,0,0,0,0,0,0,0,0,0,0.0,0.0,HOWGUJZVBDQJKV-UHFFFAOYSA-N
56,nC23,638-67-5,HC,56,C23H48,324.636,0.7961,528.75,10.82,0.799,381.05,324.636,1305.0,Classic,214688.8,230.829896,-0.086374146,0.00443793,95.008038,0.040390996,none,0.0,0.0,0.0,0.0,0.0,0.0,0.076,0.0,0.0,2.52,809.1,0.0,3,-24.71,4210.0,0.0453,-3.38e-05,-229000.0,-19.2905,29814.5,-0.019678,0.000132,-3.11e-07,0,solvent,0.0,0.0,0.0,0.0,0.0789,-1.16,0.0,0.208972,-0.0001873072,-3.857229e-08,957.3,6000.0,1000.0,0.00611,273.0,273.0,-242000.0,189.0,0.0,0.0,0.0,0.0,0.0,0.0,0.0,0.0,0.0,0.0,52100000.0,0.32,-0.212,0.258,0.0,0.999,1.969047395,-1.194287269,1.09027182,0.0,0.0,0.0,0.0,0.0,0.0,0,0,0.0,0.0,0.0,0.0,0.0,0.0,0.0,0.0,0.0,0.0,0.0,1,0.0,0.0,0.0,0.0,0.0,0.0,0.0,0.0,0.0,0.0,0.0,0.0,0.0,no,8.9413,3.9971,258.7,0.0,0.0,2.52,809.1,0.0,1.0,1,0.0,0.0,0.0,0.0,0.0,0.0,0.0,0.0,0.0,0.0,0.0,0.0,0.0,0.0,0.0,0.0,0.0,0.0,0.0,0.0,0.0,957.3,12.0,6.0,0,0,0,0,0,0,0,0,0,0,0,0,0,0,0,0,0.0,0.0,FIGVVZUWCLSUEI-UHFFFAOYSA-N
57,nC24,646-31-1,HC,57,C24H50,338.662,0.7984,533.15,9.32,0.95,391.95,338.662,1360.0,Classic,224446.6,230.829896,-0.086374146,0.00443793,95.008038,0.040390996,none,0.0,0.0,0.0,0.0,0.0,0.0,0.076,0.0,0.0,2.52,809.1,0.0,3,-24.71,4210.0,0.0453,-3.38e-05,-229000.0,-19.2905,29814.5,-0.019678,0.000132,-3.11e-07,0,solvent,0.0,0.0,0.0,0.0,0.0789,-1.16,0.0,0.225592,-0.0002617556,4.69314e-08,997.6,6000.0,1000.0,0.00611,273.0,273.0,-242000.0,189.0,0.0,0.0,0.0,0.0,0.0,0.0,0.0,0.0,0.0,0.0,52100000.0,0.32,-0.212,0.258,0.0,0.999,2.044270695,-1.30411422,1.1245931,0.0,0.0,0.0,0.0,0.0,0.0,0,0,0.0,0.0,0.0,0.0,0.0,0.0,0.0,0.0,0.0,0.0,0.0,1,0.0,0.0,0.0,0.0,0.0,0.0,0.0,0.0,0.0,0.0,0.0,0.0,0.0,no,9.182,4.007,259.6,0.0,0.0,2.52,809.1,0.0,1.0,1,0.0,0.0,0.0,0.0,0.0,0.0,0.0,0.0,0.0,0.0,0.0,0.0,0.0,0.0,0.0,0.0,0.0,0.0,0.0,0.0,0.0,997.6,12.0,6.0,0,0,0,0,0,0,0,0,0,0,0,0,0,0,0,0,0.0,0.0,POOSGDOYLQNASK-UHFFFAOYSA-N
58,22-dim-C3,463-82-1,HC,58,C5H12,72.151,0.6012,160.63,31.992,0.1964,9.4980,72.151,303.0,Classic,39036.6,-95.012392,1.297291618,-0.002775462,3.336e-06,-1e-09,pow10,4.789963,1175.0172,273.9033,-1.23303,0.0,0.0,0.076,0.0,0.0,2.52,809.1,0.0,3,-24.71,4210.0,0.0453,-3.38e-05,-229000.0,-19.2905,29814.5,-0.019678,0.000132,-3.11e-07,0,solvent,0.0,0.0,0.0,0.0,0.0789,-1.16,0.0,0.185257,-0.0001762528,-4.042986e-07,225.9,10810.0,1000.0,0.00611,256.76,256.76,-242000.0,189.0,0.0,0.0,0.0,0.0,0.0,0.0,0.0,0.0,0.0,0.0,52100000.0,0.32,-0.212,0.258,0.0,0.999,0.0,0.0,0.0,0.0,0.0,0.0,0.0,0.0,0.0,0,0,0.0,0.0,0.0,0.0,0.0,0.0,0.0,0.0,0.0,0.0,0.0,1,0.0,0.0,0.0,33200.0,0.0,0.0,0.0,0.0,0.0,0.0,0.0,0.0,0.0,no,2.3543,3.955,225.69,0.0,0.0,2.52,809.1,0.0,1.0,0,0.0,0.0,0.0,0.0,0.0,0.0,0.0,0.0,0.0,0.0,0.0,0.0,0.0,0.0,0.0,0.0,0.0,0.0,0.67267,-0.17915,0.8146,225.9,12.0,6.0,0,0,0,0,0,0,0,0,0,0,0,0,0,0,0,0,0.0,0.0,CRSOQBOWXPBRES-UHFFFAOYSA-N
59,22-dim-C4,75-83-2,HC,59,C6H14,86.178,0.654,215.63,30.8,0.2339,49.75,86.178,359.0,Classic,48795.1,25.000198,0.324736526,0.000403312,-6.85e-07,2.7993238e-10,none,0.0,0.0,0.0,0.0,0.0,0.0,0.076,0.0,0.0,2.52,809.1,0.0,3,-24.71,4210.0,0.0453,-3.38e-05,-229000.0,-19.2905,29814.5,-0.019678,0.000132,-3.11e-07,0,solvent,0.0,0.0,0.0,0.0,0.0789,-1.16,0.0,-0.384,0.00525,-6.37e-06,265.9,6000.0,1000.0,0.00611,273.0,273.0,-242000.0,189.0,0.0,0.0,0.0,0.0,0.0,0.0,0.0,0.0,0.0,0.0,52100000.0,0.32,-0.212,0.258,0.0,0.999,0.0,0.0,0.0,0.0,0.0,0.0,0.0,0.0,0.0,0,0,0.0,0.0,0.0,0.0,0.0,0.0,0.0,0.0,0.0,0.0,0.0,1,0.0,0.0,0.0,0.0,0.0,0.0,0.0,0.0,0.0,0.0,0.0,0.0,0.0,no,2.6008,4.0042,243.51,0.0,0.0,2.52,809.1,0.0,1.0,0,0.0,0.0,0.0,0.0,0.0,0.0,0.0,0.0,0.0,0.0,0.0,0.0,0.0,0.0,0.0,0.0,0.0,0.0,0.69886,0.1119,-0.06355,265.9,12.0,6.0,0,0,0,0,0,0,0,0,0,0,0,0,0,0,0,0,0.0,0.0,HNRMPXKDFBEGFZ-UHFFFAOYSA-N
60,23-dim-C4,79-29-8,HC,60,C6H14,86.178,0.667,226.83,31.268,0.2475,58.05,86.178,358.0,Classic,48795.1,-18.407196,0.618162528,-0.000307368,2.2e-08,2.560712e-11,none,0.0,0.0,0.0,0.0,0.0,0.0,0.076,0.0,0.0,2.52,809.1,0.0,3,-24.71,4210.0,0.0453,-3.38e-05,-229000.0,-19.2905,29814.5,-0.019678,0.000132,-3.11e-07,0,solvent,0.0,0.0,0.0,0.0,0.0789,-1.16,0.0,-0.384,0.00525,-6.37e-06,266.6,6000.0,1000.0,0.00611,273.0,273.0,-242000.0,189.0,0.0,0.0,0.0,0.0,0.0,0.0,0.0,0.0,0.0,0.0,52100000.0,0.32,-0.212,0.258,0.0,0.999,0.0,0.0,0.0,0.0,0.0,0.0,0.0,0.0,0.0,0,0,0.0,0.0,0.0,0.0,0.0,0.0,0.0,0.0,0.0,0.0,0.0,1,0.0,0.0,0.0,0.0,0.0,0.0,0.0,0.0,0.0,0.0,0.0,0.0,0.0,no,2.6853,3.9545,246.07,0.0,0.0,2.52,809.1,0.0,1.0,0,0.0,0.0,0.0,0.0,0.0,0.0,0.0,0.0,0.0,0.0,0.0,0.0,0.0,0.0,0.0,0.0,0.0,0.0,0.72927,0.01322,0.18875,266.6,12.0,6.0,0,0,0,0,0,0,0,0,0,0,0,0,0,0,0,0,0.0,0.0,ZFFMLCVRJBZUDZ-UHFFFAOYSA-N
61,2-m-C5,107-83-5,HC,61,C6H14,86.178,0.658,224.35,30.102,0.2781,60.25,86.178,367.0,Classic,48795.1,17.426144,0.385927566,0.000259729,-5.67e-07,2.4127228e-10,none,0.0,0.0,0.0,0.0,0.0,0.0,0.076,0.0,0.0,2.52,809.1,0.0,3,-24.71,4210.0,0.0453,-3.38e-05,-229000.0,-19.2905,29814.5,-0.019678,0.000132,-3.11e-07,0,solvent,0.0,0.0,0.0,0.0,0.0789,-1.16,0.0,-0.384,0.00525,-6.37e-06,268.8,6000.0,1000.0,0.00611,273.0,273.0,-242000.0,189.0,0.0,0.0,0.0,0.0,0.0,0.0,0.0,0.0,0.0,0.0,52100000.0,0.32,-0.212,0.258,0.0,0.999,0.0,0.0,0.0,0.0,0.0,0.0,0.0,0.0,0.0,0,0,0.0,0.0,0.0,0.0,0.0,0.0,0.0,0.0,0.0,0.0,0.0,1,0.0,0.0,0.0,0.0,0.0,0.0,0.0,0.0,0.0,0.0,0.0,0.0,0.0,no,2.9317,3.8535,235.58,0.0,0.0,2.52,809.1,0.0,1.0,0,0.0,0.0,0.0,0.0,0.0,0.0,0.0,0.0,0.0,0.0,0.0,0.0,0.0,0.0,0.0,0.0,0.0,0.0,0.76714,0.07053,0.05336,268.8,12.0,6.0,0,0,0,0,0,0,0,0,0,0,0,0,0,0,0,0,0.0,0.0,AFABGHUZZDYHJO-UHFFFAOYSA-N
62,3-m-C5,96-14-0,HC,62,C6H14,86.178,0.669,231.28,31.24,0.2737,63.25,86.178,367.0,Classic,48795.1,3.599962,0.092642902,6.0692e-05,-1.34e-07,5.73666e-11,none,0.0,0.0,0.0,0.0,0.0,0.0,0.076,0.0,0.0,2.52,809.1,0.0,3,-24.71,4210.0,0.0453,-3.38e-05,-229000.0,-19.2905,29814.5,-0.019678,0.000132,-3.11e-07,0,solvent,0.0,0.0,0.0,0.0,0.0789,-1.16,0.0,-0.384,0.00525,-6.37e-06,267.4,6000.0,1000.0,0.00611,273.0,273.0,-242000.0,189.0,0.0,0.0,0.0,0.0,0.0,0.0,0.0,0.0,0.0,0.0,52100000.0,0.32,-0.212,0.258,0.0,0.999,0.0,0.0,0.0,0.0,0.0,0.0,0.0,0.0,0.0,0,0,0.0,0.0,0.0,0.0,0.0,0.0,0.0,0.0,0.0,0.0,0.0,1,0.0,0.0,0.0,0.0,0.0,0.0,0.0,0.0,0.0,0.0,0.0,0.0,0.0,no,2.8852,3.8605,240.48,0.0,0.0,2.52,809.1,0.0,1.0,0,0.0,0.0,0.0,0.0,0.0,0.0,0.0,0.0,0.0,0.0,0.0,0.0,0.0,0.0,0.0,0.0,0.0,0.0,0.81181,-0.42693,1.21385,267.4,12.0,6.0,0,0,0,0,0,0,0,0,0,0,0,0,0,0,0,0,0.0,0.0,PFEOZHBOMNWTJB-UHFFFAOYSA-N
63,c-C5,287-92-3,HC,63,C5H10,70.135,0.7504,238.61,45.023,0.1943,49.25,70.135,260.0,Classic,37634.1,41.727966,-0.164068476,0.001489619,-1.803e-06,6.829951e-10,none,0.0,0.0,0.0,0.0,0.0,0.0,0.076,0.0,0.0,2.52,809.1,0.0,3,-24.71,4210.0,0.0453,-3.38e-05,38600.0,-19.2905,29814.5,-0.019678,0.000132,-3.11e-07,0,solvent,0.0,0.0,0.0,0.0,0.0789,-1.16,0.0,0.181338,-9.214286e-05,-3.080357e-07,203.0,6000.0,1000.0,0.00611,273.0,273.0,-105900.0,189.0,0.0,0.0,0.0,0.0,0.0,0.0,0.0,0.0,0.0,0.0,52100000.0,0.32,-0.212,0.258,0.0,0.999,0.0,0.0,0.0,0.0,0.0,0.0,0.0,0.0,0.0,0,0,0.0,0.0,0.0,0.0,0.0,0.0,0.0,0.0,0.0,0.0,0.0,1,0.0,0.0,0.0,0.0,0.0,0.0,0.0,0.0,0.0,0.0,0.0,0.01161,5479.0,no,2.3655,3.7114,265.83,0.0,0.0,2.52,809.1,0.0,1.0,0,0.0,0.0,0.0,0.0,0.0,0.0,0.0,0.0,0.0,0.0,0.0,0.0,0.0,0.0,0.0,0.0,0.0,0.0,0.65461,0.02574,0.19252,203.0,12.0,6.0,0,0,0,0,0,0,0,0,0,0,0,0,0,0,0,0,0.0,0.0,RGSFGYAAUTVSQA-UHFFFAOYSA-N
64,default,0-0-0-0,HC,64,default,16.043,0.422182073,-82.586,45.389,0.008,-161.55,16.043,99.0,Classic,0.0,0.0,0.0,0.0,0.0,0.0,none,0.0,0.0,0.0,0.0,0.0,0.0,0.0,0.0,0.0,3.165,154.54,0.3834,3,-26.87,1150.0,0.187,-0.000521,-50500.0,2.0,0.0,0.0,0.0,0.0,0,solute,0.0,0.0,0.0,0.0,0.0,0.0,0.0,0.290304,-0.0004720407,-4.320339e-06,207.0,941.0,452.0,0.117,849.15,849.15,-74500.0,186.0,1.0,0.0,0.0,0.0,0.0,1.0,0.0,0.0,0.0,0.0,10200000.0,0.261,-0.147,0.222,0.0,0.1,0.0,0.0,0.0,0.0,0.0,0.0,0.0,0.0,0.0,0,0,0.0,0.0,0.0,0.0,0.0,0.0,0.0,0.0,0.0,0.0,0.0,1,0.0,0.0,0.0,0.0,0.0,0.0,0.0,0.0,0.0,0.0,0.0,0.0,0.0,no,2.562,3.8296,230.75,0.0,0.0,3.165,154.54,0.3834,1.0,0,0.0,0.0,0.0,0.0,0.0,0.0,0.0,0.0,0.0,0.0,0.0,0.0,0.0,0.0,0.0,0.0,0.0,0.0,0.0,0.0,0.0,207.0,12.0,6.0,0,0,0,0,0,0,0,0,0,0,0,0,0,0,0,0,0.0,0.0,
65,Piperazine,110-85-0,amine,65,C4H10N2,86.137,1.038,364.85,55.3,0.414,146.0,119.16,99.0,Classic,0.0,0.0,0.0,0.0,0.0,0.0,log,172.78,-13492.0,-21.91,1.378e-05,2.0,1.7,0.0,0.0,0.0,3.96,481.8,0.0,3,-75.19,12680.0,0.1573,-0.0001225,57900.0,148.9,0.0,-0.62491,0.000771,0.0,0,solute,0.0,0.0,0.0,0.0,-0.19842,-2.857,2.0373,0.0,0.00525,-6.37e-06,207.0,6000.0,1000.0,0.00611,273.0,273.0,-242000.0,189.0,0.0,0.0,0.0,0.0,0.0,0.0,0.0,0.0,0.0,0.0,52100000.0,0.32,-0.212,0.258,0.0,0.797,1.074477592,0.229022552,-0.421330787,0.0,0.0,0.0,0.0,0.0,0.0,0,0,0.0,0.0,0.0,0.0,0.0,0.0,0.0,0.0,0.0,0.0,0.0,1,17.38710706,1.76274587,0.0,0.0,0.0,0.0,0.0,0.0,0.0,0.0,0.0,0.0,0.0,no,0.0,0.0,0.0,0.0,0.0,3.96,481.8,0.0,1.0,0,0.0,0.0,0.0,0.0,0.0,0.0,0.0,0.0,0.0,0.0,0.0,0.0,0.0,0.0,0.0,0.0,0.0,0.0,0.0,0.0,0.0,207.0,12.0,6.0,0,0,0,0,0,0,0,0,0,0,0,0,0,0,0,0,0.0,0.0,GLUUGHFHXGJENI-UHFFFAOYSA-N
66,Piperazine+,0-0-0-0,ion,66,Piperazine+,87.137,1.038,364.84,55.3,0.414,146.0,119.16,99.0,Classic,0.0,0.0,0.0,0.0,0.0,0.0,none,0.0,0.0,0.0,0.0,0.0,1.7,0.0,0.0,0.0,7.0,481.8,0.0,3,-75.19,12680.0,0.1573,-0.0001225,0.0,0.0,0.0,0.0,0.0,0.0,1,solute,0.0,0.0,0.0,0.0,0.0,0.0,0.0,0.0,0.00525,-6.37e-06,207.0,6000.0,1000.0,0.00611,273.0,273.0,-242000.0,189.0,0.0,0.0,0.0,0.0,0.0,0.0,0.0,0.0,0.0,0.0,52100000.0,0.32,-0.212,0.258,0.0,0.797,0.0,0.0,0.0,0.0,0.0,0.0,0.0,0.0,0.0,0,0,0.0,0.0,0.0,0.0,0.0,0.0,0.0,0.0,0.0,0.0,0.0,1,0.0,0.0,0.0,0.0,0.0,0.0,0.0,0.0,0.0,0.0,0.0,0.0,0.0,no,0.0,0.0,0.0,0.0,0.0,7.0,481.8,0.0,1.0,0,0.0,0.0,0.0,0.0,0.0,0.0,0.0,0.0,0.0,0.0,0.0,0.0,0.0,0.0,0.0,0.0,0.0,0.0,0.0,0.0,0.0,207.0,12.0,6.0,0,0,0,0,0,0,0,0,0,0,0,0,0,0,0,0,0.0,0.0,
67,PZCOO-,0-0-0-0,ion,67,PiperazineCarbamate,129.147,1.038,364.84,55.3,0.414,146.0,119.16,99.0,Classic,0.0,0.0,0.0,0.0,0.0,0.0,none,0.0,0.0,0.0,0.0,0.0,1.7,0.0,0.0,0.0,5.5,481.8,0.0,3,-75.19,12680.0,0.1573,-0.0001225,0.0,0.0,0.0,0.0,0.0,0.0,-1,solute,0.0,0.0,0.0,0.0,0.0,0.0,0.0,0.0,0.00525,-6.37e-06,207.0,6000.0,1000.0,0.00611,273.0,273.0,-242000.0,189.0,0.0,0.0,0.0,0.0,0.0,0.0,0.0,0.0,0.0,0.0,52100000.0,0.32,-0.212,0.258,0.0,0.797,0.0,0.0,0.0,0.0,0.0,0.0,0.0,0.0,0.0,0,0,0.0,0.0,0.0,0.0,0.0,0.0,0.0,0.0,0.0,0.0,0.0,1,0.0,0.0,0.0,0.0,0.0,0.0,0.0,0.0,0.0,0.0,0.0,0.0,0.0,no,0.0,0.0,0.0,0.0,0.0,5.5,481.8,0.0,1.0,0,0.0,0.0,0.0,0.0,0.0,0.0,0.0,0.0,0.0,0.0,0.0,0.0,0.0,0.0,0.0,0.0,0.0,0.0,0.0,0.0,0.0,207.0,12.0,6.0,0,0,0,0,0,0,0,0,0,0,0,0,0,0,0,0,0.0,0.0,
68,H+PZCOO-,0-0-0-0,ion,68,PiperazineCarbamate,130.147,1.038,729.68,110.6,0.414,292.0,119.16,99.0,Classic,0.0,0.0,0.0,0.0,0.0,0.0,log,172.78,-13492.0,-21.91,1.378e-05,2.0,1.7,0.0,0.0,0.0,5.4,481.8,0.0,3,-75.19,12680.0,0.1573,-0.0001225,57900.0,148.9,0.0,-0.62491,0.000771,0.0,0,solute,0.0,0.0,0.0,0.0,0.0,0.0,0.0,0.0,0.00525,-6.37e-06,207.0,6000.0,1000.0,0.00611,273.0,273.0,-242000.0,189.0,0.0,0.0,0.0,0.0,0.0,0.0,0.0,0.0,0.0,0.0,52100000.0,0.32,-0.212,0.258,0.0,0.797,0.0,0.0,0.0,0.0,0.0,0.0,0.0,0.0,0.0,0,0,0.0,0.0,0.0,0.0,0.0,0.0,0.0,0.0,0.0,0.0,0.0,1,0.0,0.0,0.0,0.0,0.0,0.0,0.0,0.0,0.0,0.0,0.0,0.0,0.0,no,0.0,0.0,0.0,0.0,0.0,5.4,481.8,0.0,1.0,0,0.0,0.0,0.0,0.0,0.0,0.0,0.0,0.0,0.0,0.0,0.0,0.0,0.0,0.0,0.0,0.0,0.0,0.0,0.0,0.0,0.0,207.0,12.0,6.0,0,0,0,0,0,0,0,0,0,0,0,0,0,0,0,0,0.0,0.0,
69,-OOCPZCOO-,0-0-0-0,ion,69,PiperazineCarbamate,172.157,1.038,364.84,55.3,0.414,146.0,119.16,99.0,Classic,0.0,0.0,0.0,0.0,0.0,0.0,none,0.0,0.0,0.0,0.0,0.0,1.7,0.0,0.0,0.0,7.0,481.8,0.0,3,-75.19,12680.0,0.1573,-0.0001225,0.0,0.0,0.0,0.0,0.0,0.0,-2,solute,0.0,0.0,0.0,0.0,0.0,0.0,0.0,0.0,0.00525,-6.37e-06,207.0,6000.0,1000.0,0.00611,273.0,273.0,-242000.0,189.0,0.0,0.0,0.0,0.0,0.0,0.0,0.0,0.0,0.0,0.0,52100000.0,0.32,-0.212,0.258,0.0,0.797,0.0,0.0,0.0,0.0,0.0,0.0,0.0,0.0,0.0,0,0,0.0,0.0,0.0,0.0,0.0,0.0,0.0,0.0,0.0,0.0,0.0,1,0.0,0.0,0.0,0.0,0.0,0.0,0.0,0.0,0.0,0.0,0.0,0.0,0.0,no,0.0,0.0,0.0,0.0,0.0,7.0,481.8,0.0,1.0,0,0.0,0.0,0.0,0.0,0.0,0.0,0.0,0.0,0.0,0.0,0.0,0.0,0.0,0.0,0.0,0.0,0.0,0.0,0.0,0.0,0.0,207.0,12.0,6.0,0,0,0,0,0,0,0,0,0,0,0,0,0,0,0,0,0.0,0.0,
70,c-hexane,110-82-7,HC,70,C6H12,84.161,0.783,280.39,40.748,0.2118,80.75,84.161,260.0,Classic,47392.6,33.54699,-0.036855962,0.001399578,-1.727e-06,6.4400244e-10,none,0.0,0.0,0.0,0.0,0.0,0.0,0.076,0.0,0.0,2.52,809.1,0.0,3,-24.71,4210.0,0.0453,-3.38e-05,31800.0,-19.2905,29814.5,-0.019678,0.000132,-3.11e-07,0,solvent,0.0,0.0,0.0,0.0,0.0789,-1.16,0.0,0.162678,-2.949119e-05,-3.032567e-07,240.8,6000.0,1000.0,0.053397292,279.7,273.0,-123140.0,189.0,0.0,0.0,0.0,0.0,0.0,0.0,0.0,0.0,0.0,0.0,52100000.0,0.32,-0.212,0.258,0.0,0.999,0.0,0.0,0.0,0.0,0.0,0.0,0.0,0.0,0.0,0,0,0.0,0.0,0.0,0.0,212570.0,9.0838,0.74265,0.0,0.0,0.0,0.0,1,0.0,0.0,0.0,43200.0,0.0,0.0,0.0,0.0,0.0,0.0,0.0,0.0004365,5951.0,no,2.5303,3.8499,278.11,0.0,0.0,2.52,809.1,0.0,1.0,0,0.0,0.0,0.0,0.0,0.0,0.0,0.0,0.0,0.0,0.0,0.0,0.0,0.0,0.0,0.0,0.0,0.0,0.0,0.68054,-0.06898,0.57648,240.8,12.0,6.0,0,0,0,0,0,0.6743,-0.0149,0.4509,-0.2057,-0.2772,0,0,0,0,0,0,0.0,0.0,XDTMQSROBMDMFD-UHFFFAOYSA-N
71,22-DM-C5,590-35-2,HC,71,C7H16,100.204,0.667,247.25,27.7,0.287,79.1910,86.178,358.0,Classic,0.0,10.93291,0.502681068,0.000233872,-6.33e-07,2.8550276e-10,none,0.0,0.0,0.0,0.0,0.0,0.0,0.076,0.0,0.0,2.52,809.1,0.0,3,-24.71,4210.0,0.0453,-3.38e-05,-229000.0,-19.2905,29814.5,-0.019678,0.000132,-3.11e-07,0,solvent,0.0,0.0,0.0,0.0,0.0789,-1.16,0.0,-0.384,0.00525,-6.37e-06,207.0,6000.0,1000.0,0.00611,273.0,273.0,-242000.0,189.0,0.0,0.0,0.0,0.0,0.0,0.0,0.0,0.0,0.0,0.0,52100000.0,0.32,-0.212,0.258,0.0,0.999,0.0,0.0,0.0,0.0,0.0,0.0,0.0,0.0,0.0,0,0,0.0,0.0,0.0,0.0,0.0,0.0,0.0,0.0,0.0,0.0,0.0,1,0.0,0.0,0.0,0.0,0.0,0.0,0.0,0.0,0.0,0.0,0.0,0.0,0.0,no,0.0,0.0,0.0,0.0,0.0,2.52,809.1,0.0,1.0,0,0.0,0.0,0.0,0.0,0.0,0.0,0.0,0.0,0.0,0.0,0.0,0.0,0.0,0.0,0.0,0.0,0.0,0.0,0.0,0.0,0.0,207.0,12.0,6.0,0,0,0,0,0,0,0,0,0,0,0,0,0,0,0,0,0.0,0.0,CXOWYJMDMMMMJO-UHFFFAOYSA-N
72,M-cy-C5,96-37-7,HC,72,C6H12,84.161,0.7538,259.64,37.845,0.2302,71.8090,86.178,358.0,Classic,47392.6,44.721006,-0.068657012,0.00143774,-1.799e-06,6.8698582e-10,none,0.0,0.0,0.0,0.0,0.0,1.8,0.076,0.0,0.0,2.52,809.1,0.0,3,-24.71,4210.0,0.0453,-3.38e-05,-229000.0,-19.2905,29814.5,-0.019678,0.000132,-3.11e-07,0,solvent,0.0,0.0,0.0,0.0,0.0789,-1.16,0.0,-0.384,0.00525,-6.37e-06,258.5,6000.0,1000.0,0.00611,273.0,273.0,-242000.0,189.0,0.0,0.0,0.0,0.0,0.0,0.0,0.0,0.0,0.0,0.0,52100000.0,0.32,-0.212,0.258,0.0,0.999,0.0,0.0,0.0,0.0,0.0,0.0,0.0,0.0,0.0,0,0,0.0,0.0,0.0,0.0,0.0,0.0,0.0,0.0,0.0,0.0,0.0,1,0.0,0.0,0.0,0.0,0.0,0.0,0.0,0.0,0.0,0.0,0.0,0.0,0.0,no,0.0,0.0,0.0,0.0,0.0,2.52,809.1,0.0,1.0,0,0.0,0.0,0.0,0.0,0.0,0.0,0.0,0.0,0.0,0.0,0.0,0.0,0.0,0.0,0.0,0.0,0.0,0.0,0.74952,-0.39012,1.16613,258.5,12.0,6.0,0,0,0,0,0,0,0,0,0,0,0,0,0,0,0,0,0.0,0.0,GDOPTJXRTPNYNR-UHFFFAOYSA-N
73,24-DM-C5,108-08-7,HC,73,C7H16,100.204,0.667,246.64,27.368,0.3018,80.4930,86.178,358.0,Classic,0.0,-26.047762,0.814131822,-0.000574663,2.01e-07,-2.0785e-11,none,0.0,0.0,0.0,0.0,0.0,0.0,0.076,0.0,0.0,2.52,809.1,0.0,3,-24.71,4210.0,0.0453,-3.38e-05,-229000.0,-19.2905,29814.5,-0.019678,0.000132,-3.11e-07,0,solvent,0.0,0.0,0.0,0.0,0.0789,-1.16,0.0,-0.384,0.00525,-6.37e-06,207.0,6000.0,1000.0,0.00611,273.0,273.0,-242000.0,189.0,0.0,0.0,0.0,0.0,0.0,0.0,0.0,0.0,0.0,0.0,52100000.0,0.32,-0.212,0.258,0.0,0.999,0.0,0.0,0.0,0.0,0.0,0.0,0.0,0.0,0.0,0,0,0.0,0.0,0.0,0.0,0.0,0.0,0.0,0.0,0.0,0.0,0.0,1,0.0,0.0,0.0,0.0,0.0,0.0,0.0,0.0,0.0,0.0,0.0,0.0,0.0,no,0.0,0.0,0.0,0.0,0.0,2.52,809.1,0.0,1.0,0,0.0,0.0,0.0,0.0,0.0,0.0,0.0,0.0,0.0,0.0,0.0,0.0,0.0,0.0,0.0,0.0,0.0,0.0,0.82681,-0.1848,0.7108,207.0,12.0,6.0,0,0,0,0,0,0,0,0,0,0,0,0,0,0,0,0,0.0,0.0,BZHMBWZPUJHVEE-UHFFFAOYSA-N
74,223-TM-C4,464-06-2,HC,74,C7H16,100.204,0.6947,257.95,29.5,0.25,80.8760,86.178,358.0,Classic,58553.6,-5.911254,0.611594468,-8.3721e-05,-2.5e-07,1.3161062e-10,none,0.0,0.0,0.0,0.0,0.0,0.0,0.076,0.0,0.0,2.52,809.1,0.0,3,-24.71,4210.0,0.0453,-3.38e-05,-229000.0,-19.2905,29814.5,-0.019678,0.000132,-3.11e-07,0,solvent,0.0,0.0,0.0,0.0,0.0789,-1.16,0.0,-0.384,0.00525,-6.37e-06,207.0,6000.0,1000.0,0.00611,273.0,273.0,-242000.0,189.0,0.0,0.0,0.0,0.0,0.0,0.0,0.0,0.0,0.0,0.0,52100000.0,0.32,-0.212,0.258,0.0,0.999,0.0,0.0,0.0,0.0,0.0,0.0,0.0,0.0,0.0,0,0,0.0,0.0,0.0,0.0,0.0,0.0,0.0,0.0,0.0,0.0,0.0,1,0.0,0.0,0.0,0.0,0.0,0.0,0.0,0.0,0.0,0.0,0.0,0.0,0.0,no,0.0,0.0,0.0,0.0,0.0,2.52,809.1,0.0,1.0,0,0.0,0.0,0.0,0.0,0.0,0.0,0.0,0.0,0.0,0.0,0.0,0.0,0.0,0.0,0.0,0.0,0.0,0.0,0.0,0.0,0.0,207.0,12.0,6.0,0,0,0,0,0,0,0,0,0,0,0,0,0,0,0,0,0.0,0.0,ZISSAWUMDACLOM-UHFFFAOYSA-N
75,33-DM-C5,562-49-2,HC,75,C7H16,100.204,0.6980,263.15,29.5,0.269,86.0590,86.178,358.0,Classic,58553.6,-3.99072,0.61037231,-6.1523e-05,-2.96e-07,1.5148108e-10,none,0.0,0.0,0.0,0.0,0.0,0.0,0.076,0.0,0.0,2.52,809.1,0.0,3,-24.71,4210.0,0.0453,-3.38e-05,-229000.0,-19.2905,29814.5,-0.019678,0.000132,-3.11e-07,0,solvent,0.0,0.0,0.0,0.0,0.0789,-1.16,0.0,-0.384,0.00525,-6.37e-06,207.0,6000.0,1000.0,0.00611,273.0,273.0,-242000.0,189.0,0.0,0.0,0.0,0.0,0.0,0.0,0.0,0.0,0.0,0.0,52100000.0,0.32,-0.212,0.258,0.0,0.999,0.0,0.0,0.0,0.0,0.0,0.0,0.0,0.0,0.0,0,0,0.0,0.0,0.0,0.0,0.0,0.0,0.0,0.0,0.0,0.0,0.0,1,0.0,0.0,0.0,0.0,0.0,0.0,0.0,0.0,0.0,0.0,0.0,0.0,0.0,no,0.0,0.0,0.0,0.0,0.0,2.52,809.1,0.0,1.0,0,0.0,0.0,0.0,0.0,0.0,0.0,0.0,0.0,0.0,0.0,0.0,0.0,0.0,0.0,0.0,0.0,0.0,0.0,0.0,0.0,0.0,207.0,12.0,6.0,0,0,0,0,0,0,0,0,0,0,0,0,0,0,0,0,0.0,0.0,AEXMKKGTQYQZCS-UHFFFAOYSA-N
76,2-M-C6,591-76-4,HC,76,C7H16,100.204,0.667,257.22,27.338,0.3282,90.0490,86.178,358.0,Classic,58552.2,28.699928,0.385545122,0.00045278,-8.21e-07,3.3995946e-10,none,0.0,0.0,0.0,0.0,0.0,0.0,0.076,0.0,0.0,2.52,809.1,0.0,3,-24.71,4210.0,0.0453,-3.38e-05,-229000.0,-19.2905,29814.5,-0.019678,0.000132,-3.11e-07,0,solvent,0.0,0.0,0.0,0.0,0.0789,-1.16,0.0,-0.384,0.00525,-6.37e-06,207.0,6000.0,1000.0,0.00611,273.0,273.0,-242000.0,189.0,0.0,0.0,0.0,0.0,0.0,0.0,0.0,0.0,0.0,0.0,52100000.0,0.32,-0.212,0.258,0.0,0.999,0.0,0.0,0.0,0.0,0.0,0.0,0.0,0.0,0.0,0,0,0.0,0.0,0.0,0.0,0.0,0.0,0.0,0.0,0.0,0.0,0.0,1,0.0,0.0,0.0,0.0,0.0,0.0,0.0,0.0,0.0,0.0,0.0,0.0,0.0,no,3.1771,3.8544,237.26,0.0,0.0,2.52,809.1,0.0,1.0,0,0.0,0.0,0.0,0.0,0.0,0.0,0.0,0.0,0.0,0.0,0.0,0.0,0.0,0.0,0.0,0.0,0.0,0.0,0.8684,-0.21384,0.7284,207.0,12.0,6.0,0,0,0,0,0,0,0,0,0,0,0,0,0,0,0,0,0.0,0.0,GXDHCNNESPLIKD-UHFFFAOYSA-N
77,23-DM-C5,565-59-3,HC,77,C7H16,100.204,0.6992,264.15,29.1,0.297,89.7780,86.178,358.0,Classic,0.0,-35.866596,0.804030312,-0.000536585,1.85e-07,-2.602282e-11,none,0.0,0.0,0.0,0.0,0.0,0.0,0.076,0.0,0.0,2.52,809.1,0.0,3,-24.71,4210.0,0.0453,-3.38e-05,-229000.0,-19.2905,29814.5,-0.019678,0.000132,-3.11e-07,0,solvent,0.0,0.0,0.0,0.0,0.0789,-1.16,0.0,-0.384,0.00525,-6.37e-06,207.0,6000.0,1000.0,0.00611,273.0,273.0,-242000.0,189.0,0.0,0.0,0.0,0.0,0.0,0.0,0.0,0.0,0.0,0.0,52100000.0,0.32,-0.212,0.258,0.0,0.999,0.0,0.0,0.0,0.0,0.0,0.0,0.0,0.0,0.0,0,0,0.0,0.0,0.0,0.0,0.0,0.0,0.0,0.0,0.0,0.0,0.0,1,0.0,0.0,0.0,0.0,0.0,0.0,0.0,0.0,0.0,0.0,0.0,0.0,0.0,no,0.0,0.0,0.0,0.0,0.0,2.52,809.1,0.0,1.0,0,0.0,0.0,0.0,0.0,0.0,0.0,0.0,0.0,0.0,0.0,0.0,0.0,0.0,0.0,0.0,0.0,0.0,0.0,0.81197,-0.14533,0.52803,207.0,12.0,6.0,0,0,0,0,0,0,0,0,0,0,0,0,0,0,0,0,0.0,0.0,WGECXQBGLLYSFP-UHFFFAOYSA-N
78,11-DM-cy-C5,1638-26-2,HC,78,C7H14,98.1890,0.7591,226.75,31.31,0.247,87.4810,86.178,358.0,Classic,0.0,0.0,0.0,0.0,0.0,0.0,none,0.0,0.0,0.0,0.0,0.0,0.0,0.076,0.0,0.0,2.52,809.1,0.0,3,-24.71,4210.0,0.0453,-3.38e-05,-229000.0,-19.2905,29814.5,-0.019678,0.000132,-3.11e-07,0,solvent,0.0,0.0,0.0,0.0,0.0789,-1.16,0.0,-0.384,0.00525,-6.37e-06,207.0,6000.0,1000.0,0.00611,273.0,273.0,-242000.0,189.0,0.0,0.0,0.0,0.0,0.0,0.0,0.0,0.0,0.0,0.0,52100000.0,0.32,-0.212,0.258,0.0,0.999,0.0,0.0,0.0,0.0,0.0,0.0,0.0,0.0,0.0,0,0,0.0,0.0,0.0,0.0,0.0,0.0,0.0,0.0,0.0,0.0,0.0,1,0.0,0.0,0.0,0.0,0.0,0.0,0.0,0.0,0.0,0.0,0.0,0.0,0.0,no,0.0,0.0,0.0,0.0,0.0,2.52,809.1,0.0,1.0,0,0.0,0.0,0.0,0.0,0.0,0.0,0.0,0.0,0.0,0.0,0.0,0.0,0.0,0.0,0.0,0.0,0.0,0.0,0.0,0.0,0.0,207.0,12.0,6.0,0,0,0,0,0,0,0,0,0,0,0,0,0,0,0,0,0.0,0.0,
79,3-M-C6,589-34-4,HC,79,C7H16,100.204,0.6917,262.1,28.138,0.3216,91.8470,86.178,358.0,Classic,0.0,0.0,0.0,0.0,0.0,0.0,none,0.0,0.0,0.0,0.0,0.0,1.8,0.076,0.0,0.0,2.52,809.1,0.0,3,-24.71,4210.0,0.0453,-3.38e-05,-229000.0,-19.2905,29814.5,-0.019678,0.000132,-3.11e-07,0,solvent,0.0,0.0,0.0,0.0,0.0789,-1.16,0.0,-0.384,0.00525,-6.37e-06,293.8,6000.0,1000.0,0.00611,273.0,273.0,-242000.0,189.0,0.0,0.0,0.0,0.0,0.0,0.0,0.0,0.0,0.0,0.0,52100000.0,0.32,-0.212,0.258,0.0,0.999,0.0,0.0,0.0,0.0,0.0,0.0,0.0,0.0,0.0,0,0,0.0,0.0,0.0,0.0,0.0,0.0,0.0,0.0,0.0,0.0,0.0,1,0.0,0.0,0.0,0.0,0.0,0.0,0.0,0.0,0.0,0.0,0.0,0.0,0.0,no,0.0,0.0,0.0,0.0,0.0,2.52,809.1,0.0,1.0,0,0.0,0.0,0.0,0.0,0.0,0.0,0.0,0.0,0.0,0.0,0.0,0.0,0.0,0.0,0.0,0.0,0.0,0.0,0.86124,-0.23903,0.78278,293.8,12.0,6.0,0,0,0,0,0,0,0,0,0,0,0,0,0,0,0,0,0.0,0.0,VLJXXKKOSFGPHI-UHFFFAOYSA-N
80,cis-13-DM-cy-C5,2532-58-3,HC,80,C7H14,98.188,0.7494,277.85,34.0,0.276,90.7700,86.178,358.0,Classic,57150.4,-20.967908,0.503312932,0.000224727,-6.29e-07,2.7943354e-10,none,0.0,0.0,0.0,0.0,0.0,1.8,0.076,0.0,0.0,2.52,809.1,0.0,3,-24.71,4210.0,0.0453,-3.38e-05,-229000.0,-19.2905,29814.5,-0.019678,0.000132,-3.11e-07,0,solvent,0.0,0.0,0.0,0.0,0.0789,-1.16,0.0,-0.384,0.00525,-6.37e-06,207.0,6000.0,1000.0,0.00611,273.0,273.0,-242000.0,189.0,0.0,0.0,0.0,0.0,0.0,0.0,0.0,0.0,0.0,0.0,52100000.0,0.32,-0.212,0.258,0.0,0.999,0.0,0.0,0.0,0.0,0.0,0.0,0.0,0.0,0.0,0,0,0.0,0.0,0.0,0.0,0.0,0.0,0.0,0.0,0.0,0.0,0.0,1,0.0,0.0,0.0,0.0,0.0,0.0,0.0,0.0,0.0,0.0,0.0,0.0,0.0,no,0.0,0.0,0.0,0.0,0.0,2.52,809.1,0.0,1.0,0,0.0,0.0,0.0,0.0,0.0,0.0,0.0,0.0,0.0,0.0,0.0,0.0,0.0,0.0,0.0,0.0,0.0,0.0,0.0,0.0,0.0,207.0,12.0,6.0,0,0,0,0,0,0,0,0,0,0,0,0,0,0,0,0,0.0,0.0,
81,trans-13-DM-cy-C5,1759-58-6,HC,81,C7H14,98.188,0.7528,279.85,34.0,0.253,91.7220,86.178,358.0,Classic,57150.4,-20.967908,0.503312932,0.000224727,-6.29e-07,2.7943354e-10,none,0.0,0.0,0.0,0.0,0.0,1.8,0.076,0.0,0.0,2.52,809.1,0.0,3,-24.71,4210.0,0.0453,-3.38e-05,-229000.0,-19.2905,29814.5,-0.019678,0.000132,-3.11e-07,0,solvent,0.0,0.0,0.0,0.0,0.0789,-1.16,0.0,-0.384,0.00525,-6.37e-06,207.0,6000.0,1000.0,0.00611,273.0,273.0,-242000.0,189.0,0.0,0.0,0.0,0.0,0.0,0.0,0.0,0.0,0.0,0.0,52100000.0,0.32,-0.212,0.258,0.0,0.999,0.0,0.0,0.0,0.0,0.0,0.0,0.0,0.0,0.0,0,0,0.0,0.0,0.0,0.0,0.0,0.0,0.0,0.0,0.0,0.0,0.0,1,0.0,0.0,0.0,0.0,0.0,0.0,0.0,0.0,0.0,0.0,0.0,0.0,0.0,no,0.0,0.0,0.0,0.0,0.0,2.52,809.1,0.0,1.0,0,0.0,0.0,0.0,0.0,0.0,0.0,0.0,0.0,0.0,0.0,0.0,0.0,0.0,0.0,0.0,0.0,0.0,0.0,0.0,0.0,0.0,207.0,12.0,6.0,0,0,0,0,0,0,0,0,0,0,0,0,0,0,0,0,0.0,0.0,
82,trans-12-DM-cy-C5,822-50-4,HC,82,C7H14,98.188,0.7559,279.85,34.0,0.253,91.8650,86.178,358.0,Classic,57150.4,-54.5,0.7592,-0.000448,1.01e-07,0.0,none,0.0,0.0,0.0,0.0,0.0,1.8,0.076,0.0,0.0,2.52,809.1,0.0,3,-24.71,4210.0,0.0453,-3.38e-05,-229000.0,-19.2905,29814.5,-0.019678,0.000132,-3.11e-07,0,solvent,0.0,0.0,0.0,0.0,0.0789,-1.16,0.0,-0.384,0.00525,-6.37e-06,207.0,6000.0,1000.0,0.00611,273.0,273.0,-242000.0,189.0,0.0,0.0,0.0,0.0,0.0,0.0,0.0,0.0,0.0,0.0,52100000.0,0.32,-0.212,0.258,0.0,0.999,0.0,0.0,0.0,0.0,0.0,0.0,0.0,0.0,0.0,0,0,0.0,0.0,0.0,0.0,0.0,0.0,0.0,0.0,0.0,0.0,0.0,1,0.0,0.0,0.0,0.0,0.0,0.0,0.0,0.0,0.0,0.0,0.0,0.0,0.0,no,0.0,0.0,0.0,0.0,0.0,2.52,809.1,0.0,1.0,0,0.0,0.0,0.0,0.0,0.0,0.0,0.0,0.0,0.0,0.0,0.0,0.0,0.0,0.0,0.0,0.0,0.0,0.0,0.0,0.0,0.0,207.0,12.0,6.0,0,0,0,0,0,0,0,0,0,0,0,0,0,0,0,0,0.0,0.0,
83,224-TM-C5,540-84-1,HC,83,C8H18,114.231,0.6962,270.13,25.7,0.304,99.2380,86.178,358.0,Classic,0.0,3.192576,0.640668526,5.5288e-05,-4.62e-07,2.1774366e-10,none,0.0,0.0,0.0,0.0,0.0,1.8,0.076,0.0,0.0,2.52,809.1,0.0,3,-24.71,4210.0,0.0453,-3.38e-05,-229000.0,-19.2905,29814.5,-0.019678,0.000132,-3.11e-07,0,solvent,0.0,0.0,0.0,0.0,0.0789,-1.16,0.0,-0.384,0.00525,-6.37e-06,207.0,6000.0,1000.0,0.00611,273.0,273.0,-242000.0,189.0,0.0,0.0,0.0,0.0,0.0,0.0,0.0,0.0,0.0,0.0,52100000.0,0.32,-0.212,0.258,0.0,0.999,0.0,0.0,0.0,0.0,0.0,0.0,0.0,0.0,0.0,0,0,0.0,0.0,0.0,0.0,0.0,0.0,0.0,0.0,0.0,0.0,0.0,1,0.0,0.0,0.0,0.0,0.0,0.0,0.0,0.0,0.0,0.0,0.0,0.0,0.0,no,0.0,0.0,0.0,0.0,0.0,2.52,809.1,0.0,1.0,0,0.0,0.0,0.0,0.0,0.0,0.0,0.0,0.0,0.0,0.0,0.0,0.0,0.0,0.0,0.0,0.0,0.0,0.0,0.0,0.0,0.0,207.0,12.0,6.0,0,0,0,0,0,0,0,0,0,0,0,0,0,0,0,0,0.0,0.0,NHTMVDHEPJAVLT-UHFFFAOYSA-N
84,113-TM-cy-C5,4516-69-2,HC,84,C8H16,112.2080,0.7792,270.13,25.7,0.304,104.8940,86.178,358.0,Classic,66908.2,-7.49,0.6301,-0.000254,0.0,0.0,none,0.0,0.0,0.0,0.0,0.0,1.8,0.076,0.0,0.0,2.52,809.1,0.0,3,-24.71,4210.0,0.0453,-3.38e-05,-229000.0,-19.2905,29814.5,-0.019678,0.000132,-3.11e-07,0,solvent,0.0,0.0,0.0,0.0,0.0789,-1.16,0.0,-0.384,0.00525,-6.37e-06,207.0,6000.0,1000.0,0.00611,273.0,273.0,-242000.0,189.0,0.0,0.0,0.0,0.0,0.0,0.0,0.0,0.0,0.0,0.0,52100000.0,0.32,-0.212,0.258,0.0,0.999,0.0,0.0,0.0,0.0,0.0,0.0,0.0,0.0,0.0,0,0,0.0,0.0,0.0,0.0,0.0,0.0,0.0,0.0,0.0,0.0,0.0,1,0.0,0.0,0.0,0.0,0.0,0.0,0.0,0.0,0.0,0.0,0.0,0.0,0.0,no,0.0,0.0,0.0,0.0,0.0,2.52,809.1,0.0,1.0,0,0.0,0.0,0.0,0.0,0.0,0.0,0.0,0.0,0.0,0.0,0.0,0.0,0.0,0.0,0.0,0.0,0.0,0.0,0.0,0.0,0.0,207.0,12.0,6.0,0,0,0,0,0,0,0,0,0,0,0,0,0,0,0,0,0.0,0.0,
85,22-DM-C6,590-73-8,HC,85,C8H18,114.231,0.6963,276.65,25.3,0.339,106.8420,86.178,358.0,Classic,0.0,28.699928,0.459115708,0.000504327,-9.37e-07,3.6348808e-10,none,0.0,0.0,0.0,0.0,0.0,1.8,0.076,0.0,0.0,2.52,809.1,0.0,3,-24.71,4210.0,0.0453,-3.38e-05,-229000.0,-19.2905,29814.5,-0.019678,0.000132,-3.11e-07,0,solvent,0.0,0.0,0.0,0.0,0.0789,-1.16,0.0,-0.384,0.00525,-6.37e-06,207.0,6000.0,1000.0,0.00611,273.0,273.0,-242000.0,189.0,0.0,0.0,0.0,0.0,0.0,0.0,0.0,0.0,0.0,0.0,52100000.0,0.32,-0.212,0.258,0.0,0.999,0.0,0.0,0.0,0.0,0.0,0.0,0.0,0.0,0.0,0,0,0.0,0.0,0.0,0.0,0.0,0.0,0.0,0.0,0.0,0.0,0.0,1,0.0,0.0,0.0,0.0,0.0,0.0,0.0,0.0,0.0,0.0,0.0,0.0,0.0,no,0.0,0.0,0.0,0.0,0.0,2.52,809.1,0.0,1.0,0,0.0,0.0,0.0,0.0,0.0,0.0,0.0,0.0,0.0,0.0,0.0,0.0,0.0,0.0,0.0,0.0,0.0,0.0,0.0,0.0,0.0,207.0,12.0,6.0,0,0,0,0,0,0,0,0,0,0,0,0,0,0,0,0,0.0,0.0,FLTJDUOFAQWHDF-UHFFFAOYSA-N
86,E-cy-C5,1640-89-7,HC,86,C7H14,98.188,0.7710,296.37,33.977,0.2715,103.4670,86.178,358.0,Classic,57151.1,48.611958,-0.000399072,0.001455531,-1.87e-06,7.1965984e-10,none,0.0,0.0,0.0,0.0,0.0,1.8,0.076,0.0,0.0,2.52,809.1,0.0,3,-24.71,4210.0,0.0453,-3.38e-05,-229000.0,-19.2905,29814.5,-0.019678,0.000132,-3.11e-07,0,solvent,0.0,0.0,0.0,0.0,0.0789,-1.16,0.0,-0.384,0.00525,-6.37e-06,289.1,6000.0,1000.0,0.00611,273.0,273.0,-242000.0,189.0,0.0,0.0,0.0,0.0,0.0,0.0,0.0,0.0,0.0,0.0,52100000.0,0.32,-0.212,0.258,0.0,0.999,0.0,0.0,0.0,0.0,0.0,0.0,0.0,0.0,0.0,0,0,0.0,0.0,0.0,0.0,0.0,0.0,0.0,0.0,0.0,0.0,0.0,1,0.0,0.0,0.0,0.0,0.0,0.0,0.0,0.0,0.0,0.0,0.0,0.0,0.0,no,0.0,0.0,0.0,0.0,0.0,2.52,809.1,0.0,1.0,0,0.0,0.0,0.0,0.0,0.0,0.0,0.0,0.0,0.0,0.0,0.0,0.0,0.0,0.0,0.0,0.0,0.0,0.0,0.76425,-0.01317,0.28776,289.1,12.0,6.0,0,0,0,0,0,0,0,0,0,0,0,0,0,0,0,0,0.0,0.0,IFTRQJLVEBNKJK-UHFFFAOYSA-N
87,25-DM-C6,592-13-2,HC,87,C8H18,114.231,0.6918,280.35,25.6,0.344,109.1060,86.178,358.0,Classic,0.0,-11.365238,0.72568749,-0.000149568,-2.77e-07,1.5439098e-10,none,0.0,0.0,0.0,0.0,0.0,1.8,0.076,0.0,0.0,2.52,809.1,0.0,3,-24.71,4210.0,0.0453,-3.38e-05,-229000.0,-19.2905,29814.5,-0.019678,0.000132,-3.11e-07,0,solvent,0.0,0.0,0.0,0.0,0.0789,-1.16,0.0,-0.384,0.00525,-6.37e-06,207.0,6000.0,1000.0,0.00611,273.0,273.0,-242000.0,189.0,0.0,0.0,0.0,0.0,0.0,0.0,0.0,0.0,0.0,0.0,52100000.0,0.32,-0.212,0.258,0.0,0.999,0.0,0.0,0.0,0.0,0.0,0.0,0.0,0.0,0.0,0,0,0.0,0.0,0.0,0.0,0.0,0.0,0.0,0.0,0.0,0.0,0.0,1,0.0,0.0,0.0,0.0,0.0,0.0,0.0,0.0,0.0,0.0,0.0,0.0,0.0,no,0.0,0.0,0.0,0.0,0.0,2.52,809.1,0.0,1.0,0,0.0,0.0,0.0,0.0,0.0,0.0,0.0,0.0,0.0,0.0,0.0,0.0,0.0,0.0,0.0,0.0,0.0,0.0,0.0,0.0,0.0,207.0,12.0,6.0,0,0,0,0,0,0,0,0,0,0,0,0,0,0,0,0,0.0,0.0,UWNADWZGEHDQAB-UHFFFAOYSA-N
88,24-DM-C6,589-43-5,HC,88,C8H18,114.231,0.7070,280.35,25.6,0.3436,109.4320,86.178,358.0,Classic,0.0,-28.034808,0.90327453,-0.000604178,1.8e-07,-8.56342e-12,none,0.0,0.0,0.0,0.0,0.0,1.8,0.076,0.0,0.0,2.52,809.1,0.0,3,-24.71,4210.0,0.0453,-3.38e-05,-229000.0,-19.2905,29814.5,-0.019678,0.000132,-3.11e-07,0,solvent,0.0,0.0,0.0,0.0,0.0789,-1.16,0.0,-0.384,0.00525,-6.37e-06,207.0,6000.0,1000.0,0.00611,273.0,273.0,-242000.0,189.0,0.0,0.0,0.0,0.0,0.0,0.0,0.0,0.0,0.0,0.0,52100000.0,0.32,-0.212,0.258,0.0,0.999,0.0,0.0,0.0,0.0,0.0,0.0,0.0,0.0,0.0,0,0,0.0,0.0,0.0,0.0,0.0,0.0,0.0,0.0,0.0,0.0,0.0,1,0.0,0.0,0.0,0.0,0.0,0.0,0.0,0.0,0.0,0.0,0.0,0.0,0.0,no,0.0,0.0,0.0,0.0,0.0,2.52,809.1,0.0,1.0,0,0.0,0.0,0.0,0.0,0.0,0.0,0.0,0.0,0.0,0.0,0.0,0.0,0.0,0.0,0.0,0.0,0.0,0.0,0.88252,-0.20999,0.80415,207.0,12.0,6.0,0,0,0,0,0,0,0,0,0,0,0,0,0,0,0,0,0.0,0.0,HDGQICNBXPAKLR-UHFFFAOYSA-N
89,cis-13-DM-cy-C6,638-04-0,HC,89,C8H16,112.2080,0.7716,318.0,29.384,0.2366,120.0930,86.178,358.0,Classic,66908.2,-65.2,0.8839,-0.0004932,1.02e-07,0.0,none,0.0,0.0,0.0,0.0,0.0,1.8,0.076,0.0,0.0,2.52,809.1,0.0,3,-24.71,4210.0,0.0453,-3.38e-05,-229000.0,-19.2905,29814.5,-0.019678,0.000132,-3.11e-07,0,solvent,0.0,0.0,0.0,0.0,0.0789,-1.16,0.0,-0.384,0.00525,-6.37e-06,207.0,6000.0,1000.0,0.00611,273.0,273.0,-242000.0,189.0,0.0,0.0,0.0,0.0,0.0,0.0,0.0,0.0,0.0,0.0,52100000.0,0.32,-0.212,0.258,0.0,0.999,0.0,0.0,0.0,0.0,0.0,0.0,0.0,0.0,0.0,0,0,0.0,0.0,0.0,0.0,0.0,0.0,0.0,0.0,0.0,0.0,0.0,1,0.0,0.0,0.0,0.0,0.0,0.0,0.0,0.0,0.0,0.0,0.0,0.0,0.0,no,0.0,0.0,0.0,0.0,0.0,2.52,809.1,0.0,1.0,0,0.0,0.0,0.0,0.0,0.0,0.0,0.0,0.0,0.0,0.0,0.0,0.0,0.0,0.0,0.0,0.0,0.0,0.0,0.6313,0.68239,-0.76823,207.0,12.0,6.0,0,0,0,0,0,0,0,0,0,0,0,0,0,0,0,0,0.0,0.0,
90,3-M-C7,589-81-1,HC,90,C8H18,114.231,0.7254,290.52,25.463,0.3716,118.9320,86.178,358.0,Classic,68310.7,-9.22,0.786,-0.00044,9.6e-08,0.0,none,0.0,0.0,0.0,0.0,0.0,1.8,0.076,0.0,0.0,2.52,809.1,0.0,3,-24.71,4210.0,0.0453,-3.38e-05,-229000.0,-19.2905,29814.5,-0.019678,0.000132,-3.11e-07,0,solvent,0.0,0.0,0.0,0.0,0.0789,-1.16,0.0,-0.384,0.00525,-6.37e-06,326.6,6000.0,1000.0,0.00611,273.0,273.0,-242000.0,189.0,0.0,0.0,0.0,0.0,0.0,0.0,0.0,0.0,0.0,0.0,52100000.0,0.32,-0.212,0.258,0.0,0.999,0.0,0.0,0.0,0.0,0.0,0.0,0.0,0.0,0.0,0,0,0.0,0.0,0.0,0.0,0.0,0.0,0.0,0.0,0.0,0.0,0.0,1,0.0,0.0,0.0,0.0,0.0,0.0,0.0,0.0,0.0,0.0,0.0,0.0,0.0,no,0.0,0.0,0.0,0.0,0.0,2.52,809.1,0.0,1.0,0,0.0,0.0,0.0,0.0,0.0,0.0,0.0,0.0,0.0,0.0,0.0,0.0,0.0,0.0,0.0,0.0,0.0,0.0,0.92772,-0.27605,0.94295,326.6,12.0,6.0,0,0,0,0,0,0,0,0,0,0,0,0,0,0,0,0,0.0,0.0,LAIUFBWHERIJIH-UHFFFAOYSA-N
91,3-E-C6,619-99-8,HC,91,C8H18,114.231,0.7394,292.25,26.1,0.362,118.5400,86.178,358.0,Classic,0.0,0.0,0.0,0.0,0.0,0.0,none,0.0,0.0,0.0,0.0,0.0,1.8,0.076,0.0,0.0,2.52,809.1,0.0,3,-24.71,4210.0,0.0453,-3.38e-05,-229000.0,-19.2905,29814.5,-0.019678,0.000132,-3.11e-07,0,solvent,0.0,0.0,0.0,0.0,0.0789,-1.16,0.0,-0.384,0.00525,-6.37e-06,207.0,6000.0,1000.0,0.00611,273.0,273.0,-242000.0,189.0,0.0,0.0,0.0,0.0,0.0,0.0,0.0,0.0,0.0,0.0,52100000.0,0.32,-0.212,0.258,0.0,0.999,0.0,0.0,0.0,0.0,0.0,0.0,0.0,0.0,0.0,0,0,0.0,0.0,0.0,0.0,0.0,0.0,0.0,0.0,0.0,0.0,0.0,1,0.0,0.0,0.0,0.0,0.0,0.0,0.0,0.0,0.0,0.0,0.0,0.0,0.0,no,0.0,0.0,0.0,0.0,0.0,2.52,809.1,0.0,1.0,0,0.0,0.0,0.0,0.0,0.0,0.0,0.0,0.0,0.0,0.0,0.0,0.0,0.0,0.0,0.0,0.0,0.0,0.0,0.0,0.0,0.0,207.0,12.0,6.0,0,0,0,0,0,0,0,0,0,0,0,0,0,0,0,0,0.0,0.0,SFRKSDZMZHIISH-UHFFFAOYSA-N
92,ethylbenzene,100-41-4,HC,92,C8H10,106.168,0.871,344.02,36.094,0.3036,136.2000,86.178,358.0,Classic,62702.0,37.778816,0.087945492,0.001134362,-1.602e-06,6.555589e-10,none,0.0,0.0,0.0,0.0,0.0,0.59,0.076,0.0,0.0,2.52,809.1,0.0,3,-24.71,4210.0,0.0453,-3.38e-05,-229000.0,-19.2905,29814.5,-0.019678,0.000132,-3.11e-07,0,solvent,0.0,0.0,0.0,0.0,0.0789,-1.16,0.0,-0.384,0.00525,-6.37e-06,285.9,6000.0,1000.0,0.00611,273.0,273.0,-242000.0,189.0,0.0,0.0,0.0,0.0,0.0,0.0,0.0,0.0,0.0,0.0,52100000.0,0.32,-0.212,0.258,0.0,0.999,0.0,0.0,0.0,0.0,0.0,0.0,0.0,0.0,0.0,0,0,0.0,0.0,0.0,0.0,288600.0,10.872,0.8539,0.0,0.0,0.0,0.0,1,0.0,0.0,0.0,0.0,0.0,0.0,0.0,0.0,0.0,0.0,0.0,0.0,0.0,no,3.0799,3.7974,287.35,0.0,0.0,2.52,809.1,0.0,1.0,0,0.0,0.0,0.0,0.0,0.0,0.0,0.0,0.0,0.0,0.0,0.0,0.0,0.0,0.0,0.0,0.0,0.0,0.0,0.82853,-0.18209,0.65157,285.9,12.0,6.0,0,0,0,0,0,0.813,-0.0339,0.162,0.6287,-0.6682,0,0,0,0,0,0,0.0,0.0,YNQLUTRBYVCPMQ-UHFFFAOYSA-N
93,m-Xylene,108-38-3,HC,93,C8H10,106.17,0.868,343.9,35.412,0.326,139.12,106.167,358.0,Classic,62702.0,33.272628,0.145802618,0.000880452,-1.25e-06,4.9950512e-10,none,0.0,0.0,0.0,0.0,0.0,1.8,0.076,0.0,0.0,2.52,809.1,0.0,3,-24.71,4210.0,0.0453,-3.38e-05,-229000.0,-19.2905,29814.5,-0.019678,0.000132,-3.11e-07,0,solvent,0.0,0.0,0.0,0.0,0.0789,-1.16,0.0,-0.384,0.00525,-6.37e-06,301.4,6000.0,1000.0,0.00611,273.0,273.0,-242000.0,189.0,0.0,0.0,0.0,0.0,0.0,0.0,0.0,0.0,0.0,0.0,52100000.0,0.32,-0.212,0.258,0.0,0.999,0.0,0.0,0.0,0.0,0.0,0.0,0.0,0.0,0.0,1,1A,0.0,0.0,0.12,0.0,290860.0,10.872,0.8681,0.0,0.0,0.0,0.0,1,0.0,0.0,0.0,0.0,0.0,0.0,0.0,0.0,0.0,0.0,0.0,0.0,0.0,no,3.1861,3.7563,283.98,0.0,0.0,2.52,809.1,0.0,1.0,0,0.0,0.0,0.0,0.0,0.0,0.0,0.0,0.0,0.0,0.0,0.0,0.0,0.0,0.0,0.0,0.0,0.0,0.0,0.86653,-0.1874,0.49412,301.4,12.0,6.0,0,0,0,0,0,0.8576,-0.0879,0.0716,0.7303,-0.6691,0,0,0,0,0,0,0.0,0.0,IVSZLXZYQVIEFR-UHFFFAOYSA-N
94,p-Xylene,106-42-3,HC,94,C8H10,106.17,0.8655,343.08,35.108,0.3259,138.36,106.167,358.0,Classic,62702.0,34.195482,0.123953426,0.000981883,-1.39e-06,5.6003104e-10,none,0.0,0.0,0.0,0.0,0.0,1.8,0.076,0.0,0.0,2.52,809.1,0.0,3,-24.71,4210.0,0.0453,-3.38e-05,-229000.0,-19.2905,29814.5,-0.019678,0.000132,-3.11e-07,0,solvent,0.0,0.0,0.0,0.0,0.0789,-1.16,0.0,-0.384,0.00525,-6.37e-06,301.4,6000.0,1000.0,0.00611,273.0,273.0,-242000.0,189.0,0.0,0.0,0.0,0.0,0.0,0.0,0.0,0.0,0.0,0.0,52100000.0,0.32,-0.212,0.258,0.0,0.999,0.0,0.0,0.0,0.0,0.0,0.0,0.0,0.0,0.0,1,1A,0.0,0.0,0.12,0.0,293166.3,10.98,0.86256,0.0,0.0,0.0,0.0,1,0.0,0.0,0.0,0.0,0.0,0.0,0.0,0.0,0.0,0.0,0.0,0.0,0.0,no,0.0,0.0,0.0,0.0,0.0,2.52,809.1,0.0,1.0,0,0.0,0.0,0.0,0.0,0.0,0.0,0.0,0.0,0.0,0.0,0.0,0.0,0.0,0.0,0.0,0.0,0.0,0.0,0.87223,-0.31779,0.80879,301.4,12.0,6.0,0,0,0,0,0,0,0,0,0,0,0,0,0,0,0,0,0.0,0.0,URLKBWYHVLBVBO-UHFFFAOYSA-N
95,o-Xylene,95-47-6,HC,95,C8H10,106.167,0.8845,357.22,37.342,0.3127,144.4250,106.167,358.0,Classic,62702.0,27.344746,0.283873216,0.000414785,-6.92e-07,2.7752132e-10,none,0.0,0.0,0.0,0.0,0.0,1.8,0.076,0.0,0.0,2.52,809.1,0.0,3,-24.71,4210.0,0.0453,-3.38e-05,-229000.0,-19.2905,29814.5,-0.019678,0.000132,-3.11e-07,0,solvent,0.0,0.0,0.0,0.0,0.0789,-1.16,0.0,-0.384,0.00525,-6.37e-06,301.4,6000.0,1000.0,0.00611,273.0,273.0,-242000.0,189.0,0.0,0.0,0.0,0.0,0.0,0.0,0.0,0.0,0.0,0.0,52100000.0,0.32,-0.212,0.258,0.0,0.999,0.0,0.0,0.0,0.0,0.0,0.0,0.0,0.0,0.0,1,1A,0.0,0.0,0.12,0.0,0.0,0.0,0.0,0.0,0.0,0.0,0.0,1,0.0,0.0,0.0,0.0,0.0,0.0,0.0,0.0,0.0,0.0,0.0,0.0,0.0,no,0.0,0.0,0.0,0.0,0.0,2.52,809.1,0.0,1.0,0,0.0,0.0,0.0,0.0,0.0,0.0,0.0,0.0,0.0,0.0,0.0,0.0,0.0,0.0,0.0,0.0,0.0,0.0,0.84452,-0.2051,0.61154,301.4,12.0,6.0,0,0,0,0,0,0,0,0,0,0,0,0,0,0,0,0,0.0,0.0,CTQNGGLPUBDAKN-UHFFFAOYSA-N
96,2-M-C8,3221-61-2,HC,97,C9H20,128.2551,0.7032,313.6,22.9,0.4217,143.3000,86.178,358.0,Classic,78069.2,49.168996,0.391082246,0.000863575,-1.387e-06,5.6967528e-10,none,0.0,0.0,0.0,0.0,0.0,1.8,0.076,0.0,0.0,2.52,809.1,0.0,3,-24.71,4210.0,0.0453,-3.38e-05,-229000.0,-19.2905,29814.5,-0.019678,0.000132,-3.11e-07,0,solvent,0.0,0.0,0.0,0.0,0.0789,-1.16,0.0,-0.384,0.00525,-6.37e-06,359.4,6000.0,1000.0,0.00611,273.0,273.0,-242000.0,189.0,0.0,0.0,0.0,0.0,0.0,0.0,0.0,0.0,0.0,0.0,52100000.0,0.32,-0.212,0.258,0.0,0.999,0.0,0.0,0.0,0.0,0.0,0.0,0.0,0.0,0.0,0,0,0.0,0.0,0.0,0.0,0.0,0.0,0.0,0.0,0.0,0.0,0.0,1,0.0,0.0,0.0,0.0,0.0,0.0,0.0,0.0,0.0,0.0,0.0,0.0,0.0,no,3.9174,3.8682,241.75,0.0,0.0,2.52,809.1,0.0,1.0,0,0.0,0.0,0.0,0.0,0.0,0.0,0.0,0.0,0.0,0.0,0.0,0.0,0.0,0.0,0.0,0.0,0.0,0.0,0.0,0.0,0.0,359.4,12.0,6.0,0,0,0,0,0,0,0,0,0,0,0,0,0,0,0,0,0.0,0.0,ZUBZATZOEPUUQF-UHFFFAOYSA-N
97,ethylcyclohexane,1678-91-7,HC,98,C8H16,112.2126,0.7924,336.0,30.398,0.2455,131.9000,86.178,358.0,Classic,66908.2,-63.9,0.8894,-0.0005108,1.1e-07,0.0,none,0.0,0.0,0.0,0.0,0.0,0.0,0.076,0.0,0.0,2.52,809.1,0.0,3,-24.71,4210.0,0.0453,-3.38e-05,-229000.0,-19.2905,29814.5,-0.019678,0.000132,-3.11e-07,0,solvent,0.0,0.0,0.0,0.0,0.0789,-1.16,0.0,-0.384,0.00525,-6.37e-06,207.0,6000.0,1000.0,0.00611,273.0,273.0,-242000.0,189.0,0.0,0.0,0.0,0.0,0.0,0.0,0.0,0.0,0.0,0.0,52100000.0,0.32,-0.212,0.258,0.0,0.999,0.0,0.0,0.0,0.0,0.0,0.0,0.0,0.0,0.0,0,0,0.0,0.0,0.0,0.0,0.0,0.0,0.0,0.0,0.0,0.0,0.0,1,0.0,0.0,0.0,0.0,0.0,0.0,0.0,0.0,0.0,0.0,0.0,0.0,0.0,no,0.0,0.0,0.0,0.0,0.0,2.52,809.1,0.0,1.0,0,0.0,0.0,0.0,0.0,0.0,0.0,0.0,0.0,0.0,0.0,0.0,0.0,0.0,0.0,0.0,0.0,0.0,0.0,0.63637,0.72751,-0.81316,207.0,12.0,6.0,0,0,0,0,0,0,0,0,0,0,0,0,0,0,0,0,0.0,0.0,IIEWJVIFRVWJOD-UHFFFAOYSA-N
98,i-pentane,78-78-4,HC,99,iC5,72.151,0.626,187.28,33.812,0.2275,27.8,72.151,306.0,Classic,39036.6,16.287126,0.317519974,0.000202362,-4.3e-07,1.799981e-10,log,72.35,-5010.9,-7.883,8.979e-06,2.0,0.13,0.0,0.0,0.0,5.784,341.1,0.0,2,-7.811,3140.0,0.0,0.0,-14000.0,-19.2905,29814.5,-0.019678,0.013189,0.031144,0,solute,0.0,0.0,0.0,0.0,-0.030486678,-4.461903736,4.285718649,0.215429,-0.0003395714,-1.571429e-07,225.0,6000.0,1000.0,1e-09,113.25,113.45,-242000.0,189.0,12.7,0.0,0.0,0.0,0.0,0.0,0.0,0.0,0.0,0.0,52100000.0,0.32,-0.212,0.258,0.0,0.999,0.857887409,-0.267638226,0.458642756,0.0,0.0,0.0,0.342669912,0.851893781,1.921875279,0,0,0.0,0.0,0.0,0.0,0.0,0.0,0.0,0.0,0.0,0.0,5.34755,1,1.0,-17.0852,0.0,0.0,2.7507e-05,0.0,0.0,0.0,0.0,0.0,0.0,0.0,0.0,no,2.562,3.8296,230.75,0.0,0.0,5.784,341.1,0.0,1.0,0,0.0,0.0,0.0,0.0,0.0,0.0,0.0,0.0,0.0,0.0,0.0,0.0,0.0,0.0,0.0,0.0,0.0,0.0,0.71582,-0.10058,0.38314,225.0,12.0,6.0,0,0,0,0,0,0.7008,-0.0082,0.2062,0.1692,-0.2905,0,0,0,0,0,0,0.0,0.0,QWTDNUCVQCZILF-UHFFFAOYSA-N
99,H2S,7783-06-4,inert,100,H2S,34.08,1.1,100.38,89.607,0.0942,-59.65,34.08,98.5,Classic,12550.9,35.467524,-0.028583532,0.000109661,-1.1e-07,4.057232e-11,log,-6.95626,1.19695,-3.12614,2.99448,0.0,0.97,0.0,0.0,0.0,3.62,195.2,0.0,2,-7.811,3140.0,0.0,0.0,-33400.0,2.0,0.0,0.0,0.0,0.0,0,solute,0.0,0.0,0.0,0.059565,0.01857,0.0,-2.078,0.366,-0.00086,-3.2e-07,80.1,6000.0,1000.0,0.232,187.66,187.66,-20600.0,205.8,53.0,-0.00784,0.0,0.0,0.0,0.0,0.0,0.0,0.0,0.0,52100000.0,0.32,-0.212,0.258,0.0,0.1,0.5507,0.4534,-0.5841,0.0,0.0,0.0,0.0,0.0,0.0,2,2A,0.0,0.0,0.001160489,5000.0,44505.0,2.85,0.60265,0.0,0.0,0.0,0.0,1,4.43681,-829.439,-25.412,0.0,0.0,0.009928,2999.0,0.01613,3737.0,0.0002684,4242.0,0.8553,2325.0,yes,1.6941,3.0214,226.79,0.0,0.0,3.941,195.2,0.0,1.0,0,4119.56,0.004,3141.6,0.295855,2936.13,0.00124496,2778.0,0.339898,0.0,0.0,0.0,0.0,0.0,0.0,0.0,0.0,0.0,0.0,0.50909,-0.002814,0.36215,80.1,12.0,6.0,0,0,0,0,0,0,0,0,0,0,0,0,0,0,0,0,0.0,0.0,RWSOTUBLDIXVET-UHFFFAOYSA-N
100,S8,10544-50-0,other,101,S8,256.48,0.99,885.0,63.0,0.2059,444.6,256.48,449.5,Classic,68312.1,89.990736,0.041428662,0.001475818,-1.923e-06,7.465972e-10,log,5.2012,1936.281,-20.143,1000.0,0.0,0.0,0.0,0.0,0.0,6.0,454.0,0.3834,3,-24.71,4210.0,0.0453,-3.38e-05,48170.0,-19.2905,29814.5,-0.019678,0.000132,-3.11e-07,0,solute,0.0,0.0,0.0,0.0,0.0,0.0,0.0,-0.384,0.00525,-6.37e-06,351.0,12860.0,1000.0,3.9662e-05,392.75,392.75,100420.0,430.31,12.0,1.0,1.0,1.0,0.0,0.0,0.0,0.0,0.0,0.0,0.0,0.0,0.0,0.0,0.0,0.99,0.0,0.0,0.0,0.0,0.0,0.0,0.0,0.0,0.0,0,0,0.0,0.0,0.0,0.0,0.0,0.0,0.0,0.0,0.0,0.0,0.0,1,8.046,-4600.0,-144.0,0.0,0.0,0.0,0.0,0.0,0.0,0.0,0.0,0.0,0.0,no,0.0,0.0,0.0,0.0,0.0,1.2,132.0,0.3834,1.0,0,0.0,0.0,0.0,0.0,0.0,0.0,0.0,0.0,0.0,0.0,0.0,0.0,0.0,0.0,0.0,0.0,0.0,0.0,0.0,0.0,0.0,351.0,12.0,6.0,0,0,0,0,0,0,0,0,0,0,0,0,0,0,0,0,0.0,0.0,JLQNHALFVCURHW-UHFFFAOYSA-N
101,acetic acid,64-19-7,acid,102,C2H4O2,60.053,0.99,318.8,57.86,0.462,117.89,60.05,171.0,Classic,0.0,0.0,0.0,0.0,0.0,0.0,log,4.68206,1642.54,-39.764,0.0,0.0,0.0,0.0,0.0,0.0,3.82,132.0,0.3834,3,-24.0,1122.0,0.2,0.0,-374200.0,6.2,0.0,0.0,0.0,0.0,0,solute,0.0,0.0,0.0,0.0,0.1032,0.00365,-2.064,0.0,0.0,0.0,0.0,0.0,1000.0,3.9662e-05,250.0,250.0,-432800.0,0.0,12.0,1.0,1.0,1.0,0.0,0.0,0.0,0.0,0.0,0.0,0.0,0.0,0.0,0.0,0.0,0.99,0.0,0.0,0.0,0.0,0.0,0.0,0.0,0.0,0.0,0,1A,0.0,0.0,0.00452,40323.0,91195.7,4.6818,0.4644,0.0,0.0,0.0,0.0,1,8.046,-4600.0,-144.0,0.0,0.0,0.0,0.0,0.0,0.0,0.0,0.0,0.0,0.0,no,1.3403,3.8582,211.59,0.0756,3044.4,3.82,132.0,0.3834,1.0,0,0.0,0.0,0.0,0.0,0.0,0.0,0.0,0.0,0.0,0.0,0.0,0.0,0.0,0.0,0.0,0.0,0.0,0.0,0.0,0.0,0.0,0.0,12.0,6.0,0,0,0,0,0,0,0,0,0,0,0,0,0,0,0,0,0.0,0.0,QTBSBXVTEAMEQO-UHFFFAOYSA-N
102,Ac-,0-0-0-0,ion,103,Ac-,59.053,0.99,319.55,57.86,0.462,117.89,59.053,171.0,Classic,0.0,0.0,0.0,0.0,0.0,0.0,none,0.0,0.0,0.0,0.0,0.0,0.0,0.0,0.0,0.0,3.82,132.0,0.3834,3,-24.0,1122.0,0.2,0.0,-50000.0,0.0,0.0,0.0,0.0,0.0,-1,solute,0.0,0.0,0.0,0.0,0.1032,0.00365,-2.064,0.0,0.0,0.0,0.0,0.0,1000.0,3.9662e-05,250.0,250.0,0.0,0.0,12.0,1.0,1.0,1.0,0.0,0.0,0.0,0.0,0.0,0.0,0.0,0.0,0.0,0.0,0.0,0.99,0.0,0.0,0.0,0.0,0.0,0.0,0.0,0.0,0.0,0,0,0.0,0.0,0.0,0.0,0.0,0.0,0.0,0.0,0.0,0.0,0.0,1,8.046,-4600.0,-144.0,0.0,0.0,0.0,0.0,0.0,0.0,0.0,0.0,0.0,0.0,no,0.0,0.0,0.0,0.0,0.0,3.82,132.0,0.3834,1.0,0,0.0,0.0,0.0,0.0,0.0,0.0,0.0,0.0,0.0,0.0,0.0,0.0,0.0,0.0,0.0,0.0,0.0,0.0,0.0,0.0,0.0,0.0,12.0,6.0,0,0,0,0,0,0,0,0,0,0,0,0,0,0,0,0,0.0,0.0,
103,neon,7440-01-9,inert,104,Ne,20.18,0.65,-228.75,26.652,-0.376,-248.7,18.05,25.0,Classic,0.0,0.0,0.0,0.0,0.0,0.0,log,29.755,-271.06,-2.6081,0.000527,2.0,1.8,0.076,0.0,0.0,0.0,0.0,0.0,2,0.0,0.0,0.0,0.0,0.0,0.0,0.0,0.0,0.0,0.0,0,solute,0.0,0.0,0.0,0.0,0.004662711,-207.8880732,167.1564974,0.0,0.0,0.0,207.0,6000.0,1000.0,0.438,24.56,24.45,-242000.0,189.0,74.691,0.0,0.0,0.0,0.0,0.0,0.0,0.0,0.0,0.0,0.0,0.0,0.0,0.0,0.0,0.0,0.484453999,-0.508813922,0.722394513,0.0,0.0,0.0,0.088380472,0.940022294,3.401190177,0,0,0.0,0.0,0.0,0.0,0.0,0.0,0.0,0.0,0.0,0.0,3.75641,1,1.0,-1.503,0.0,0.0,0.0,0.0,0.0,0.0,0.0,0.0,0.0,0.0,0.0,no,1.0,2.8019,37.3,0.0,0.0,0.0,0.0,0.0,1.0,0,0.0,0.0,0.0,0.0,0.0,0.0,0.0,0.0,0.0,0.0,0.0,0.0,0.0,0.0,0.0,0.0,0.0,0.0,0.0,0.0,0.0,207.0,12.0,6.0,0,0,0,0,0,0,0,0,0,0,0,0,0,0,0,0,0.0,0.0,GKAOGPIIYCISHV-UHFFFAOYSA-N
104,acetone,67-64-1,other,105,Acetone,58.08,0.9,234.95,48.0,0.559,64.55,32.042,99.0,Classic,0.0,42.617564,0.012562454,0.000476475,-5.96e-07,2.2680592e-10,pow10,4.42448,1312.253,240.705,0.0,0.0,1.7,0.215,0.0,0.0,3.626,481.8,0.0,3,-39.35,4826.0,0.1091,-0.000113,57900.0,-19.2905,29814.5,-0.019678,0.013189,0.031144,0,solvent,0.0,0.0,0.0,0.0,0.0,0.0,0.0,-0.384,0.00525,-6.37e-06,207.0,6000.0,1000.0,0.00611,273.0,273.0,-242000.0,189.0,0.0,0.0,0.0,0.0,0.0,0.0,0.0,0.0,0.0,0.0,52100000.0,0.32,-0.212,0.258,0.0,0.797,1.4371,-0.79942,0.3278,0.0,0.0,0.0,0.0,0.0,0.0,2,2B,0.0,0.0,0.0154,24476.0,40220.0,3.12,0.4623,47052.0,3.3,0.9037,0.0449,1,17.38710706,-7582.40622,0.0,0.0,0.0,0.0,0.0,0.0,0.0,0.0,0.0,0.0,0.0,no,2.7447,3.2742,232.99,0.0,0.0,3.626,481.8,0.0,1.0,0,0.0,0.0,0.0,0.0,0.0,0.0,0.0,0.0,0.0,0.0,0.0,0.0,0.0,0.0,0.0,0.0,0.0,0.0,0.0,0.0,0.0,207.0,12.0,6.0,0,0,0,0,0,0,0,0,0,0,0,0,0,0,0,0,0.0,0.0,CSCPPACGZOOCGX-UHFFFAOYSA-N
105,HS-,15035-72-0,ion,106,HS-,33.08,1.1,100.05,89.37,0.1,-59.65,34.08,98.5,Classic,0.0,0.0,0.0,0.0,0.0,0.0,none,0.0,0.0,0.0,0.0,0.0,0.0,0.0,0.0,0.0,3.6,195.2,0.0,2,-7.811,3140.0,0.0,0.0,12080.0,2.0,0.0,0.0,0.0,0.0,-1,solute,0.0,0.0,0.0,0.0,0.0,0.0,0.0,-0.384,0.00525,-6.37e-06,207.0,6000.0,1000.0,0.232,187.66,187.66,-17600.0,62.8,0.0,0.0,0.0,0.0,0.0,0.0,0.0,0.0,0.0,0.0,52100000.0,0.32,-0.212,0.258,0.0,0.1,0.8252,0.2515,-1.7039,0.0,0.0,0.0,0.0,0.0,0.0,0,0,0.0,0.0,0.001160489,5000.0,34369.093554,2.706357876,0.804782959,0.0,0.0,0.0,0.0,1,4.43681,-829.439,-25.412,0.0,0.0,0.0,0.0,0.0,0.0,0.0,0.0,0.0,0.0,no,0.0,0.0,0.0,0.0,0.0,3.6,195.2,0.0,1.0,0,0.0,0.0,0.0,0.0,0.0,0.0,0.0,0.0,0.0,0.0,0.0,0.0,0.0,0.0,0.0,0.0,0.0,0.0,0.0,0.0,0.0,207.0,12.0,6.0,0,0,0,0,0,0,0,0,0,0,0,0,0,0,0,0,0.0,0.0,RWSOTUBLDIXVET-UHFFFAOYSA-M
106,S--,18496-25-8,ion,107,S--,32.08,1.1,100.05,89.37,0.1,-59.65,34.08,98.5,Classic,0.0,0.0,0.0,0.0,0.0,0.0,none,0.0,0.0,0.0,0.0,0.0,0.0,0.0,0.0,0.0,3.5,195.2,0.0,2,-7.811,3140.0,0.0,0.0,85800.0,2.0,0.0,0.0,0.0,0.0,-2,solute,0.0,0.0,0.0,0.0,0.0,0.0,0.0,-0.384,0.00525,-6.37e-06,207.0,6000.0,1000.0,0.232,187.66,187.66,33100.0,-14.6,0.0,0.0,0.0,0.0,0.0,0.0,0.0,0.0,0.0,0.0,52100000.0,0.32,-0.212,0.258,0.0,0.1,0.8252,0.2515,-1.7039,0.0,0.0,0.0,0.0,0.0,0.0,0,0,0.0,0.0,0.0,0.0,0.0,0.0,0.0,0.0,0.0,0.0,0.0,1,4.43681,-829.439,-25.412,0.0,0.0,0.0,0.0,0.0,0.0,0.0,0.0,0.0,0.0,no,0.0,0.0,0.0,0.0,0.0,3.5,195.2,0.0,1.0,0,0.0,0.0,0.0,0.0,0.0,0.0,0.0,0.0,0.0,0.0,0.0,0.0,0.0,0.0,0.0,0.0,0.0,0.0,0.0,0.0,0.0,207.0,12.0,6.0,0,0,0,0,0,0,0,0,0,0,0,0,0,0,0,0,0.0,0.0,UCKMPCXJQFINFW-UHFFFAOYSA-N
107,ethanol,64-17-5,alcohol,108,C2H6O,46.06922,0.797,240.77,61.4,0.644,64.55,32.042,99.0,Classic,20891.5,36.548344,0.005221192,0.000461094,-5.83e-07,2.232309e-10,pow10,5.33675,1648.22,230.918,0.0,0.0,1.7,0.215,0.0,0.0,3.626,481.8,0.0,3,-39.35,4826.0,0.1091,-0.000113,-168490.0,-29.23,16034.49,0.0,0.0,0.0,0,solvent,0.0,0.0,0.0,0.0,0.0,0.0,0.0,0.26,-0.00029,1.5e-07,0.0,6000.0,1000.0,0.00611,273.0,273.0,-235100.0,281.6,0.0,0.0,0.0,0.0,0.0,0.0,0.0,0.0,0.0,0.0,52100000.0,0.32,-0.212,0.258,0.0,0.797,1.4371,-0.79942,0.3278,0.0,0.0,0.0,0.0,0.0,0.0,2,2B,0.0,0.0,0.008,21532.01,86716.09,4.908,0.7369,47052.0,3.3,0.9037,0.0449,1,17.38710706,-7582.40622,0.0,0.0,0.0,0.0,0.0,0.0,0.0,0.0,0.0,0.0,0.0,no,2.3827,3.1771,198.24,0.03238,22060.3676,3.626,481.8,0.0,1.0,0,0.0,0.0,0.0,0.0,0.0,0.0,0.0,0.0,0.0,0.0,0.0,0.0,0.0,0.0,0.0,0.0,0.0,0.0,0.0,0.0,0.0,0.0,12.0,6.0,0,0,0,0,0,-0.49999,2.02553,2.99972,0.0,0.0,3.48727,0.03795,309.3576,0.01369,2B,1,0.0,0.0,LFQSCWFLJHTTHZ-UHFFFAOYSA-N
108,DEA,0-0-0-0,amine,109,DEA,119.1632,1.038,240.75,61.4,0.644,140.0,119.16,99.0,Classic,0.0,0.0,0.0,0.0,0.0,0.0,none,0.0,0.0,0.0,0.0,0.0,1.7,0.0,0.0,0.0,4.5,481.8,0.0,3,-75.19,12680.0,0.1573,-0.0001225,57900.0,-5.95,9276.38,-6.21e-06,0.0,0.0,0,solvent,0.0,0.0,0.0,0.0,0.07598,-1.3555,0.0,-0.384,0.00525,-6.37e-06,207.0,6000.0,1000.0,0.00611,273.0,273.0,-242000.0,189.0,0.0,0.0,0.0,0.0,0.0,0.0,0.0,0.0,0.0,0.0,52100000.0,0.32,-0.212,0.258,0.0,0.797,0.0,0.0,0.0,0.0,0.0,0.0,0.0,0.0,0.0,4,0,0.0,0.0,0.054120713,12000.0,258457.0977,10.75100889,1.364219207,376276.884,10.78358585,1.258298307,0.0,1,17.38710706,1.76274587,0.0,0.0,0.0,0.0,0.0,0.0,0.0,0.0,0.0,0.0,0.0,no,3.8656,3.2073,275.43,0.01,18230.0,4.5,481.8,0.0,1.0,0,0.0,0.0,0.0,0.0,0.0,0.0,0.0,0.0,0.0,0.0,0.0,0.0,0.0,0.0,0.0,0.0,0.0,0.0,0.0,0.0,0.0,207.0,12.0,6.0,0,0,0,0,0,0,0,0,0,0,0,0,0,0,0,0,0.0,0.0,DFWFIQKMSFGDCQ-UHFFFAOYSA-N
109,DEA+,0-0-0-0,ion,110,CH4O,120.1632,1.038,403.85,38.76,1.242,64.55,119.16,99.0,Classic,0.0,0.0,0.0,0.0,0.0,0.0,none,0.0,0.0,0.0,0.0,0.0,1.7,0.0,0.0,0.0,4.4,481.8,0.0,3,-39.35,4826.0,0.1091,-0.000113,0.0,0.0,0.0,0.0,0.0,0.0,1,solute,0.0,0.0,0.0,0.0,0.0,0.0,0.0,-0.384,0.00525,-6.37e-06,207.0,6000.0,1000.0,0.00611,273.0,273.0,-242000.0,189.0,0.0,0.0,0.0,0.0,0.0,0.0,0.0,0.0,0.0,0.0,52100000.0,0.32,-0.212,0.258,0.0,0.797,0.0,0.0,0.0,0.0,0.0,0.0,0.0,0.0,0.0,0,0,0.0,0.0,0.0,0.0,0.0,0.0,0.0,0.0,0.0,0.0,0.0,1,0.0,0.0,0.0,0.0,0.0,0.0,0.0,0.0,0.0,0.0,0.0,0.0,0.0,no,0.0,0.0,0.0,0.0,0.0,4.4,481.8,0.0,1.0,0,0.0,0.0,0.0,0.0,0.0,0.0,0.0,0.0,0.0,0.0,0.0,0.0,0.0,0.0,0.0,0.0,0.0,0.0,0.0,0.0,0.0,207.0,12.0,6.0,0,0,0,0,0,0,0,0,0,0,0,0,0,0,0,0,0.0,0.0,
110,DEACOO-,0-0-0-0,ion,111,PiperazineCarbamate,121.0,1.038,364.85,68.7,0.8,140.0,119.16,99.0,Classic,0.0,0.0,0.0,0.0,0.0,0.0,none,0.0,0.0,0.0,0.0,0.0,1.7,0.0,0.0,0.0,6.0,481.8,0.0,3,-75.19,12680.0,0.1573,-0.0001225,57900.0,8.16976,8989.3,0.0,0.0,0.0,-1,solute,0.0,0.0,0.0,0.0,0.0,0.0,0.0,0.0,0.00525,-6.37e-06,207.0,6000.0,1000.0,0.00611,273.0,273.0,-242000.0,189.0,0.0,0.0,0.0,0.0,0.0,0.0,0.0,0.0,0.0,0.0,52100000.0,0.32,-0.212,0.258,0.0,0.797,0.0,0.0,0.0,0.0,0.0,0.0,0.0,0.0,0.0,4,0,0.0,0.0,0.054120713,12000.0,258457.0977,10.75100889,1.364219207,376276.884,10.78358585,1.258298307,0.0,1,17.38710706,1.76274587,0.0,0.0,0.0,0.0,0.0,0.0,0.0,0.0,0.0,0.0,0.0,no,0.0,0.0,0.0,0.0,0.0,6.0,481.8,0.0,1.0,0,0.0,0.0,0.0,0.0,0.0,0.0,0.0,0.0,0.0,0.0,0.0,0.0,0.0,0.0,0.0,0.0,0.0,0.0,0.0,0.0,0.0,207.0,12.0,6.0,0,0,0,0,0,0,0,0,0,0,0,0,0,0,0,0,0.0,0.0,
111,Piperazine++,0-0-0-0,ion,112,Piperazine++,88.137,1.038,364.85,68.7,0.8,140.0,119.16,99.0,Classic,0.0,0.0,0.0,0.0,0.0,0.0,none,0.0,0.0,0.0,0.0,0.0,1.7,0.0,0.0,0.0,3.0,481.8,0.0,3,-75.19,12680.0,0.1573,-0.0001225,57900.0,8.16976,8989.3,0.0,0.0,0.0,2,solute,0.0,0.0,0.0,0.0,0.0,0.0,0.0,0.0,0.00525,-6.37e-06,207.0,6000.0,1000.0,0.00611,273.0,273.0,-242000.0,189.0,0.0,0.0,0.0,0.0,0.0,0.0,0.0,0.0,0.0,0.0,52100000.0,0.32,-0.212,0.258,0.0,0.797,0.0,0.0,0.0,0.0,0.0,0.0,0.0,0.0,0.0,4,0,0.0,0.0,0.054120713,12000.0,258457.0977,10.75100889,1.364219207,376276.884,10.78358585,1.258298307,0.0,1,17.38710706,1.76274587,0.0,0.0,0.0,0.0,0.0,0.0,0.0,0.0,0.0,0.0,0.0,no,0.0,0.0,0.0,0.0,0.0,3.0,481.8,0.0,1.0,0,0.0,0.0,0.0,0.0,0.0,0.0,0.0,0.0,0.0,0.0,0.0,0.0,0.0,0.0,0.0,0.0,0.0,0.0,0.0,0.0,0.0,207.0,12.0,6.0,0,0,0,0,0,0,0,0,0,0,0,0,0,0,0,0,0.0,0.0,
112,CaCO3,0-0-0-0,ion,113,CaCO3,124.0,0.797,400.0,220.0,0.3,64.55,32.042,99.0,Classic,0.0,0.0,0.0,0.0,0.0,0.0,none,0.0,0.0,0.0,0.0,0.0,1.7,0.0,0.0,0.0,6.2,481.8,0.0,3,-39.35,4826.0,0.1091,-0.000113,-587000.0,2.0,0.0,0.0,0.0,0.0,0,solute,0.0,0.0,0.0,0.0,0.0,0.0,0.0,-0.384,0.00525,-6.37e-06,207.0,6000.0,1000.0,0.00611,273.0,273.0,-242000.0,189.0,0.0,0.0,0.0,0.0,0.0,0.0,0.0,0.0,0.0,0.0,52100000.0,0.32,-0.212,0.258,0.0,0.797,0.0,0.0,0.0,0.0,0.0,0.0,0.0,0.0,0.0,0,0,0.0,0.0,0.0,0.0,0.0,0.0,0.0,0.0,0.0,0.0,0.0,1,0.0,0.0,0.0,0.0,0.0,0.0,0.0,0.0,0.0,0.0,0.0,0.0,0.0,no,0.0,0.0,0.0,0.0,0.0,6.2,481.8,0.0,1.0,0,0.0,0.0,0.0,0.0,0.0,0.0,0.0,0.0,0.0,0.0,0.0,0.0,0.0,0.0,0.0,0.0,0.0,0.0,0.0,0.0,0.0,207.0,12.0,6.0,0,0,0,0,0,0,0,0,0,0,0,0,0,0,0,0,0.0,0.0,VTYYLEPIZMXCLO-UHFFFAOYSA-L
113,water,7732-18-5,water,114,H2O,18.015,0.999,374.15,220.89,0.344,100.0,18.015,56.0,Classic,1374.6,36.54003,-0.034802404,0.000116811,-1.3e-07,5.254448e-11,pow10,5.11564,1687.537,230.17,0.0,0.0,1.8,0.076,0.235662374,0.0,2.52,809.1,0.0,3,-27.952757828,4665.22592993,0.052323342,-3.8356e-05,-228572.0,-19.2905,29814.5,-0.019678,0.000132,-3.11e-07,0,solvent,0.0,0.0,0.0,0.0,0.054783425,0.094678512,-2.267329403,-0.384,0.00525,-6.37e-06,52.8786226,6010.0,1000.0,0.00611,273.16,273.15,-241818.0,188.8,0.0,0.0,0.0,0.0,0.0,5.459,0.30542,647.13,0.081,0.0,52100000.0,0.32,-0.212,0.258,0.0,0.999,1.087,-0.638,0.635,0.0,0.0,0.0,0.168272437,0.908482584,5.240427372,4,4C,0.296941807,0.000718744,0.0692,16655.0,12277.0,1.4515,0.67359,13855.59696,1.456360879,0.664155324,0.046473789,1,17.38710706,-6141.762746,0.0,0.0,0.0,0.0,0.0,0.0,0.0,0.0,0.0,0.0,0.0,no,1.0656,3.0007,366.51,0.034868,20790.8198,2.52,809.1,0.0,1.0,0,0.0,0.0,0.0,0.0,0.0,0.0,0.0,0.0,-262.49,140.52,0.0,0.0,0.0,276370.0,-2090.1,8.125,-0.014116,9.37e-06,0.923656,-0.37937,0.442429,52.419867266,17.02,6,1,3.0063,266.68,16506.6756,1.0169e-28,1.895,-0.9913,1.2103,0.0,0.0,1.0307,0.0147,141.77,0.125,4C,1,0.262676,0.0,XLYOFNOQVPJJNP-UHFFFAOYSA-N
114,F-,16984-48-8,ion,115,F-,19.0,1.0,444.15,290.89,0.344,64.55,19.0,99.0,Classic,0.0,0.0,0.0,0.0,0.0,0.0,none,0.0,0.0,0.0,0.0,0.0,1.7,0.215,0.0,0.0,2.72,481.8,0.0,3,-39.35,4826.0,0.1091,-0.000113,-278790.0,0.0,0.0,0.0,0.0,0.0,-1,solute,0.0,0.0,0.0,0.0,0.0,0.0,0.0,-0.384,0.00525,-6.37e-06,207.0,6000.0,1000.0,0.00611,273.0,273.0,-332630.0,-13.8,0.0,0.0,0.0,0.0,0.0,0.0,0.0,0.0,0.0,0.0,52100000.0,0.32,-0.212,0.258,0.0,0.797,0.0,0.0,0.0,0.0,0.0,0.0,0.0,0.0,0.0,0,0,0.0,0.0,0.0,0.0,0.0,0.0,0.0,0.0,0.0,0.0,0.0,1,0.0,0.0,0.0,0.0,0.0,0.0,0.0,0.0,0.0,0.0,0.0,0.0,0.0,no,0.0,0.0,0.0,0.0,0.0,2.72,481.8,0.0,1.0,0,0.0,0.0,0.0,0.0,0.0,0.0,0.0,0.0,0.0,0.0,0.0,0.0,0.0,0.0,0.0,0.0,0.0,0.0,0.0,0.0,0.0,207.0,12.0,6.0,0,0,0,0,0,0,0,0,0,0,0,0,0,0,0,0,0.0,0.0,KRHYYFGTRYWZRS-UHFFFAOYSA-M
115,Fe++,15438-31-0,ion,116,Fe++,55.85,0.797,444.15,290.89,0.344,55.85,40.08,99.0,Classic,0.0,0.0,0.0,0.0,0.0,0.0,none,0.0,0.0,0.0,0.0,0.0,1.7,0.215,0.0,0.0,6.0,481.8,0.0,3,-39.35,4826.0,0.1091,-0.000113,-78870.0,0.0,0.0,0.0,0.0,0.0,2,solute,0.0,0.0,0.0,0.0,0.0,0.0,0.0,-0.384,0.00525,-6.37e-06,207.0,6000.0,1000.0,0.00611,273.0,273.0,-89100.0,-137.7,0.0,0.0,0.0,0.0,0.0,0.0,0.0,0.0,0.0,0.0,52100000.0,0.32,-0.212,0.258,0.0,0.797,0.0,0.0,0.0,0.0,0.0,0.0,0.0,0.0,0.0,0,0,0.0,0.0,0.0,0.0,0.0,0.0,0.0,0.0,0.0,0.0,0.0,1,0.0,0.0,0.0,0.0,0.0,0.0,0.0,0.0,0.0,0.0,0.0,0.0,0.0,no,0.0,0.0,0.0,0.0,0.0,6.0,481.8,0.0,1.0,0,0.0,0.0,0.0,0.0,0.0,0.0,0.0,0.0,0.0,0.0,0.0,0.0,0.0,0.0,0.0,0.0,0.0,0.0,0.0,0.0,0.0,207.0,12.0,6.0,0,0,0,0,0,0,0,0,0,0,0,0,0,0,0,0,0.0,0.0,CWYNVVGOOAEACU-UHFFFAOYSA-N
116,Pb++,14280-50-3,ion,118,Pb++,207.2,0.797,444.15,290.89,0.344,64.55,207.2,99.0,Classic,0.0,0.0,0.0,0.0,0.0,0.0,none,0.0,0.0,0.0,0.0,0.0,1.7,0.215,0.0,0.0,5.66,481.8,0.0,3,-39.35,4826.0,0.1091,-0.000113,-24430.0,0.0,0.0,0.0,0.0,0.0,2,solute,0.0,0.0,0.0,0.0,0.0,0.0,0.0,-0.384,0.00525,-6.37e-06,207.0,6000.0,1000.0,0.00611,273.0,273.0,-1700.0,10.5,0.0,0.0,0.0,0.0,0.0,0.0,0.0,0.0,0.0,0.0,52100000.0,0.32,-0.212,0.258,0.0,1.038,0.0,0.0,0.0,0.0,0.0,0.0,0.0,0.0,0.0,0,0,0.0,0.0,0.0,0.0,0.0,0.0,0.0,0.0,0.0,0.0,0.0,1,0.0,0.0,0.0,0.0,0.0,0.0,0.0,0.0,0.0,0.0,0.0,0.0,0.0,no,0.0,0.0,0.0,0.0,0.0,5.66,481.8,0.0,1.0,0,0.0,0.0,0.0,0.0,0.0,0.0,0.0,0.0,0.0,0.0,0.0,0.0,0.0,0.0,0.0,0.0,0.0,0.0,0.0,0.0,0.0,207.0,12.0,6.0,0,0,0,0,0,0,0,0,0,0,0,0,0,0,0,0,0.0,0.0,RVPVRDXYQKGNMQ-UHFFFAOYSA-N
117,NO3-,14797-55-8,ion,119,NO3-,62.0,0.797,444.15,290.89,0.344,62.0,126.9,99.0,Classic,0.0,0.0,0.0,0.0,0.0,0.0,none,0.0,0.0,0.0,0.0,0.0,1.7,0.215,0.0,0.0,3.12,481.8,0.0,3,-39.35,4826.0,0.1091,-0.000113,-111250.0,0.0,0.0,0.0,0.0,0.0,-1,solute,0.0,0.0,0.0,0.0,0.0,0.0,0.0,-0.384,0.00525,-6.37e-06,207.0,6000.0,1000.0,0.00611,273.0,273.0,-207360.0,146.4,0.0,0.0,0.0,0.0,0.0,0.0,0.0,0.0,0.0,0.0,52100000.0,0.32,-0.212,0.258,0.0,0.797,0.0,0.0,0.0,0.0,0.0,0.0,0.0,0.0,0.0,0,0,0.0,0.0,0.0,0.0,0.0,0.0,0.0,0.0,0.0,0.0,0.0,1,0.0,0.0,0.0,0.0,0.0,0.0,0.0,0.0,0.0,0.0,0.0,0.0,0.0,no,0.0,0.0,0.0,0.0,0.0,3.12,481.8,0.0,1.0,0,0.0,0.0,0.0,0.0,0.0,0.0,0.0,0.0,0.0,0.0,0.0,0.0,0.0,0.0,0.0,0.0,0.0,0.0,0.0,0.0,0.0,207.0,12.0,6.0,0,0,0,0,0,0,0,0,0,0,0,0,0,0,0,0,0.0,0.0,NHNBFGGVMKEFGY-UHFFFAOYSA-N
118,ClO4-,14797-73-0,ion,120,ClO4-,99.45,0.797,444.15,290.89,0.344,62.0,99.45,99.0,Classic,0.0,0.0,0.0,0.0,0.0,0.0,none,0.0,0.0,0.0,0.0,0.0,1.7,0.215,0.0,0.0,3.64,481.8,0.0,3,-39.35,4826.0,0.1091,-0.000113,-8520.0,0.0,0.0,0.0,0.0,0.0,-1,solute,0.0,0.0,0.0,0.0,0.0,0.0,0.0,-0.384,0.00525,-6.37e-06,207.0,6000.0,1000.0,0.00611,273.0,273.0,-129330.0,182.0,0.0,0.0,0.0,0.0,0.0,0.0,0.0,0.0,0.0,0.0,52100000.0,0.32,-0.212,0.258,0.0,0.797,0.0,0.0,0.0,0.0,0.0,0.0,0.0,0.0,0.0,0,0,0.0,0.0,0.0,0.0,0.0,0.0,0.0,0.0,0.0,0.0,0.0,1,0.0,0.0,0.0,0.0,0.0,0.0,0.0,0.0,0.0,0.0,0.0,0.0,0.0,no,0.0,0.0,0.0,0.0,0.0,3.64,481.8,0.0,1.0,0,0.0,0.0,0.0,0.0,0.0,0.0,0.0,0.0,0.0,0.0,0.0,0.0,0.0,0.0,0.0,0.0,0.0,0.0,0.0,0.0,0.0,207.0,12.0,6.0,0,0,0,0,0,0,0,0,0,0,0,0,0,0,0,0,0.0,0.0,VLTRZXGMWDSKGL-UHFFFAOYSA-M
119,SO4--,14808-79-8,ion,121,SO4--,96.07,0.797,444.15,290.89,0.344,62.0,96.07,99.0,Classic,0.0,0.0,0.0,0.0,0.0,0.0,none,0.0,0.0,0.0,0.0,0.0,1.7,0.215,0.0,0.0,3.41,481.8,0.0,3,-39.35,4826.0,0.1091,-0.000113,-744530.0,0.0,0.0,0.0,0.0,0.0,-2,solute,0.0,0.0,0.0,0.0,0.0,0.0,0.0,-0.384,0.00525,-6.37e-06,207.0,6000.0,1000.0,0.00611,273.0,273.0,-909270.0,20.1,0.0,0.0,0.0,0.0,0.0,0.0,0.0,0.0,0.0,0.0,52100000.0,0.32,-0.212,0.258,0.0,0.797,0.0,0.0,0.0,0.0,0.0,0.0,0.0,0.0,0.0,0,0,0.0,0.0,0.0,0.0,0.0,0.0,0.0,0.0,0.0,0.0,0.0,1,0.0,0.0,0.0,0.0,0.0,0.0,0.0,0.0,0.0,0.0,0.0,0.0,0.0,no,0.0,0.0,0.0,0.0,0.0,3.41,481.8,0.0,1.0,0,0.0,0.0,0.0,0.0,0.0,0.0,0.0,0.0,0.0,0.0,0.0,0.0,0.0,0.0,0.0,0.0,0.0,0.0,0.0,0.0,0.0,207.0,12.0,6.0,0,0,0,0,0,0,0,0,0,0,0,0,0,0,0,0,0.0,0.0,QAOWNCQODCNURD-UHFFFAOYSA-L
120,helium,7440-59-7,inert,123,helium,4.002602,0.0,-267.959999942,2.27,-0.390031993,-268.940009975,4.003,65.000000914,Classic,0.0,20.785,0.0,0.0,0.0,0.0,none,0.0,0.0,0.0,0.0,0.0,1.8,0.076,0.0,0.0,2.52,809.1,0.0,3,-24.71,4210.0,0.0453,-3.38e-05,-229000.0,-19.2905,29814.5,-0.019678,0.000132,-3.11e-07,0,solvent,0.0,0.0,0.0,0.0,0.0789,-1.16,0.0,0.026,0.004,-0.0008,207.0,6000.0,1000.0,0.00611,273.0,273.0,-242000.0,189.0,0.0,0.0,0.0,0.0,0.0,0.0,0.0,0.0,0.0,0.0,52100000.0,0.32,-0.212,0.258,0.0,0.999,0.0,0.0,0.0,0.0,0.0,0.0,0.0,0.0,0.0,0,0,0.0,0.0,0.0,0.0,0.0,0.0,0.0,0.0,0.0,0.0,0.0,1,0.0,0.0,0.0,0.0,0.0,0.0,0.0,0.0,0.0,0.0,0.0,0.0,0.0,no,1.0,2.558,10.9,0.0,0.0,2.52,809.1,0.0,1.0,0,0.0,0.0,0.0,0.0,0.0,0.0,0.0,0.0,0.0,0.0,0.0,0.0,0.0,0.0,0.0,0.0,0.0,0.0,0.0,0.0,0.0,207.0,12.0,6.0,0,0,0,0,0,0,0,0,0,0,0,0,0,0,0,0,0.0,0.0,SWQJXJOGLNCZEY-UHFFFAOYSA-N
121,c-C7,291-64-5,HC,124,C7H14,98.189,0.813,331.15,38.402,0.243,118.45,98.189,353.0,Classic,57151.1,-76.2,0.7868,-0.0004204,7.5e-08,0.0,none,0.0,0.0,0.0,0.0,0.0,1.8,0.076,0.0,0.0,2.52,809.1,0.0,3,-24.71,4210.0,0.0453,-3.38e-05,-229000.0,-19.2905,29814.5,-0.019678,0.000132,-3.11e-07,0,solvent,0.0,0.0,0.0,0.0,0.0789,-1.16,0.0,-0.384,0.00525,-6.37e-06,289.1,6000.0,1000.0,0.00611,273.0,273.0,-242000.0,189.0,0.0,0.0,0.0,0.0,0.0,0.0,0.0,0.0,0.0,0.0,52100000.0,0.32,-0.212,0.258,0.0,0.999,0.0,0.0,0.0,0.0,0.0,0.0,0.0,0.0,0.0,0,0,0.0,0.0,0.0,0.0,0.0,0.0,0.0,0.0,0.0,0.0,0.0,1,0.0,0.0,0.0,0.0,0.0,0.0,0.0,0.0,0.0,0.0,0.0,0.0,0.0,no,2.6637,3.9993,283.33,0.0,0.0,2.52,809.1,0.0,1.0,0,0.0,0.0,0.0,0.0,0.0,0.0,0.0,0.0,0.0,0.0,0.0,0.0,0.0,0.0,0.0,0.0,0.0,0.0,0.73833,-0.22055,0.87688,289.1,12.0,6.0,0,0,0,0,0,0,0,0,0,0,0,0,0,0,0,0,0.0,0.0,DMEGYFMYUHOHGS-UHFFFAOYSA-N
122,c-C8,292-64-8,HC,125,C8H16,112.216,0.837,366.85,34.8,0.2904,148.85,112.216,410.0,Classic,66909.6,35.218104,0.109071366,0.001356262,-1.751e-06,6.6403918e-10,none,0.0,0.0,0.0,0.0,0.0,1.8,0.076,0.0,0.0,2.52,809.1,0.0,3,-24.71,4210.0,0.0453,-3.38e-05,-229000.0,-19.2905,29814.5,-0.019678,0.000132,-3.11e-07,0,solvent,0.0,0.0,0.0,0.0,0.0789,-1.16,0.0,-0.384,0.00525,-6.37e-06,321.9,6000.0,1000.0,0.00611,273.0,273.0,-242000.0,189.0,0.0,0.0,0.0,0.0,0.0,0.0,0.0,0.0,0.0,0.0,52100000.0,0.32,-0.212,0.258,0.0,0.999,0.0,0.0,0.0,0.0,0.0,0.0,0.0,0.0,0.0,0,0,0.0,0.0,0.0,0.0,0.0,0.0,0.0,0.0,0.0,0.0,0.0,1,0.0,0.0,0.0,0.0,0.0,0.0,0.0,0.0,0.0,0.0,0.0,0.0,0.0,no,2.8256,4.1039,294.04,0.0,0.0,2.52,809.1,0.0,1.0,0,0.0,0.0,0.0,0.0,0.0,0.0,0.0,0.0,0.0,0.0,0.0,0.0,0.0,0.0,0.0,0.0,0.0,0.0,0.80916,-0.14445,0.52658,321.9,12.0,6.0,0,0,0,0,0,0,0,0,0,0,0,0,0,0,0,0,0.0,0.0,WJTCGQSWYFHTAC-UHFFFAOYSA-N
123,CO,630-08-0,inert,126,CO,28.011,1.1,-140.200994873,34.9875,0.093000002,-191.45039978,44.01,94.0,Classic,0.0,32.524368,-0.032532682,9.8271e-05,-1.08e-07,4.28171e-11,log,140.54,-4735.0,-21.268,0.040909,1.0,0.0,0.0,0.0,0.0,2.34,168.77,0.6805,2,-7.811,3140.0,0.0,0.0,-137168.0,2.0,0.0,0.0,0.0,0.0,0,solute,94.4914,-6789.04,-11.4519,-0.010454,0.0,0.0,0.0,0.153,0.0012,-1.6e-05,207.0,6000.0,1000.0,5.204412066,216.58,216.592,-110525.0,197.7,0.0,0.0,0.0,0.0,0.0,0.0,0.0,0.0,0.0,0.0,52100000.0,0.32,-0.212,0.258,0.0,0.1,0.88173893,-0.856255022,3.094939327,0.0,0.0,0.0,1.413601068,-0.605965449,1.101814948,1,1A,0.0,0.0,0.3,0.0,0.0,0.0,0.0,0.0,0.0,0.0,0.0,1,6.81228,-1301.679,-3.494,26100.0,3.7687e-05,4.856e-11,7196.9,0.09862,2343.9,6.082e-05,3417.9,0.1683,2317.9,yes,1.3097,3.2507,92.15,0.0,0.0,2.34,168.77,0.6805,1.0,0,0.0,0.0,0.0,0.0,0.0,0.0,0.0,0.0,0.0,0.0,0.0,0.0,0.0,0.0,0.0,0.0,0.0,0.0,0.0,0.0,0.0,207.0,12.0,6.0,0,0,0,0,0,0,0,0,0,0,0,0,0,0,0,0,0.0,0.0,UGFAIRIUMAVXCW-UHFFFAOYSA-N
124,methanolPVTsim,67-56-1,alcohol,127,CH4O,32.042,0.797,239.45,80.96,0.559,64.55,32.042,99.0,Classic,0.0,0.0,0.0,0.0,0.0,0.0,none,0.0,0.0,0.0,0.0,0.0,1.7,0.215,0.2,0.0,3.626,481.8,0.0,3,-39.35,4826.0,0.1091,-0.000113,57900.0,-5.3743,11351.85,0.0,0.0,0.0,0,solvent,0.0,0.0,0.0,0.0,0.0,0.0,0.0,0.279586,-0.0003815916,3.612529e-07,0.0,6000.0,1000.0,0.00611,273.0,273.0,-242000.0,189.0,0.0,0.0,0.0,0.0,0.0,0.0,0.0,0.0,0.0,0.0,52100000.0,0.32,-0.212,0.258,0.0,0.797,1.4371,-0.79942,0.3278,0.0,0.0,0.0,0.0,0.0,0.0,2,2B,0.0,0.0,0.0161,24591.0,40531.0,3.0978,0.43102,47052.0,3.3,0.9037,0.0449,1,17.38710706,-7582.40622,0.0,0.0,0.0,0.0,0.0,0.0,0.0,0.0,0.0,0.0,0.0,no,1.5255,3.23,188.9,0.035176,24106.443,3.626,481.8,0.0,1.0,0,0.0,0.0,0.0,0.0,0.0,0.0,0.0,0.0,0.0,0.0,0.0,0.0,0.0,0.0,0.0,0.0,0.0,0.0,0.0,0.0,0.0,0.0,12.0,6.0,0,0,0,0,0,0,0,0,0,0,0,0,0,0,0,0,0.0,0.0,OKKJLVBELUTLKV-UHFFFAOYSA-N
125,MEGPVTsim18,107-21-1,glycol,128,C2H6O2,62.069,1.117,446.85,90.0,0.5347,197.35,62.069,186.0,Classic,0.0,0.0,0.0,0.0,0.0,0.0,exp,13.6299,6022.18,-28.25,0.0,0.0,2.3082,0.215,0.2488,0.0,3.626,481.8,0.0,2,-7.811,3140.0,0.0,0.0,57900.0,-19.2905,29814.5,-0.019678,0.013189,0.031144,0,solvent,0.0,0.0,0.0,0.0,0.654009012,-3.955117195,3.671191916,0.517338954,-0.000798169,6.4e-08,0.0,9960.0,904.0,2.42e-06,260.0,260.0,-388000.0,324.0,0.0,0.0,0.0,0.0,0.0,0.0,0.0,0.0,0.0,0.0,82900000.0,0.427,0.0,0.0,0.0,1.117,0.0,0.0,0.0,0.0,0.0,0.0,0.0,0.0,0.0,4,4C,0.0,0.0,0.0141,19752.0,108190.0,5.14,0.6744,108190.0,5.14,0.6744,0.0514,1,17.090887,-7800.0,0.0,0.0,0.0,0.0,0.0,0.0,0.0,0.0,0.0,0.0,0.0,no,2.4098,2.9616,325.87,0.0206,21860.0,3.626,481.8,0.0,1.0,0,0.0,0.0,0.0,0.0,0.0,0.0,0.0,0.0,0.0,0.0,0.0,0.0,0.0,0.0,0.0,0.0,0.0,0.0,0.0,0.0,0.0,0.0,12.0,6.0,0,0,0,0,0,0,0,0,0,0,0,0,0,0,0,0,0.0,0.0,LYCAIKOWRPUZTN-UHFFFAOYSA-N
126,MEGPVTsim19,107-21-1,glycol,129,C2H6O2,62.069,1.117,446.85,90.0,0.5347,197.35,62.069,186.0,Classic,0.0,0.0,0.0,0.0,0.0,0.0,exp,13.6299,6022.18,-28.25,0.0,0.0,2.3082,0.215,0.2488,0.0,3.626,481.8,0.0,2,-7.811,3140.0,0.0,0.0,57900.0,-19.2905,29814.5,-0.019678,0.013189,0.031144,0,solvent,0.0,0.0,0.0,0.0,0.654009012,-3.955117195,3.671191916,0.517338954,-0.000798169,6.4e-08,0.0,9960.0,904.0,2.42e-06,260.0,260.0,-388000.0,324.0,0.0,0.0,0.0,0.0,0.0,0.0,0.0,0.0,0.0,0.0,82900000.0,0.427,0.0,0.0,0.0,1.117,0.0,0.0,0.0,0.0,0.0,0.0,0.0,0.0,0.0,4,4C,0.0,0.0,0.0141,19752.0,108190.0,5.14,0.6744,108190.0,5.14,0.6744,0.0514,1,17.090887,-7800.0,0.0,0.0,0.0,0.0,0.0,0.0,0.0,0.0,0.0,0.0,0.0,no,2.4098,2.9616,325.87,0.0206,21860.0,3.626,481.8,0.0,1.0,0,0.0,0.0,0.0,0.0,0.0,0.0,0.0,0.0,0.0,0.0,0.0,0.0,0.0,0.0,0.0,0.0,0.0,0.0,0.0,0.0,0.0,0.0,12.0,6.0,0,0,0,0,0,0,0,0,0,0,0,0,0,0,0,0,0.0,0.0,LYCAIKOWRPUZTN-UHFFFAOYSA-N
127,propanePVTsim,74-98-6,HC,130,C3H8,44.097,0.0,96.65,42.46,0.152,-42.05,44.097,203.0,Classic,0.0,0.0,0.0,0.0,0.0,0.0,log,59.078,-3492.6,-6.0669,1.0919e-05,2.0,0.0,0.0,0.0,0.0,3.320577362,205.885946142,0.662379685,3,-7.764,722.0,0.0238,-4.67e-05,-24400.0,2.0,0.0,0.0,0.0,0.0,0,solute,0.0,0.0,0.0,0.0,-0.015069991,-4.344143673,4.007325591,0.263363,-0.0006020071,-1.578571e-07,151.9,6000.0,1000.0,1e-09,85.47,85.5,-103840.0,189.0,0.0,0.0,0.0,0.0,0.0,0.0,0.0,0.0,0.0,0.0,52100000.0,0.32,-0.212,0.258,0.0,0.1,0.721211486,-0.099216642,0.181829227,0.0,0.0,0.0,0.435825883,0.866132179,1.395432818,0,0,0.0,0.0,0.0,0.0,0.0,0.0,0.0,0.0,0.0,0.0,5.24869,1,1.0,-11.1254,0.0,28500.0,2.4973e-05,0.0,0.0,0.0,0.0,0.0,0.0,0.008264,4521.0,yes,2.002,3.6184,208.11,0.0,0.0,3.320577362,205.885946142,0.662379685,1.0,0,0.0,0.0,0.0,0.0,0.0,0.0,0.0,0.0,0.0,0.0,0.0,0.0,0.0,0.0,0.0,0.0,0.0,0.0,0.0,0.0,0.0,151.9,12.0,6.0,0,0,0,0,0,0,0,0,0,0,0,0,0,0,0,0,0.0,0.0,ATUOYWHBWRKTHZ-UHFFFAOYSA-N
128,ethanolPVTsim,64-17-5,alcohol,131,C2H6O,46.06922,0.797,240.75,61.4,0.644,64.55,32.042,99.0,Classic,0.0,0.0,0.0,0.0,0.0,0.0,none,0.0,0.0,0.0,0.0,0.0,1.7,0.215,0.0,0.0,3.626,481.8,0.0,3,-39.35,4826.0,0.1091,-0.000113,57900.0,-29.23,16034.49,0.0,0.0,0.0,0,solvent,0.0,0.0,0.0,0.0,0.0,0.0,0.0,0.26,-0.00029,1.5e-07,0.0,6000.0,1000.0,0.00611,273.0,273.0,-242000.0,189.0,0.0,0.0,0.0,0.0,0.0,0.0,0.0,0.0,0.0,0.0,52100000.0,0.32,-0.212,0.258,0.0,0.797,1.4371,-0.79942,0.3278,0.0,0.0,0.0,0.0,0.0,0.0,2,2B,0.0,0.0,0.008,21500.0,85164.0,4.91,0.7502,47052.0,3.3,0.9037,0.0449,1,17.38710706,-7582.40622,0.0,0.0,0.0,0.0,0.0,0.0,0.0,0.0,0.0,0.0,0.0,no,2.3827,3.1771,198.24,0.03238,22060.3676,3.626,481.8,0.0,1.0,0,0.0,0.0,0.0,0.0,0.0,0.0,0.0,0.0,0.0,0.0,0.0,0.0,0.0,0.0,0.0,0.0,0.0,0.0,0.0,0.0,0.0,0.0,12.0,6.0,0,0,0,0,0,0,0,0,0,0,0,0,0,0,0,0,0.0,0.0,LFQSCWFLJHTTHZ-UHFFFAOYSA-N
129,nbutanePVTsim,106-97-8,HC,132,C4H10,58.124,0.0,152.05,37.99688,0.193,-0.45,58.124,255.0,Classic,0.0,0.0,0.0,0.0,0.0,0.0,log,66.343,-4363.2,-7.046,9.45e-06,2.0,0.0,0.0,0.0,0.0,2.9125,209.0,0.9379,2,-7.811,3140.0,0.0,0.0,-394370.0,-19.2905,29814.5,-0.019678,0.013189,0.031144,0,solute,0.0,0.0,0.0,0.0,-0.018486492,-4.921574519,4.858186966,0.24688,-0.0004719916,-6.249512e-08,191.7,6000.0,1000.0,6.762e-06,134.86,138.15,-126150.0,189.0,0.0,0.0,0.0,0.0,0.0,0.0,0.0,0.0,0.0,0.0,52100000.0,0.32,-0.212,0.258,0.0,0.1,0.808063555,-0.212724945,0.362961475,0.0,0.0,0.0,0.331800583,0.854692733,1.865828858,0,0,0.0,0.0,0.008,21532.01,0.0,0.0,0.0,0.0,0.0,0.0,5.76447,1,1.0,-13.4385,0.0,35900.0,2.5768e-05,0.0,0.0,0.0,0.0,0.0,0.0,0.001262,4580.0,yes,2.3316,3.7086,222.86,0.0,0.0,2.9125,209.0,0.9379,1.0,0,0.0,0.0,0.0,0.0,0.0,0.0,0.0,0.0,0.0,0.0,0.0,0.0,0.0,0.0,0.0,0.0,0.0,0.0,0.0,0.0,0.0,191.7,12.0,6.0,0,0,0,0,0,0,0,0,0,0,0,0,0,0,0,0,0.0,0.0,IJDNQMDRQITEOD-UHFFFAOYSA-N
130,mercury,7439-97-6,other,133,Hg,200.6,13.5,1462.0,1608.0,-0.1645,356.6,200.6,56.35,Classic,0.0,20.8,0.0,0.0,0.0,0.0,log,-6.0,1.0,-0.3,-1.223,0.0,0.0,0.0,0.0,0.0,1.2,132.0,0.3834,3,-24.0,1122.0,0.2,0.0,-50000.0,2.0,0.0,0.0,0.0,0.0,0,solute,0.0,0.0,0.0,0.0,0.0,0.0,0.0,0.0,0.0,0.0,0.0,2295.0,1000.0,3.9662e-05,234.3,234.3,0.0,0.0,0.069794107,0.0,0.0,0.0,0.0,0.0,0.0,0.0,0.0,0.0,0.0,0.0,0.0,0.0,0.0,0.99,0.0,0.0,0.0,0.0,0.0,0.0,0.09245,0.9784,2.244,0,0,0.0,0.0,0.0,0.0,0.0,0.0,0.0,0.0,0.0,0.0,0.0,1,8.046,-4600.0,-144.0,0.0,0.0,0.0,0.0,0.0,0.0,0.0,0.0,0.0,0.0,no,0.0,0.0,0.0,0.0,0.0,1.2,132.0,0.3834,1.0,0,0.0,0.0,0.0,0.0,0.0,0.0,0.0,0.0,0.0,0.0,0.0,0.0,0.0,0.0,0.0,0.0,0.0,0.0,0.1491,-0.1652,0.1447,0.0,12.0,6.0,0,0,0,0,0,0,0,0,0,0,0,0,0,0,0,0,0.0,0.0,QSHDDOUJBYECFT-UHFFFAOYSA-N
131,propylbenzene,103-65-1,HC,134,C9H12,120.1916,0.871,365.23,32.0000,0.3440,159.2000,86.178,358.0,Classic,0.0,39.566326,0.199170184,0.000985957,-1.446e-06,5.8730096e-10,none,0.0,0.0,0.0,0.0,0.0,0.37,0.076,0.0,0.0,2.52,809.1,0.0,3,-24.71,4210.0,0.0453,-3.38e-05,-229000.0,-19.2905,29814.5,-0.019678,0.000132,-3.11e-07,0,solvent,0.0,0.0,0.0,0.0,0.0789,-1.16,0.0,-0.384,0.00525,-6.37e-06,207.0,6000.0,1000.0,1e-09,273.0,273.0,-242000.0,189.0,0.0,0.0,0.0,0.0,0.0,0.0,0.0,0.0,0.0,0.0,52100000.0,0.32,-0.212,0.258,0.0,0.999,0.0,0.0,0.0,0.0,0.0,0.0,0.0,0.0,0.0,0,0,0.0,0.0,0.0,0.0,348210.0,12.685,0.9117,0.0,0.0,0.0,0.0,1,0.0,0.0,0.0,0.0,0.0,0.0,0.0,0.0,0.0,0.0,0.0,0.0,0.0,no,3.0799,3.7974,287.35,0.0,0.0,2.52,809.1,0.0,1.0,0,0.0,0.0,0.0,0.0,0.0,0.0,0.0,0.0,0.0,0.0,0.0,0.0,0.0,0.0,0.0,0.0,0.0,0.0,0.0,0.0,0.0,207.0,12.0,6.0,0,0,0,0,0,0,0,0,0,0,0,0,0,0,0,0,0.0,0.0,ODLMAHJVESYWTB-UHFFFAOYSA-N
132,NaCl,7647-14-5,ion,136,NaCl,58.442768096,0.999,375.15,220.89,0.344,100.0,58.443,56.0,Classic,29500.0,-2290.0,12.78,-0.02144,0.0,0.0,none,0.0,0.0,0.0,0.0,0.0,1.8,0.076,0.235662374,0.0,2.52,809.1,0.0,3,-57.71,7647.0,0.1442,-0.0001357,-229000.0,-19.2905,29814.5,-0.019678,0.000132,-3.11e-07,0,solute,0.0,0.0,0.0,0.0,0.054783425,0.094678512,-2.267329403,-0.384,0.00525,-6.37e-06,207.0,6010.0,1000.0,0.00611,273.16,273.15,-242000.0,189.0,0.0,0.0,0.0,0.0,0.0,0.0,0.0,0.0,0.0,0.0,52100000.0,0.32,-0.212,0.258,0.0,0.999,1.087,-0.638,0.635,0.0,0.0,0.0,0.0,0.0,0.0,4,4C,0.0,0.0,0.0692,166550.0,12277.0,1.4515,0.67359,13855.59696,1.456360879,0.664155324,0.046473789,1,17.38710706,-6141.762746,0.0,0.0,0.0,0.0,0.0,0.0,0.0,0.0,0.0,0.0,0.0,no,1.0656,3.0007,366.51,0.034868,20790.8198,2.52,809.1,0.0,1.0,0,0.0,0.0,0.0,0.0,0.0,0.0,0.0,0.0,0.0,0.0,0.0,0.0,0.0,0.0,0.0,0.0,0.0,0.0,0.0,0.0,0.0,207.0,12.0,6.0,0,0,0,0,0,0,0,0,0,0,0,0,0,0,0,0,0.0,0.0,FAPWRFPIFSIZLT-UHFFFAOYSA-M
133,CaCl2,10043-52-4,ion,137,CaCl2,110.9848,0.999,375.15,220.89,0.344,100.0,110.9848,56.0,Classic,66053.9,-1550.0,7.22,-0.001958,0.0,0.0,none,0.0,0.0,0.0,0.0,0.0,1.8,0.076,0.235662374,0.0,2.52,809.1,0.0,3,-57.71,7647.0,0.1442,-0.0001357,-229000.0,-19.2905,29814.5,-0.019678,0.000132,-3.11e-07,0,solute,0.0,0.0,0.0,0.0,0.054783425,0.094678512,-2.267329403,-0.384,0.00525,-6.37e-06,207.0,6010.0,1000.0,0.00611,273.16,273.15,-242000.0,189.0,0.0,0.0,0.0,0.0,0.0,0.0,0.0,0.0,0.0,0.0,52100000.0,0.32,-0.212,0.258,0.0,0.999,1.087,-0.638,0.635,0.0,0.0,0.0,0.0,0.0,0.0,4,4C,0.0,0.0,0.0692,166550.0,12277.0,1.4515,0.67359,13855.59696,1.456360879,0.664155324,0.046473789,1,17.38710706,-6141.762746,0.0,0.0,0.0,0.0,0.0,0.0,0.0,0.0,0.0,0.0,0.0,no,1.0656,3.0007,366.51,0.034868,20790.8198,2.52,809.1,0.0,1.0,0,0.0,0.0,0.0,0.0,0.0,0.0,0.0,0.0,0.0,0.0,0.0,0.0,0.0,0.0,0.0,0.0,0.0,0.0,0.0,0.0,0.0,207.0,12.0,6.0,0,0,0,0,0,0,0,0,0,0,0,0,0,0,0,0,0.0,0.0,UXVMQQNJUSDDNG-UHFFFAOYSA-L
134,SF6,2551-62-4,inert,139,SF6,146.0,1.1,45.85,37.6,0.21,-68.25,34.08,98.5,Classic,0.0,0.0,0.0,0.0,0.0,0.0,log,-6.95626,1.19695,-3.12614,2.99448,0.0,0.0,0.0,0.0,0.0,3.62,195.2,0.0,2,-7.811,3140.0,0.0,0.0,-394000.0,2.0,0.0,0.0,0.0,0.0,0,solute,0.0,0.0,0.0,0.059565,0.01857,0.0,-2.078,0.149,-0.0003,-5e-07,80.1,6000.0,1000.0,0.232,187.66,187.66,-242000.0,189.0,0.0,0.0,0.0,0.0,0.0,0.0,0.0,0.0,0.0,0.0,52100000.0,0.32,-0.212,0.258,0.0,0.1,0.8252,0.2515,-1.7039,0.0,0.0,0.0,0.0,0.0,0.0,2,2A,0.0,0.0,0.001160489,5000.0,44505.0,2.85,0.60265,0.0,0.0,0.0,0.0,1,4.43681,-829.439,-25.412,0.0,0.0,0.009928,2999.0,0.01613,3737.0,0.0002684,4242.0,0.8553,2325.0,yes,1.6941,3.0214,226.79,0.0,0.0,3.941,195.2,0.0,1.0,0,4119.56,0.004,3141.6,0.295855,2936.13,0.00124496,2778.0,0.339898,0.0,0.0,0.0,0.0,0.0,0.0,0.0,0.0,0.0,0.0,0.0,0.0,0.0,80.1,12.0,6.0,0,0,0,0,0,0,0,0,0,0,0,0,0,0,0,0,0.0,0.0,SFZCNBIFKDRMGX-UHFFFAOYSA-N
135,R12,75-71-8,inert,140,CCl2F2,121.0,1.1,111.85,41.4,0.176,-30.15,34.08,98.5,Classic,0.0,0.0,0.0,0.0,0.0,0.0,log,-6.95626,1.19695,-3.12614,2.99448,0.0,0.0,0.0,0.0,0.0,3.62,195.2,0.0,2,-7.811,3140.0,0.0,0.0,-394000.0,2.0,0.0,0.0,0.0,0.0,0,solute,0.0,0.0,0.0,0.059565,0.01857,0.0,-2.078,-0.384,0.00525,-6.37e-06,80.1,6000.0,1000.0,0.232,187.66,187.66,-242000.0,189.0,0.0,0.0,0.0,0.0,0.0,0.0,0.0,0.0,0.0,0.0,52100000.0,0.32,-0.212,0.258,0.0,0.1,0.8252,0.2515,-1.7039,0.0,0.0,0.0,0.0,0.0,0.0,2,2A,0.0,0.0,0.001160489,5000.0,44505.0,2.85,0.60265,0.0,0.0,0.0,0.0,1,4.43681,-829.439,-25.412,0.0,0.0,0.009928,2999.0,0.01613,3737.0,0.0002684,4242.0,0.8553,2325.0,yes,1.6941,3.0214,226.79,0.0,0.0,3.941,195.2,0.0,1.0,0,4119.56,0.004,3141.6,0.295855,2936.13,0.00124496,2778.0,0.339898,0.0,0.0,0.0,0.0,0.0,0.0,0.0,0.0,0.0,0.0,0.0,0.0,0.0,80.1,12.0,6.0,0,0,0,0,0,0,0,0,0,0,0,0,0,0,0,0,0.0,0.0,PXBRQCKWGAHEHS-UHFFFAOYSA-N
136,R134a,811-97-2,inert,141,C2H2F4,102.0,1.1,100.85,40.7,0.332,-26.55,34.08,98.5,Classic,0.0,0.0,0.0,0.0,0.0,0.0,log,-6.95626,1.19695,-3.12614,2.99448,0.0,0.0,0.0,0.0,0.0,3.62,195.2,0.0,2,-7.811,3140.0,0.0,0.0,-394000.0,2.0,0.0,0.0,0.0,0.0,0,solute,0.0,0.0,0.0,0.059565,0.01857,0.0,-2.078,-0.384,0.00525,-6.37e-06,80.1,6000.0,1000.0,0.232,187.66,187.66,-242000.0,189.0,0.0,0.0,0.0,0.0,0.0,0.0,0.0,0.0,0.0,0.0,52100000.0,0.32,-0.212,0.258,0.0,0.1,0.8252,0.2515,-1.7039,0.0,0.0,0.0,0.0,0.0,0.0,2,2A,0.0,0.0,0.001160489,5000.0,44505.0,2.85,0.60265,0.0,0.0,0.0,0.0,1,4.43681,-829.439,-25.412,0.0,0.0,0.009928,2999.0,0.01613,3737.0,0.0002684,4242.0,0.8553,2325.0,yes,1.6941,3.0214,226.79,0.0,0.0,3.941,195.2,0.0,1.0,0,4119.56,0.004,3141.6,0.295855,2936.13,0.00124496,2778.0,0.339898,0.0,0.0,0.0,0.0,0.0,0.0,0.0,0.0,0.0,0.0,0.0,0.0,0.0,80.1,12.0,6.0,0,0,0,0,0,0,0,0,0,0,0,0,0,0,0,0,0.0,0.0,LVGUZGTVOIAKKC-UHFFFAOYSA-N
137,COS,463-58-1,inert,142,COS,60.0751,1.1,105.65,63.49,0.0970119,-191.5,44.01,94.0,Classic,0.0,0.0,0.0,0.0,0.0,0.0,log,140.54,-4735.0,-21.268,0.040909,1.0,0.0,0.0,0.0,0.0,2.34,168.77,0.6805,2,-7.811,3140.0,0.0,0.0,-165650.0,2.0,0.0,0.0,0.0,0.0,0,solute,94.4914,-6789.04,-11.4519,-0.010454,0.0,0.0,0.0,-0.384,0.00525,-6.37e-06,78.0,9018.9693,1000.0,5.185,216.58,216.592,-138407.1,231.57,0.0,0.0,0.0,0.0,0.0,0.0,0.0,0.0,0.0,0.0,52100000.0,0.32,-0.212,0.258,0.0,0.1,0.88173893,-0.856255022,3.094939327,0.0,0.0,0.0,1.413601068,-0.605965449,1.101814948,2,0,0.0,0.0,0.0,0.0,0.0,0.0,0.0,0.0,0.0,0.0,0.0,1,6.81228,-1301.679,-3.494,26100.0,3.7687e-05,4.856e-11,7470.0,0.09862,2617.0,6.082e-05,3691.0,0.1683,2591.0,yes,1.3097,3.2507,92.15,0.0,0.0,3.03720716,170.162382832,0.68463388,1.0,0,2119.56,0.000758596,2500.0,0.231198,2419.56,0.00724496,2330.0,0.139898,0.0,0.0,0.0,0.0,0.0,0.0,0.0,0.0,0.0,0.0,0.0,0.0,0.0,78.0,12.0,6.0,0,0,0,0,0,0,0,0,0,0,0,0,0,0,0,0,0.0,0.0,JJWKPURADFRFRB-UHFFFAOYSA-N
138,2-M-C7,592-27-8,HC,143,C8H18,114.23,0.6889,286.49,24.845,0.3769,117.7,16.043,99.0,Classic,68310.7,43.706698,0.342437032,0.0008097,-1.304e-06,5.462298e-10,log,39.205,-1324.4,-3.4366,3.1019e-05,2.0,0.0,0.0,0.0,0.0,2.52,155.809006022,0.406998625,3,-26.87,1150.0,0.187,-0.000521,-50500.0,2.0,0.0,0.0,0.0,0.0,0,solute,900.0,0.0,0.0,0.0,0.0,0.0,0.0,0.303,-0.000605,-3.2e-06,77.3,941.0,452.0,0.116656057,90.69,90.65,-74520.0,186.0,0.0,0.0,0.0,0.0,0.0,0.0,0.0,0.0,0.0,0.0,10200000.0,0.261,-0.147,0.222,0.0,0.1,0.5857,-0.7206,1.2899,0.0,0.0,0.0,0.122841598,0.914470789,2.741978611,0,0,0.0,0.0,0.0,0.0,0.0,0.0,0.0,0.0,0.0,0.0,4.18626,1,1.0,-6.68082,0.0,9700.0,1.5293e-05,0.04792,1594.0,0.01244,2952.0,0.002317,2777.0,1.076,1323.0,yes,3.5535,3.8599,239.54,0.0,0.0,3.190710941,155.809006022,0.406998625,1.0,0,900.0,0.000621,2760.0,0.421,1963.1,0.00404868,2636.75,0.29527,0.0,0.0,0.0,0.0,0.0,0.0,0.0,0.0,0.0,0.0,0.9327,-0.2154,0.7747,77.3,12.0,6.0,0,0,0,0,0,0,0,0,0,0,0,0,0,0,0,0,0.0,0.0,JVSWJIKNEAIKJW-UHFFFAOYSA-N
139,M-cy-C6,108-87-2,HC,144,C7H14,98.19,0.7739,299.04,34.714,0.235,100.9,16.043,99.0,Classic,57151.1,26.172472,0.153293532,0.001132699,-1.562e-06,6.1224296e-10,log,39.205,-1324.4,-3.4366,3.1019e-05,2.0,0.0,0.0,0.0,0.0,2.52,155.809006022,0.406998625,3,-26.87,1150.0,0.187,-0.000521,-50500.0,2.0,0.0,0.0,0.0,0.0,0,solute,900.0,0.0,0.0,0.0,0.0,0.0,0.0,0.303,-0.000605,-3.2e-06,77.3,941.0,452.0,0.116656057,90.69,90.65,-74520.0,186.0,0.0,0.0,0.0,0.0,0.0,0.0,0.0,0.0,0.0,0.0,10200000.0,0.261,-0.147,0.222,0.0,0.1,0.5857,-0.7206,1.2899,0.0,0.0,0.0,0.122841598,0.914470789,2.741978611,0,0,0.0,0.0,0.0,0.0,0.0,0.0,0.0,0.0,0.0,0.0,4.18626,1,1.0,-6.68082,0.0,9700.0,1.5293e-05,0.04792,1594.0,0.01244,2952.0,0.002317,2777.0,1.076,1323.0,yes,2.6637,3.9993,282.33,0.0,0.0,3.190710941,155.809006022,0.406998625,1.0,0,900.0,0.000621,2760.0,0.421,1963.1,0.00404868,2636.75,0.29527,0.0,0.0,0.0,0.0,0.0,0.0,0.0,0.0,0.0,0.0,0.71619,-0.02043,0.33964,77.3,12.0,6.0,0,0,0,0,0,0,0,0,0,0,0,0,0,0,0,0,0.0,0.0,UAEPNZWRGJTJPN-UHFFFAOYSA-N
140,i-p-cy-C5,3875-51-2,HC,145,C8H16,112.22,0.7774,320.1,30.408,0.3029,126.4,16.043,99.0,Classic,0.0,0.0,0.0,0.0,0.0,0.0,log,39.205,-1324.4,-3.4366,3.1019e-05,2.0,0.0,0.0,0.0,0.0,2.52,155.809006022,0.406998625,3,-26.87,1150.0,0.187,-0.000521,-50500.0,2.0,0.0,0.0,0.0,0.0,0,solute,900.0,0.0,0.0,0.0,0.0,0.0,0.0,0.303,-0.000605,-3.2e-06,77.3,941.0,452.0,0.116656057,90.69,90.65,-74520.0,186.0,0.0,0.0,0.0,0.0,0.0,0.0,0.0,0.0,0.0,0.0,10200000.0,0.261,-0.147,0.222,0.0,0.1,0.5857,-0.7206,1.2899,0.0,0.0,0.0,0.122841598,0.914470789,2.741978611,0,0,0.0,0.0,0.0,0.0,0.0,0.0,0.0,0.0,0.0,0.0,4.18626,1,1.0,-6.68082,0.0,9700.0,1.5293e-05,0.04792,1594.0,0.01244,2952.0,0.002317,2777.0,1.076,1323.0,yes,1.0,3.703900119,150.029998779,0.0,0.0,3.190710941,155.809006022,0.406998625,1.0,0,900.0,0.000621,2760.0,0.421,1963.1,0.00404868,2636.75,0.29527,0.0,0.0,0.0,0.0,0.0,0.0,0.0,0.0,0.0,0.0,0.61778,0.84354,-1.06637,77.3,12.0,6.0,0,0,0,0,0,0,0,0,0,0,0,0,0,0,0,0,0.0,0.0,TVSBRLGQVHJIKT-UHFFFAOYSA-N
141,cis-12-DM-cy-C6,2207-01-4,HC,146,C8H16,112.22,0.8004,333.0,29.384,0.2324,129.7,16.043,99.0,Classic,66909.6,-68.4,0.8973,-0.0005137,1.09e-07,0.0,log,39.205,-1324.4,-3.4366,3.1019e-05,2.0,0.0,0.0,0.0,0.0,2.52,155.809006022,0.406998625,3,-26.87,1150.0,0.187,-0.000521,-50500.0,2.0,0.0,0.0,0.0,0.0,0,solute,900.0,0.0,0.0,0.0,0.0,0.0,0.0,0.303,-0.000605,-3.2e-06,77.3,941.0,452.0,0.116656057,90.69,90.65,-74520.0,186.0,0.0,0.0,0.0,0.0,0.0,0.0,0.0,0.0,0.0,0.0,10200000.0,0.261,-0.147,0.222,0.0,0.1,0.5857,-0.7206,1.2899,0.0,0.0,0.0,0.122841598,0.914470789,2.741978611,0,0,0.0,0.0,0.0,0.0,0.0,0.0,0.0,0.0,0.0,0.0,4.18626,1,1.0,-6.68082,0.0,9700.0,1.5293e-05,0.04792,1594.0,0.01244,2952.0,0.002317,2777.0,1.076,1323.0,yes,1.0,3.703900119,150.029998779,0.0,0.0,3.190710941,155.809006022,0.406998625,1.0,0,900.0,0.000621,2760.0,0.421,1963.1,0.00404868,2636.75,0.29527,0.0,0.0,0.0,0.0,0.0,0.0,0.0,0.0,0.0,0.0,0.62882,0.70114,-0.78437,77.3,12.0,6.0,0,0,0,0,0,0,0,0,0,0,0,0,0,0,0,0,0.0,0.0,KVZJLSYJROEPSQ-OCAPTIKFSA-N
142,234-TM-C5,565-75-3,HC,147,C8H18,114.23,0.7281,293.15,27.3,0.3161,113.5,16.043,99.0,Classic,0.0,0.0,0.0,0.0,0.0,0.0,log,39.205,-1324.4,-3.4366,3.1019e-05,2.0,0.0,0.0,0.0,0.0,2.52,155.809006022,0.406998625,3,-26.87,1150.0,0.187,-0.000521,-50500.0,2.0,0.0,0.0,0.0,0.0,0,solute,900.0,0.0,0.0,0.0,0.0,0.0,0.0,0.303,-0.000605,-3.2e-06,77.3,941.0,452.0,0.116656057,90.69,90.65,-74520.0,186.0,0.0,0.0,0.0,0.0,0.0,0.0,0.0,0.0,0.0,0.0,10200000.0,0.261,-0.147,0.222,0.0,0.1,0.5857,-0.7206,1.2899,0.0,0.0,0.0,0.122841598,0.914470789,2.741978611,0,0,0.0,0.0,0.0,0.0,0.0,0.0,0.0,0.0,0.0,0.0,4.18626,1,1.0,-6.68082,0.0,9700.0,1.5293e-05,0.04792,1594.0,0.01244,2952.0,0.002317,2777.0,1.076,1323.0,yes,1.0,3.703900119,150.029998779,0.0,0.0,3.190710941,155.809006022,0.406998625,1.0,0,900.0,0.000621,2760.0,0.421,1963.1,0.00404868,2636.75,0.29527,0.0,0.0,0.0,0.0,0.0,0.0,0.0,0.0,0.0,0.0,0.85119,-0.24212,0.78234,77.3,12.0,6.0,0,0,0,0,0,0,0,0,0,0,0,0,0,0,0,0,0.0,0.0,RLPGDEORIPLBNF-UHFFFAOYSA-N
143,1.2-DM-cyC5,2452-99-5,HC,148,C7H14,98.1861,0.7803,280.0,34.45,0.2698,96.8500,86.178,358.0,Classic,57150.4,-54.5,0.7592,-0.000448,1.01e-07,0.0,none,0.0,0.0,0.0,0.0,0.0,1.8,0.076,0.0,0.0,2.52,809.1,0.0,3,-24.71,4210.0,0.0453,-3.38e-05,-229000.0,-19.2905,29814.5,-0.019678,0.000132,-3.11e-07,0,solvent,0.0,0.0,0.0,0.0,0.0789,-1.16,0.0,-0.384,0.00525,-6.37e-06,207.0,6000.0,1000.0,0.00611,273.0,273.0,-242000.0,189.0,0.0,0.0,0.0,0.0,0.0,0.0,0.0,0.0,0.0,0.0,52100000.0,0.32,-0.212,0.258,0.0,0.999,0.0,0.0,0.0,0.0,0.0,0.0,0.0,0.0,0.0,0,0,0.0,0.0,0.0,0.0,348210.0,12.685,0.9117,0.0,0.0,0.0,0.0,1,0.0,0.0,0.0,0.0,0.0,0.0,0.0,0.0,0.0,0.0,0.0,0.0,0.0,no,3.0799,3.7974,287.35,0.0,0.0,2.52,809.1,0.0,1.0,0,0.0,0.0,0.0,0.0,0.0,0.0,0.0,0.0,0.0,0.0,0.0,0.0,0.0,0.0,0.0,0.0,0.0,0.0,0.79536,-0.29923,0.78021,207.0,12.0,6.0,0,0,0,0,0,0,0,0,0,0,0,0,0,0,0,0,0.0,0.0,RIRARCHMRDHZAR-UHFFFAOYSA-N
144,1.3-dDM-cyC5,0-0-0-0,HC,149,C,98.0,0.871,283.32,34.37,0.271,58.05,86.178,358.0,Classic,57150.4,-5.75,0.553,-0.000222,0.0,0.0,none,0.0,0.0,0.0,0.0,0.0,1.8,0.076,0.0,0.0,2.52,809.1,0.0,3,-24.71,4210.0,0.0453,-3.38e-05,-229000.0,-19.2905,29814.5,-0.019678,0.000132,-3.11e-07,0,solvent,0.0,0.0,0.0,0.0,0.0789,-1.16,0.0,-0.384,0.00525,-6.37e-06,207.0,6000.0,1000.0,0.00611,273.0,273.0,-242000.0,189.0,0.0,0.0,0.0,0.0,0.0,0.0,0.0,0.0,0.0,0.0,52100000.0,0.32,-0.212,0.258,0.0,0.999,0.0,0.0,0.0,0.0,0.0,0.0,0.0,0.0,0.0,0,0,0.0,0.0,0.0,0.0,348210.0,12.685,0.9117,0.0,0.0,0.0,0.0,1,0.0,0.0,0.0,0.0,0.0,0.0,0.0,0.0,0.0,0.0,0.0,0.0,0.0,no,3.0799,3.7974,287.35,0.0,0.0,2.52,809.1,0.0,1.0,0,0.0,0.0,0.0,0.0,0.0,0.0,0.0,0.0,0.0,0.0,0.0,0.0,0.0,0.0,0.0,0.0,0.0,0.0,0.79817,-0.32005,0.80553,207.0,12.0,6.0,0,0,0,0,0,0,0,0,0,0,0,0,0,0,0,0,0.0,0.0,
145,1.cis-2.trans-4-TMcyC5,4850-28-6,HC,150,C8H16,112.2080,0.7901,309.06,28.54,0.265,116.7,86.178,358.0,Classic,0.0,0.0,0.0,0.0,0.0,0.0,none,0.0,0.0,0.0,0.0,0.0,1.8,0.076,0.0,0.0,2.52,809.1,0.0,3,-24.71,4210.0,0.0453,-3.38e-05,-229000.0,-19.2905,29814.5,-0.019678,0.000132,-3.11e-07,0,solvent,0.0,0.0,0.0,0.0,0.0789,-1.16,0.0,-0.384,0.00525,-6.37e-06,207.0,6000.0,1000.0,0.00611,273.0,273.0,-242000.0,189.0,0.0,0.0,0.0,0.0,0.0,0.0,0.0,0.0,0.0,0.0,52100000.0,0.32,-0.212,0.258,0.0,0.999,0.0,0.0,0.0,0.0,0.0,0.0,0.0,0.0,0.0,0,0,0.0,0.0,0.0,0.0,348210.0,12.685,0.9117,0.0,0.0,0.0,0.0,1,0.0,0.0,0.0,0.0,0.0,0.0,0.0,0.0,0.0,0.0,0.0,0.0,0.0,no,3.0799,3.7974,287.35,0.0,0.0,2.52,809.1,0.0,1.0,0,0.0,0.0,0.0,0.0,0.0,0.0,0.0,0.0,0.0,0.0,0.0,0.0,0.0,0.0,0.0,0.0,0.0,0.0,0.63403,0.76147,-0.91274,207.0,12.0,6.0,0,0,0,0,0,0,0,0,0,0,0,0,0,0,0,0,0.0,0.0,PNUFYSGVPVMNRN-WHUPJOBBSA-N
146,2.3-DM-C6,584-94-1,HC,151,C8H18,114.23,0.7171,290.25,26.3,0.3472,115.6,86.178,358.0,Classic,0.0,-29.880516,0.839572662,-0.000405723,-2.8e-08,6.559746e-11,none,0.0,0.0,0.0,0.0,0.0,1.8,0.076,0.0,0.0,2.52,809.1,0.0,3,-24.71,4210.0,0.0453,-3.38e-05,-229000.0,-19.2905,29814.5,-0.019678,0.000132,-3.11e-07,0,solvent,0.0,0.0,0.0,0.0,0.0789,-1.16,0.0,-0.384,0.00525,-6.37e-06,207.0,6000.0,1000.0,0.00611,273.0,273.0,-242000.0,189.0,0.0,0.0,0.0,0.0,0.0,0.0,0.0,0.0,0.0,0.0,52100000.0,0.32,-0.212,0.258,0.0,0.999,0.0,0.0,0.0,0.0,0.0,0.0,0.0,0.0,0.0,0,0,0.0,0.0,0.0,0.0,348210.0,12.685,0.9117,0.0,0.0,0.0,0.0,1,0.0,0.0,0.0,0.0,0.0,0.0,0.0,0.0,0.0,0.0,0.0,0.0,0.0,no,3.0799,3.7974,287.35,0.0,0.0,2.52,809.1,0.0,1.0,0,0.0,0.0,0.0,0.0,0.0,0.0,0.0,0.0,0.0,0.0,0.0,0.0,0.0,0.0,0.0,0.0,0.0,0.0,0.89621,-0.27464,0.89089,207.0,12.0,6.0,0,0,0,0,0,0,0,0,0,0,0,0,0,0,0,0,0.0,0.0,JXPOLSKBTUYKJB-UHFFFAOYSA-N
147,3-M-C8,2216-33-3,HC,152,C9H20,128.2551,0.7266,317.0000,23.4000,0.4120,144.2,86.178,358.0,Classic,0.0,0.0,0.0,0.0,0.0,0.0,none,0.0,0.0,0.0,0.0,0.0,1.8,0.076,0.0,0.0,2.52,809.1,0.0,3,-24.71,4210.0,0.0453,-3.38e-05,-229000.0,-19.2905,29814.5,-0.019678,0.000132,-3.11e-07,0,solvent,0.0,0.0,0.0,0.0,0.0789,-1.16,0.0,-0.384,0.00525,-6.37e-06,207.0,6000.0,1000.0,0.00611,273.0,273.0,-242000.0,189.0,0.0,0.0,0.0,0.0,0.0,0.0,0.0,0.0,0.0,0.0,52100000.0,0.32,-0.212,0.258,0.0,0.999,0.0,0.0,0.0,0.0,0.0,0.0,0.0,0.0,0.0,0,0,0.0,0.0,0.0,0.0,348210.0,12.685,0.9117,0.0,0.0,0.0,0.0,1,0.0,0.0,0.0,0.0,0.0,0.0,0.0,0.0,0.0,0.0,0.0,0.0,0.0,no,3.0799,3.7974,287.35,0.0,0.0,2.52,809.1,0.0,1.0,0,0.0,0.0,0.0,0.0,0.0,0.0,0.0,0.0,0.0,0.0,0.0,0.0,0.0,0.0,0.0,0.0,0.0,0.0,0.0,0.0,0.0,207.0,12.0,6.0,0,0,0,0,0,0,0,0,0,0,0,0,0,0,0,0,0.0,0.0,SEEOMASXHIJCDV-UHFFFAOYSA-N
148,2.2-DM-C7,1071-26-7,HC,153,C9H20,128.26,0.6982,303.65,23.5,0.3899,132.7,86.178,358.0,Classic,0.0,0.0,0.0,0.0,0.0,0.0,none,0.0,0.0,0.0,0.0,0.0,1.8,0.076,0.0,0.0,2.52,809.1,0.0,3,-24.71,4210.0,0.0453,-3.38e-05,-229000.0,-19.2905,29814.5,-0.019678,0.000132,-3.11e-07,0,solvent,0.0,0.0,0.0,0.0,0.0789,-1.16,0.0,-0.384,0.00525,-6.37e-06,207.0,6000.0,1000.0,0.00611,273.0,273.0,-242000.0,189.0,0.0,0.0,0.0,0.0,0.0,0.0,0.0,0.0,0.0,0.0,52100000.0,0.32,-0.212,0.258,0.0,0.999,0.0,0.0,0.0,0.0,0.0,0.0,0.0,0.0,0.0,0,0,0.0,0.0,0.0,0.0,348210.0,12.685,0.9117,0.0,0.0,0.0,0.0,1,0.0,0.0,0.0,0.0,0.0,0.0,0.0,0.0,0.0,0.0,0.0,0.0,0.0,no,3.0799,3.7974,287.35,0.0,0.0,2.52,809.1,0.0,1.0,0,0.0,0.0,0.0,0.0,0.0,0.0,0.0,0.0,0.0,0.0,0.0,0.0,0.0,0.0,0.0,0.0,0.0,0.0,0.95767,-0.2033,0.6028,207.0,12.0,6.0,0,0,0,0,0,0,0,0,0,0,0,0,0,0,0,0,0.0,0.0,PSABUFWDVWCFDP-UHFFFAOYSA-N
149,2.6-DM-C7,1072-05-5,HC,154,C9H20,128.26,0.7341,305.85,23.0,0.3927,135.2,86.178,358.0,Classic,0.0,0.0,0.0,0.0,0.0,0.0,none,0.0,0.0,0.0,0.0,0.0,1.8,0.076,0.0,0.0,2.52,809.1,0.0,3,-24.71,4210.0,0.0453,-3.38e-05,-229000.0,-19.2905,29814.5,-0.019678,0.000132,-3.11e-07,0,solvent,0.0,0.0,0.0,0.0,0.0789,-1.16,0.0,-0.384,0.00525,-6.37e-06,207.0,6000.0,1000.0,0.00611,273.0,273.0,-242000.0,189.0,0.0,0.0,0.0,0.0,0.0,0.0,0.0,0.0,0.0,0.0,52100000.0,0.32,-0.212,0.258,0.0,0.999,0.0,0.0,0.0,0.0,0.0,0.0,0.0,0.0,0.0,0,0,0.0,0.0,0.0,0.0,348210.0,12.685,0.9117,0.0,0.0,0.0,0.0,1,0.0,0.0,0.0,0.0,0.0,0.0,0.0,0.0,0.0,0.0,0.0,0.0,0.0,no,3.0799,3.7974,287.35,0.0,0.0,2.52,809.1,0.0,1.0,0,0.0,0.0,0.0,0.0,0.0,0.0,0.0,0.0,0.0,0.0,0.0,0.0,0.0,0.0,0.0,0.0,0.0,0.0,0.96189,-0.20534,0.60495,207.0,12.0,6.0,0,0,0,0,0,0,0,0,0,0,0,0,0,0,0,0,0.0,0.0,KBPCCVWUMVGXGF-UHFFFAOYSA-N
150,1.1.3-TM-cy-C6,3073-66-3,HC,155,C9H18,126.24,0.7919,338.91,28.75,0.267,136.6,86.178,358.0,Classic,0.0,0.0,0.0,0.0,0.0,0.0,none,0.0,0.0,0.0,0.0,0.0,1.8,0.076,0.0,0.0,2.52,809.1,0.0,3,-24.71,4210.0,0.0453,-3.38e-05,-229000.0,-19.2905,29814.5,-0.019678,0.000132,-3.11e-07,0,solvent,0.0,0.0,0.0,0.0,0.0789,-1.16,0.0,-0.384,0.00525,-6.37e-06,207.0,6000.0,1000.0,0.00611,273.0,273.0,-242000.0,189.0,0.0,0.0,0.0,0.0,0.0,0.0,0.0,0.0,0.0,0.0,52100000.0,0.32,-0.212,0.258,0.0,0.999,0.0,0.0,0.0,0.0,0.0,0.0,0.0,0.0,0.0,0,0,0.0,0.0,0.0,0.0,348210.0,12.685,0.9117,0.0,0.0,0.0,0.0,1,0.0,0.0,0.0,0.0,0.0,0.0,0.0,0.0,0.0,0.0,0.0,0.0,0.0,no,3.0799,3.7974,287.35,0.0,0.0,2.52,809.1,0.0,1.0,0,0.0,0.0,0.0,0.0,0.0,0.0,0.0,0.0,0.0,0.0,0.0,0.0,0.0,0.0,0.0,0.0,0.0,0.0,0.0,0.0,0.0,207.0,12.0,6.0,0,0,0,0,0,0,0,0,0,0,0,0,0,0,0,0,0.0,0.0,PYOLJOJPIPCRDP-UHFFFAOYSA-N
151,1.2.3-TMcyC6,1678-97-3,HC,156,C9H18,126.2392,0.8033,348.16,27.4,0.29,142.0,86.178,358.0,Classic,0.0,0.0,0.0,0.0,0.0,0.0,none,0.0,0.0,0.0,0.0,0.0,1.8,0.076,0.0,0.0,2.52,809.1,0.0,3,-24.71,4210.0,0.0453,-3.38e-05,-229000.0,-19.2905,29814.5,-0.019678,0.000132,-3.11e-07,0,solvent,0.0,0.0,0.0,0.0,0.0789,-1.16,0.0,-0.384,0.00525,-6.37e-06,207.0,6000.0,1000.0,0.00611,273.0,273.0,-242000.0,189.0,0.0,0.0,0.0,0.0,0.0,0.0,0.0,0.0,0.0,0.0,52100000.0,0.32,-0.212,0.258,0.0,0.999,0.0,0.0,0.0,0.0,0.0,0.0,0.0,0.0,0.0,0,0,0.0,0.0,0.0,0.0,348210.0,12.685,0.9117,0.0,0.0,0.0,0.0,1,0.0,0.0,0.0,0.0,0.0,0.0,0.0,0.0,0.0,0.0,0.0,0.0,0.0,no,3.0799,3.7974,287.35,0.0,0.0,2.52,809.1,0.0,1.0,0,0.0,0.0,0.0,0.0,0.0,0.0,0.0,0.0,0.0,0.0,0.0,0.0,0.0,0.0,0.0,0.0,0.0,0.0,0.0,0.0,0.0,207.0,12.0,6.0,0,0,0,0,0,0,0,0,0,0,0,0,0,0,0,0,0.0,0.0,DQTVJLHNWPRPPH-UHFFFAOYSA-N
152,4-M-C8,2216-34-4,HC,157,C9H20,128.26,0.7343,314.5,23.406,0.413,142.4,86.178,358.0,Classic,78069.2,12.3,0.7551,-0.00029,0.0,0.0,none,0.0,0.0,0.0,0.0,0.0,1.8,0.076,0.0,0.0,2.52,809.1,0.0,3,-24.71,4210.0,0.0453,-3.38e-05,-229000.0,-19.2905,29814.5,-0.019678,0.000132,-3.11e-07,0,solvent,0.0,0.0,0.0,0.0,0.0789,-1.16,0.0,-0.384,0.00525,-6.37e-06,207.0,6000.0,1000.0,0.00611,273.0,273.0,-242000.0,189.0,0.0,0.0,0.0,0.0,0.0,0.0,0.0,0.0,0.0,0.0,52100000.0,0.32,-0.212,0.258,0.0,0.999,0.0,0.0,0.0,0.0,0.0,0.0,0.0,0.0,0.0,0,0,0.0,0.0,0.0,0.0,348210.0,12.685,0.9117,0.0,0.0,0.0,0.0,1,0.0,0.0,0.0,0.0,0.0,0.0,0.0,0.0,0.0,0.0,0.0,0.0,0.0,no,3.0799,3.7974,287.35,0.0,0.0,2.52,809.1,0.0,1.0,0,0.0,0.0,0.0,0.0,0.0,0.0,0.0,0.0,0.0,0.0,0.0,0.0,0.0,0.0,0.0,0.0,0.0,0.0,0.0,0.0,0.0,207.0,12.0,6.0,0,0,0,0,0,0,0,0,0,0,0,0,0,0,0,0,0.0,0.0,DOGIHOCMZJUJNR-UHFFFAOYSA-N
153,o-E-toluene,611-14-3,HC,158,C9H12,120.1940,0.8300,378.0,30.397,0.2932,165.1750,86.178,358.0,Classic,0.0,0.0,0.0,0.0,0.0,0.0,none,0.0,0.0,0.0,0.0,0.0,1.8,0.076,0.0,0.0,2.52,809.1,0.0,3,-24.71,4210.0,0.0453,-3.38e-05,-229000.0,-19.2905,29814.5,-0.019678,0.000132,-3.11e-07,0,solvent,0.0,0.0,0.0,0.0,0.0789,-1.16,0.0,-0.384,0.00525,-6.37e-06,207.0,6000.0,1000.0,0.00611,273.0,273.0,-242000.0,189.0,0.0,0.0,0.0,0.0,0.0,0.0,0.0,0.0,0.0,0.0,52100000.0,0.32,-0.212,0.258,0.0,0.999,0.0,0.0,0.0,0.0,0.0,0.0,0.0,0.0,0.0,0,0,0.0,0.0,0.0,0.0,348210.0,12.685,0.9117,0.0,0.0,0.0,0.0,1,0.0,0.0,0.0,0.0,0.0,0.0,0.0,0.0,0.0,0.0,0.0,0.0,0.0,no,3.0799,3.7974,287.35,0.0,0.0,2.52,809.1,0.0,1.0,0,0.0,0.0,0.0,0.0,0.0,0.0,0.0,0.0,0.0,0.0,0.0,0.0,0.0,0.0,0.0,0.0,0.0,0.0,0.0,0.0,0.0,207.0,12.0,6.0,0,0,0,0,0,0,0,0,0,0,0,0,0,0,0,0,0.0,0.0,HYFLWBNQFMXCPA-UHFFFAOYSA-N
154,1.2.3-TM-Benzene,526-73-8,HC,159,C9H12,120.19,0.8979,391.38,34.54,0.3664,176.1,86.178,358.0,Classic,72460.5,33.605188,0.258997728,0.00084678,-1.352e-06,5.7549508e-10,none,0.0,0.0,0.0,0.0,0.0,1.8,0.076,0.0,0.0,2.52,809.1,0.0,3,-24.71,4210.0,0.0453,-3.38e-05,-229000.0,-19.2905,29814.5,-0.019678,0.000132,-3.11e-07,0,solvent,0.0,0.0,0.0,0.0,0.0789,-1.16,0.0,-0.384,0.00525,-6.37e-06,207.0,6000.0,1000.0,0.00611,273.0,273.0,-242000.0,189.0,0.0,0.0,0.0,0.0,0.0,0.0,0.0,0.0,0.0,0.0,52100000.0,0.32,-0.212,0.258,0.0,0.999,0.0,0.0,0.0,0.0,0.0,0.0,0.0,0.0,0.0,0,0,0.0,0.0,0.0,0.0,348210.0,12.685,0.9117,0.0,0.0,0.0,0.0,1,0.0,0.0,0.0,0.0,0.0,0.0,0.0,0.0,0.0,0.0,0.0,0.0,0.0,no,3.0799,3.7974,287.35,0.0,0.0,2.52,809.1,0.0,1.0,0,0.0,0.0,0.0,0.0,0.0,0.0,0.0,0.0,0.0,0.0,0.0,0.0,0.0,0.0,0.0,0.0,0.0,0.0,0.91646,-0.12804,0.26993,207.0,12.0,6.0,0,0,0,0,0,0,0,0,0,0,0,0,0,0,0,0,0.0,0.0,FYGHSUNMUKGBRK-UHFFFAOYSA-N
155,cy-C9,293-55-0,HC,160,C9H18,126.24,0.8437,408.89,33.44,0.268,178.4,86.178,358.0,Classic,0.0,0.0,0.0,0.0,0.0,0.0,none,0.0,0.0,0.0,0.0,0.0,1.8,0.076,0.0,0.0,2.52,809.1,0.0,3,-24.71,4210.0,0.0453,-3.38e-05,-229000.0,-19.2905,29814.5,-0.019678,0.000132,-3.11e-07,0,solvent,0.0,0.0,0.0,0.0,0.0789,-1.16,0.0,-0.384,0.00525,-6.37e-06,207.0,6000.0,1000.0,0.00611,273.0,273.0,-242000.0,189.0,0.0,0.0,0.0,0.0,0.0,0.0,0.0,0.0,0.0,0.0,52100000.0,0.32,-0.212,0.258,0.0,0.999,0.0,0.0,0.0,0.0,0.0,0.0,0.0,0.0,0.0,0,0,0.0,0.0,0.0,0.0,348210.0,12.685,0.9117,0.0,0.0,0.0,0.0,1,0.0,0.0,0.0,0.0,0.0,0.0,0.0,0.0,0.0,0.0,0.0,0.0,0.0,no,3.0799,3.7974,287.35,0.0,0.0,2.52,809.1,0.0,1.0,0,0.0,0.0,0.0,0.0,0.0,0.0,0.0,0.0,0.0,0.0,0.0,0.0,0.0,0.0,0.0,0.0,0.0,0.0,0.0,0.0,0.0,207.0,12.0,6.0,0,0,0,0,0,0,0,0,0,0,0,0,0,0,0,0,0.0,0.0,GPTJTTCOVDDHER-UHFFFAOYSA-N
156,2-E-p-xylene,1758-88-9,HC,161,C10H14,134.2200,0.8967,389.85,28.8,0.4114,186.8,86.178,358.0,Classic,0.0,0.0,0.0,0.0,0.0,0.0,none,0.0,0.0,0.0,0.0,0.0,1.8,0.076,0.0,0.0,2.52,809.1,0.0,3,-24.71,4210.0,0.0453,-3.38e-05,-229000.0,-19.2905,29814.5,-0.019678,0.000132,-3.11e-07,0,solvent,0.0,0.0,0.0,0.0,0.0789,-1.16,0.0,-0.384,0.00525,-6.37e-06,207.0,6000.0,1000.0,0.00611,273.0,273.0,-242000.0,189.0,0.0,0.0,0.0,0.0,0.0,0.0,0.0,0.0,0.0,0.0,52100000.0,0.32,-0.212,0.258,0.0,0.999,0.0,0.0,0.0,0.0,0.0,0.0,0.0,0.0,0.0,0,0,0.0,0.0,0.0,0.0,348210.0,12.685,0.9117,0.0,0.0,0.0,0.0,1,0.0,0.0,0.0,0.0,0.0,0.0,0.0,0.0,0.0,0.0,0.0,0.0,0.0,no,3.0799,3.7974,287.35,0.0,0.0,2.52,809.1,0.0,1.0,0,0.0,0.0,0.0,0.0,0.0,0.0,0.0,0.0,0.0,0.0,0.0,0.0,0.0,0.0,0.0,0.0,0.0,0.0,0.0,0.0,0.0,207.0,12.0,6.0,0,0,0,0,0,0,0,0,0,0,0,0,0,0,0,0,0.0,0.0,AXIUBBVSOWPLDA-UHFFFAOYSA-N
157,nC5-Benzene,538-68-1,HC,162,C11H16,148.25,0.871,406.8,26.06,0.4376,205.3990,86.178,358.0,Classic,0.0,0.0,0.0,0.0,0.0,0.0,none,0.0,0.0,0.0,0.0,0.0,1.8,0.076,0.0,0.0,2.52,809.1,0.0,3,-24.71,4210.0,0.0453,-3.38e-05,-229000.0,-19.2905,29814.5,-0.019678,0.000132,-3.11e-07,0,solvent,0.0,0.0,0.0,0.0,0.0789,-1.16,0.0,-0.384,0.00525,-6.37e-06,207.0,6000.0,1000.0,0.00611,273.0,273.0,-242000.0,189.0,0.0,0.0,0.0,0.0,0.0,0.0,0.0,0.0,0.0,0.0,52100000.0,0.32,-0.212,0.258,0.0,0.999,0.0,0.0,0.0,0.0,0.0,0.0,0.0,0.0,0.0,0,0,0.0,0.0,0.0,0.0,348210.0,12.685,0.9117,0.0,0.0,0.0,0.0,1,0.0,0.0,0.0,0.0,0.0,0.0,0.0,0.0,0.0,0.0,0.0,0.0,0.0,no,3.0799,3.7974,287.35,0.0,0.0,2.52,809.1,0.0,1.0,0,0.0,0.0,0.0,0.0,0.0,0.0,0.0,0.0,0.0,0.0,0.0,0.0,0.0,0.0,0.0,0.0,0.0,0.0,0.0,0.0,0.0,207.0,12.0,6.0,0,0,0,0,0,0,0,0,0,0,0,0,0,0,0,0,0.0,0.0,PWATWSYOIIXYMA-UHFFFAOYSA-N
158,nC6-Benzene,1077-16-3,HC,163,C12H18,162.2740,0.871,424.35,23.8,0.48,226.1490,86.178,358.0,Classic,0.0,0.0,0.0,0.0,0.0,0.0,none,0.0,0.0,0.0,0.0,0.0,1.8,0.076,0.0,0.0,2.52,809.1,0.0,3,-24.71,4210.0,0.0453,-3.38e-05,-229000.0,-19.2905,29814.5,-0.019678,0.000132,-3.11e-07,0,solvent,0.0,0.0,0.0,0.0,0.0789,-1.16,0.0,-0.384,0.00525,-6.37e-06,207.0,6000.0,1000.0,0.00611,273.0,273.0,-242000.0,189.0,0.0,0.0,0.0,0.0,0.0,0.0,0.0,0.0,0.0,0.0,52100000.0,0.32,-0.212,0.258,0.0,0.999,0.0,0.0,0.0,0.0,0.0,0.0,0.0,0.0,0.0,0,0,0.0,0.0,0.0,0.0,348210.0,12.685,0.9117,0.0,0.0,0.0,0.0,1,0.0,0.0,0.0,0.0,0.0,0.0,0.0,0.0,0.0,0.0,0.0,0.0,0.0,no,3.0799,3.7974,287.35,0.0,0.0,2.52,809.1,0.0,1.0,0,0.0,0.0,0.0,0.0,0.0,0.0,0.0,0.0,0.0,0.0,0.0,0.0,0.0,0.0,0.0,0.0,0.0,0.0,0.0,0.0,0.0,207.0,12.0,6.0,0,0,0,0,0,0,0,0,0,0,0,0,0,0,0,0,0.0,0.0,LTEQMZWBSYACLV-UHFFFAOYSA-N
159,nC7-Benzene,1078-71-3,HC,164,C13H20,176.2890,0.871,440.85,21.8,0.5287,246.0000,86.178,358.0,Classic,0.0,0.0,0.0,0.0,0.0,0.0,none,0.0,0.0,0.0,0.0,0.0,1.8,0.076,0.0,0.0,2.52,809.1,0.0,3,-24.71,4210.0,0.0453,-3.38e-05,-229000.0,-19.2905,29814.5,-0.019678,0.000132,-3.11e-07,0,solvent,0.0,0.0,0.0,0.0,0.0789,-1.16,0.0,-0.384,0.00525,-6.37e-06,207.0,6000.0,1000.0,0.00611,273.0,273.0,-242000.0,189.0,0.0,0.0,0.0,0.0,0.0,0.0,0.0,0.0,0.0,0.0,52100000.0,0.32,-0.212,0.258,0.0,0.999,0.0,0.0,0.0,0.0,0.0,0.0,0.0,0.0,0.0,0,0,0.0,0.0,0.0,0.0,348210.0,12.685,0.9117,0.0,0.0,0.0,0.0,1,0.0,0.0,0.0,0.0,0.0,0.0,0.0,0.0,0.0,0.0,0.0,0.0,0.0,no,3.0799,3.7974,287.35,0.0,0.0,2.52,809.1,0.0,1.0,0,0.0,0.0,0.0,0.0,0.0,0.0,0.0,0.0,0.0,0.0,0.0,0.0,0.0,0.0,0.0,0.0,0.0,0.0,0.0,0.0,0.0,207.0,12.0,6.0,0,0,0,0,0,0,0,0,0,0,0,0,0,0,0,0,0.0,0.0,LBNXAWYDQUGHGX-UHFFFAOYSA-N
160,nC10-cy-C5,1795-21-7,HC,165,C15H30,210.4,0.8203,459.23,17.09,0.6314,279.0443,86.178,358.0,Classic,0.0,0.0,0.0,0.0,0.0,0.0,none,0.0,0.0,0.0,0.0,0.0,1.8,0.076,0.0,0.0,2.52,809.1,0.0,3,-24.71,4210.0,0.0453,-3.38e-05,-229000.0,-19.2905,29814.5,-0.019678,0.000132,-3.11e-07,0,solvent,0.0,0.0,0.0,0.0,0.0789,-1.16,0.0,-0.384,0.00525,-6.37e-06,207.0,6000.0,1000.0,0.00611,273.0,273.0,-242000.0,189.0,0.0,0.0,0.0,0.0,0.0,0.0,0.0,0.0,0.0,0.0,52100000.0,0.32,-0.212,0.258,0.0,0.999,0.0,0.0,0.0,0.0,0.0,0.0,0.0,0.0,0.0,0,0,0.0,0.0,0.0,0.0,348210.0,12.685,0.9117,0.0,0.0,0.0,0.0,1,0.0,0.0,0.0,0.0,0.0,0.0,0.0,0.0,0.0,0.0,0.0,0.0,0.0,no,3.0799,3.7974,287.35,0.0,0.0,2.52,809.1,0.0,1.0,0,0.0,0.0,0.0,0.0,0.0,0.0,0.0,0.0,0.0,0.0,0.0,0.0,0.0,0.0,0.0,0.0,0.0,0.0,1.30127,-0.29103,1.09992,207.0,12.0,6.0,0,0,0,0,0,0,0,0,0,0,0,0,0,0,0,0,0.0,0.0,WOUVLFFZQCUYOL-UHFFFAOYSA-N
161,nC8-Benzene,2189-60-8,HC,166,C14H22,190.3200,0.8076,455.0,20.34,0.5909,264.3880,86.178,358.0,Classic,0.0,0.0,0.0,0.0,0.0,0.0,none,0.0,0.0,0.0,0.0,0.0,1.8,0.076,0.0,0.0,2.52,809.1,0.0,3,-24.71,4210.0,0.0453,-3.38e-05,-229000.0,-19.2905,29814.5,-0.019678,0.000132,-3.11e-07,0,solvent,0.0,0.0,0.0,0.0,0.0789,-1.16,0.0,-0.384,0.00525,-6.37e-06,207.0,6000.0,1000.0,0.00611,273.0,273.0,-242000.0,189.0,0.0,0.0,0.0,0.0,0.0,0.0,0.0,0.0,0.0,0.0,52100000.0,0.32,-0.212,0.258,0.0,0.999,0.0,0.0,0.0,0.0,0.0,0.0,0.0,0.0,0.0,0,0,0.0,0.0,0.0,0.0,348210.0,12.685,0.9117,0.0,0.0,0.0,0.0,1,0.0,0.0,0.0,0.0,0.0,0.0,0.0,0.0,0.0,0.0,0.0,0.0,0.0,no,3.0799,3.7974,287.35,0.0,0.0,2.52,809.1,0.0,1.0,0,0.0,0.0,0.0,0.0,0.0,0.0,0.0,0.0,0.0,0.0,0.0,0.0,0.0,0.0,0.0,0.0,0.0,0.0,0.0,0.0,0.0,207.0,12.0,6.0,0,0,0,0,0,0,0,0,0,0,0,0,0,0,0,0,0.0,0.0,CDKDZKXSXLNROY-UHFFFAOYSA-N
162,nC9-Benzene,1081-77-2,HC,167,C15H24,204.3390,0.871,467.7,18.96,0.6523,282.0000,86.178,358.0,Classic,0.0,0.0,0.0,0.0,0.0,0.0,none,0.0,0.0,0.0,0.0,0.0,1.8,0.076,0.0,0.0,2.52,809.1,0.0,3,-24.71,4210.0,0.0453,-3.38e-05,-229000.0,-19.2905,29814.5,-0.019678,0.000132,-3.11e-07,0,solvent,0.0,0.0,0.0,0.0,0.0789,-1.16,0.0,-0.384,0.00525,-6.37e-06,207.0,6000.0,1000.0,0.00611,273.0,273.0,-242000.0,189.0,0.0,0.0,0.0,0.0,0.0,0.0,0.0,0.0,0.0,0.0,52100000.0,0.32,-0.212,0.258,0.0,0.999,0.0,0.0,0.0,0.0,0.0,0.0,0.0,0.0,0.0,0,0,0.0,0.0,0.0,0.0,348210.0,12.685,0.9117,0.0,0.0,0.0,0.0,1,0.0,0.0,0.0,0.0,0.0,0.0,0.0,0.0,0.0,0.0,0.0,0.0,0.0,no,3.0799,3.7974,287.35,0.0,0.0,2.52,809.1,0.0,1.0,0,0.0,0.0,0.0,0.0,0.0,0.0,0.0,0.0,0.0,0.0,0.0,0.0,0.0,0.0,0.0,0.0,0.0,0.0,0.0,0.0,0.0,207.0,12.0,6.0,0,0,0,0,0,0,0,0,0,0,0,0,0,0,0,0,0.0,0.0,LIXVMPBOGDCSRM-UHFFFAOYSA-N
163,3-M-4.4-DE-heptane,62198-98-5,HC,168,C12H26,170.3,0.7604,380.36,18.22,0.461,204.0,86.178,358.0,Classic,0.0,0.0,0.0,0.0,0.0,0.0,none,0.0,0.0,0.0,0.0,0.0,1.8,0.076,0.0,0.0,2.52,809.1,0.0,3,-24.71,4210.0,0.0453,-3.38e-05,-229000.0,-19.2905,29814.5,-0.019678,0.000132,-3.11e-07,0,solvent,0.0,0.0,0.0,0.0,0.0789,-1.16,0.0,-0.384,0.00525,-6.37e-06,207.0,6000.0,1000.0,0.00611,273.0,273.0,-242000.0,189.0,0.0,0.0,0.0,0.0,0.0,0.0,0.0,0.0,0.0,0.0,52100000.0,0.32,-0.212,0.258,0.0,0.999,0.0,0.0,0.0,0.0,0.0,0.0,0.0,0.0,0.0,0,0,0.0,0.0,0.0,0.0,348210.0,12.685,0.9117,0.0,0.0,0.0,0.0,1,0.0,0.0,0.0,0.0,0.0,0.0,0.0,0.0,0.0,0.0,0.0,0.0,0.0,no,3.0799,3.7974,287.35,0.0,0.0,2.52,809.1,0.0,1.0,0,0.0,0.0,0.0,0.0,0.0,0.0,0.0,0.0,0.0,0.0,0.0,0.0,0.0,0.0,0.0,0.0,0.0,0.0,0.0,0.0,0.0,207.0,12.0,6.0,0,0,0,0,0,0,0,0,0,0,0,0,0,0,0,0,0.0,0.0,WSBKWCXGZHVUHW-UHFFFAOYSA-N
164,nC12-cy-C5,5634-30-0,HC,169,C17H34,238.46,0.8249,485.74,15.198,0.7163,310.9100,86.178,358.0,Classic,0.0,0.0,0.0,0.0,0.0,0.0,none,0.0,0.0,0.0,0.0,0.0,1.8,0.076,0.0,0.0,2.52,809.1,0.0,3,-24.71,4210.0,0.0453,-3.38e-05,-229000.0,-19.2905,29814.5,-0.019678,0.000132,-3.11e-07,0,solvent,0.0,0.0,0.0,0.0,0.0789,-1.16,0.0,-0.384,0.00525,-6.37e-06,207.0,6000.0,1000.0,0.00611,273.0,273.0,-242000.0,189.0,0.0,0.0,0.0,0.0,0.0,0.0,0.0,0.0,0.0,0.0,52100000.0,0.32,-0.212,0.258,0.0,0.999,0.0,0.0,0.0,0.0,0.0,0.0,0.0,0.0,0.0,0,0,0.0,0.0,0.0,0.0,348210.0,12.685,0.9117,0.0,0.0,0.0,0.0,1,0.0,0.0,0.0,0.0,0.0,0.0,0.0,0.0,0.0,0.0,0.0,0.0,0.0,no,3.0799,3.7974,287.35,0.0,0.0,2.52,809.1,0.0,1.0,0,0.0,0.0,0.0,0.0,0.0,0.0,0.0,0.0,0.0,0.0,0.0,0.0,0.0,0.0,0.0,0.0,0.0,0.0,0.0,0.0,0.0,207.0,12.0,6.0,0,0,0,0,0,0,0,0,0,0,0,0,0,0,0,0,0.0,0.0,
165,nC10-Benzene,104-72-3,HC,170,C16H26,218.3690,0.7958,479.85,17.7,0.6812,297.9480,86.178,358.0,Classic,0.0,0.0,0.0,0.0,0.0,0.0,none,0.0,0.0,0.0,0.0,0.0,1.8,0.076,0.0,0.0,2.52,809.1,0.0,3,-24.71,4210.0,0.0453,-3.38e-05,-229000.0,-19.2905,29814.5,-0.019678,0.000132,-3.11e-07,0,solvent,0.0,0.0,0.0,0.0,0.0789,-1.16,0.0,-0.384,0.00525,-6.37e-06,207.0,6000.0,1000.0,0.00611,273.0,273.0,-242000.0,189.0,0.0,0.0,0.0,0.0,0.0,0.0,0.0,0.0,0.0,0.0,52100000.0,0.32,-0.212,0.258,0.0,0.999,0.0,0.0,0.0,0.0,0.0,0.0,0.0,0.0,0.0,0,0,0.0,0.0,0.0,0.0,348210.0,12.685,0.9117,0.0,0.0,0.0,0.0,1,0.0,0.0,0.0,0.0,0.0,0.0,0.0,0.0,0.0,0.0,0.0,0.0,0.0,no,3.0799,3.7974,287.35,0.0,0.0,2.52,809.1,0.0,1.0,0,0.0,0.0,0.0,0.0,0.0,0.0,0.0,0.0,0.0,0.0,0.0,0.0,0.0,0.0,0.0,0.0,0.0,0.0,0.0,0.0,0.0,207.0,12.0,6.0,0,0,0,0,0,0,0,0,0,0,0,0,0,0,0,0,0.0,0.0,UZILCZKGXMQEQR-UHFFFAOYSA-N
166,nC14-cy-C5,1795-22-8,HC,171,C19H38,266.51,0.8289,509.19,13.685,0.7949,339.0100,86.178,358.0,Classic,0.0,0.0,0.0,0.0,0.0,0.0,none,0.0,0.0,0.0,0.0,0.0,1.8,0.076,0.0,0.0,2.52,809.1,0.0,3,-24.71,4210.0,0.0453,-3.38e-05,-229000.0,-19.2905,29814.5,-0.019678,0.000132,-3.11e-07,0,solvent,0.0,0.0,0.0,0.0,0.0789,-1.16,0.0,-0.384,0.00525,-6.37e-06,207.0,6000.0,1000.0,0.00611,273.0,273.0,-242000.0,189.0,0.0,0.0,0.0,0.0,0.0,0.0,0.0,0.0,0.0,0.0,52100000.0,0.32,-0.212,0.258,0.0,0.999,0.0,0.0,0.0,0.0,0.0,0.0,0.0,0.0,0.0,0,0,0.0,0.0,0.0,0.0,348210.0,12.685,0.9117,0.0,0.0,0.0,0.0,1,0.0,0.0,0.0,0.0,0.0,0.0,0.0,0.0,0.0,0.0,0.0,0.0,0.0,no,3.0799,3.7974,287.35,0.0,0.0,2.52,809.1,0.0,1.0,0,0.0,0.0,0.0,0.0,0.0,0.0,0.0,0.0,0.0,0.0,0.0,0.0,0.0,0.0,0.0,0.0,0.0,0.0,0.0,0.0,0.0,207.0,12.0,6.0,0,0,0,0,0,0,0,0,0,0,0,0,0,0,0,0,0.0,0.0,
167,nC17-cy-C5,0-0-0-0,HC,172,C,308.59,0.871,538.01,11.906,0.906,58.05,86.178,358.0,Classic,0.0,0.0,0.0,0.0,0.0,0.0,none,0.0,0.0,0.0,0.0,0.0,1.8,0.076,0.0,0.0,2.52,809.1,0.0,3,-24.71,4210.0,0.0453,-3.38e-05,-229000.0,-19.2905,29814.5,-0.019678,0.000132,-3.11e-07,0,solvent,0.0,0.0,0.0,0.0,0.0789,-1.16,0.0,-0.384,0.00525,-6.37e-06,207.0,6000.0,1000.0,0.00611,273.0,273.0,-242000.0,189.0,0.0,0.0,0.0,0.0,0.0,0.0,0.0,0.0,0.0,0.0,52100000.0,0.32,-0.212,0.258,0.0,0.999,0.0,0.0,0.0,0.0,0.0,0.0,0.0,0.0,0.0,0,0,0.0,0.0,0.0,0.0,348210.0,12.685,0.9117,0.0,0.0,0.0,0.0,1,0.0,0.0,0.0,0.0,0.0,0.0,0.0,0.0,0.0,0.0,0.0,0.0,0.0,no,3.0799,3.7974,287.35,0.0,0.0,2.52,809.1,0.0,1.0,0,0.0,0.0,0.0,0.0,0.0,0.0,0.0,0.0,0.0,0.0,0.0,0.0,0.0,0.0,0.0,0.0,0.0,0.0,0.0,0.0,0.0,207.0,12.0,6.0,0,0,0,0,0,0,0,0,0,0,0,0,0,0,0,0,0.0,0.0,
168,nC27,593-49-7,HC,173,C27H56,380.7200,0.871,563.15,9.75,0.8813,422.1,86.178,358.0,Classic,253722.1,-22.4,2.57,-0.001448,3.16e-07,0.0,none,0.0,0.0,0.0,0.0,0.0,0.0,0.076,0.0,0.0,2.52,809.1,0.0,3,-24.71,4210.0,0.0453,-3.38e-05,-229000.0,-19.2905,29814.5,-0.019678,0.000132,-3.11e-07,0,solvent,0.0,0.0,0.0,0.0,0.0789,-1.16,0.0,0.223,-0.00023,3e-08,207.0,6000.0,1000.0,0.00611,273.0,273.0,-242000.0,189.0,0.0,0.0,0.0,0.0,0.0,0.0,0.0,0.0,0.0,0.0,52100000.0,0.32,-0.212,0.258,0.0,0.999,2.151136109,-1.467770498,1.172942447,0.0,0.0,0.0,0.0,0.0,0.0,0,0,0.0,0.0,0.0,0.0,348210.0,12.685,0.9117,0.0,0.0,0.0,0.0,1,0.0,0.0,0.0,0.0,0.0,0.0,0.0,0.0,0.0,0.0,0.0,0.0,0.0,no,3.0799,3.7974,287.35,0.0,0.0,2.52,809.1,0.0,1.0,0,0.0,0.0,0.0,0.0,0.0,0.0,0.0,0.0,0.0,0.0,0.0,0.0,0.0,0.0,0.0,0.0,0.0,0.0,0.0,0.0,0.0,207.0,12.0,6.0,0,0,0,0,0,0,0,0,0,0,0,0,0,0,0,0,0.0,0.0,BJQWYEJQWHSSCJ-UHFFFAOYSA-N
169,nC34,14167-59-0,HC,174,C34H70,478.9196,0.871,587.5,5.43,1.435,482.0,86.178,358.0,Classic,322031.5,-28.4,3.233,-0.001827,4e-07,0.0,none,0.0,0.0,0.0,0.0,0.0,0.0,0.076,0.0,0.0,2.52,809.1,0.0,3,-24.71,4210.0,0.0453,-3.38e-05,-229000.0,-19.2905,29814.5,-0.019678,0.000132,-3.11e-07,0,solvent,0.0,0.0,0.0,0.0,0.0789,-1.16,0.0,0.218,-0.00018,0.0,207.0,6000.0,1000.0,0.00611,273.0,273.0,-242000.0,189.0,0.0,0.0,0.0,0.0,0.0,0.0,0.0,0.0,0.0,0.0,52100000.0,0.32,-0.212,0.258,0.0,0.999,2.67504251,-2.391792157,1.4034535,0.0,0.0,0.0,0.0,0.0,0.0,0,0,0.0,0.0,0.0,0.0,348210.0,12.685,0.9117,0.0,0.0,0.0,0.0,1,0.0,0.0,0.0,0.0,0.0,0.0,0.0,0.0,0.0,0.0,0.0,0.0,0.0,no,3.0799,3.7974,287.35,0.0,0.0,2.52,809.1,0.0,1.0,0,0.0,0.0,0.0,0.0,0.0,0.0,0.0,0.0,0.0,0.0,0.0,0.0,0.0,0.0,0.0,0.0,0.0,0.0,0.0,0.0,0.0,207.0,12.0,6.0,0,0,0,0,0,0,0,0,0,0,0,0,0,0,0,0,0.0,0.0,GWVDBZWVFGFBCN-UHFFFAOYSA-N
170,nC39,7194-86-7,HC,175,C39H80,549.0525,0.871,638.85,8.21,1.0889,518.7600,86.178,358.0,Classic,370824.0,-32.7,3.706,-0.002098,4.6e-07,0.0,none,0.0,0.0,0.0,0.0,0.0,0.0,0.076,0.0,0.0,2.52,809.1,0.0,3,-24.71,4210.0,0.0453,-3.38e-05,-229000.0,-19.2905,29814.5,-0.019678,0.000132,-3.11e-07,0,solvent,0.0,0.0,0.0,0.0,0.0789,-1.16,0.0,0.216,-0.00016,-2e-08,207.0,6000.0,1000.0,0.00611,273.0,273.0,-242000.0,189.0,0.0,0.0,0.0,0.0,0.0,0.0,0.0,0.0,0.0,0.0,52100000.0,0.32,-0.212,0.258,0.0,0.999,2.80662923,-2.653605683,1.459756561,0.0,0.0,0.0,0.0,0.0,0.0,0,0,0.0,0.0,0.0,0.0,348210.0,12.685,0.9117,0.0,0.0,0.0,0.0,1,0.0,0.0,0.0,0.0,0.0,0.0,0.0,0.0,0.0,0.0,0.0,0.0,0.0,no,3.0799,3.7974,287.35,0.0,0.0,2.52,809.1,0.0,1.0,0,0.0,0.0,0.0,0.0,0.0,0.0,0.0,0.0,0.0,0.0,0.0,0.0,0.0,0.0,0.0,0.0,0.0,0.0,0.0,0.0,0.0,207.0,12.0,6.0,0,0,0,0,0,0,0,0,0,0,0,0,0,0,0,0,0.0,0.0,SNXOSZZZNFRFNZ-UHFFFAOYSA-N
171,1.2.4-TMcyC6,2234-75-5,HC,176,C9H18,126.2392,0.8033,340.6,26.75,0.2619,141.8500,86.178,358.0,Classic,0.0,32.239,0.00191,1.06e-05,-3e-09,0.0,none,0.0,0.0,0.0,0.0,0.0,1.8,0.076,0.0,0.0,2.52,809.1,0.0,3,-24.71,4210.0,0.0453,-3.38e-05,-229000.0,-19.2905,29814.5,-0.019678,0.000132,-3.11e-07,0,solvent,0.0,0.0,0.0,0.0,0.0789,-1.16,0.0,-0.384,0.00525,-6.37e-06,207.0,6000.0,1000.0,0.00611,273.0,273.0,-242000.0,189.0,0.0,0.0,0.0,0.0,0.0,0.0,0.0,0.0,0.0,0.0,52100000.0,0.32,-0.212,0.258,0.0,0.999,0.0,0.0,0.0,0.0,0.0,0.0,0.0,0.0,0.0,0,0,0.0,0.0,0.0,0.0,348210.0,12.685,0.9117,0.0,0.0,0.0,0.0,1,0.0,0.0,0.0,0.0,0.0,0.0,0.0,0.0,0.0,0.0,0.0,0.0,0.0,no,3.0799,3.7974,287.35,0.0,0.0,2.52,809.1,0.0,1.0,0,0.0,0.0,0.0,0.0,0.0,0.0,0.0,0.0,0.0,0.0,0.0,0.0,0.0,0.0,0.0,0.0,0.0,0.0,0.0,0.0,0.0,207.0,12.0,6.0,0,0,0,0,0,0,0,0,0,0,0,0,0,0,0,0,0.0,0.0,VCJPCEVERINRSG-UHFFFAOYSA-N
172,nC30,638-68-6,HC,177,C30H62,422.8,0.871,589.9,8.68,1.307,449.7,86.178,358.0,Classic,282997.5,-25.0,2.854,-0.00161,3.52e-07,0.0,none,0.0,0.0,0.0,0.0,0.0,0.0,0.076,0.0,0.0,2.52,809.1,0.0,3,-24.71,4210.0,0.0453,-3.38e-05,-229000.0,-19.2905,29814.5,-0.019678,0.000132,-3.11e-07,0,solvent,0.0,0.0,0.0,0.0,0.0789,-1.16,0.0,0.22,-0.0002,1.5e-08,207.0,6000.0,1000.0,0.00611,273.0,273.0,-242000.0,189.0,0.0,0.0,0.0,0.0,0.0,0.0,0.0,0.0,0.0,0.0,52100000.0,0.32,-0.212,0.258,0.0,0.999,2.434590893,-1.943459444,1.29895746,0.0,0.0,0.0,0.0,0.0,0.0,0,0,0.0,0.0,0.0,0.0,348210.0,12.685,0.9117,0.0,0.0,0.0,0.0,1,0.0,0.0,0.0,0.0,0.0,0.0,0.0,0.0,0.0,0.0,0.0,0.0,0.0,no,3.0799,3.7974,287.35,0.0,0.0,2.52,809.1,0.0,1.0,0,0.0,0.0,0.0,0.0,0.0,0.0,0.0,0.0,0.0,0.0,0.0,0.0,0.0,0.0,0.0,0.0,0.0,0.0,0.0,0.0,0.0,207.0,12.0,6.0,0,0,0,0,0,0,0,0,0,0,0,0,0,0,0,0,0.0,0.0,JXTPJDDICSTXJX-UHFFFAOYSA-N
173,1-propanol,71-23-8,alcohol,178,C3H8O,60.096,0.803,263.63,51.7497,0.6218,64.55,60.096,99.0,Classic,20891.5,36.548344,0.005221192,0.000461094,-5.83e-07,2.232309e-10,none,0.0,0.0,0.0,0.0,0.0,1.7,0.215,0.0,0.0,3.626,481.8,0.0,3,-39.35,4826.0,0.1091,-0.000113,57900.0,-19.2905,29814.5,-0.019678,0.013189,0.031144,0,solvent,0.0,0.0,0.0,0.0,0.0,0.0,0.0,-0.384,0.00525,-6.37e-06,0.0,6000.0,1000.0,0.00611,273.0,273.0,-242000.0,189.0,0.0,0.0,0.0,0.0,0.0,0.0,0.0,0.0,0.0,0.0,52100000.0,0.32,-0.212,0.258,0.0,0.797,1.4371,-0.79942,0.3278,0.0,0.0,0.0,0.0,0.0,0.0,2,2B,0.0,0.0,0.0081,21000.00004,119102.0047,6.411,0.91709,47052.0,3.3,0.9037,0.0449,1,17.38710706,-7582.40622,0.0,0.0,0.0,0.0,0.0,0.0,0.0,0.0,0.0,0.0,0.0,no,2.9997,3.2522,233.4,0.015,21530.0,3.626,481.8,0.0,1.0,0,0.0,0.0,0.0,0.0,0.0,0.0,0.0,0.0,0.0,0.0,0.0,0.0,0.0,0.0,0.0,0.0,0.0,0.0,0.0,0.0,0.0,0.0,12.0,6.0,0,0,0,0,0,0,0,0,0,0,0,0,0,0,0,0,0.0,0.0,BDERNNFJNOPAEC-UHFFFAOYSA-N
174,i-propanol,67-63-0,alcohol,179,C3H8O,60.096,0.797,235.15,47.6197,0.6677,64.55,32.042,99.0,Classic,20891.5,36.548344,0.005221192,0.000461094,-5.83e-07,2.232309e-10,none,0.0,0.0,0.0,0.0,0.0,1.7,0.215,0.0,0.0,3.626,481.8,0.0,3,-39.35,4826.0,0.1091,-0.000113,57900.0,-19.2905,29814.5,-0.019678,0.013189,0.031144,0,solvent,0.0,0.0,0.0,0.0,0.0,0.0,0.0,-0.384,0.00525,-6.37e-06,0.0,6000.0,1000.0,0.00611,273.0,273.0,-242000.0,189.0,0.0,0.0,0.0,0.0,0.0,0.0,0.0,0.0,0.0,0.0,52100000.0,0.32,-0.212,0.258,0.0,0.797,1.4371,-0.79942,0.3278,0.0,0.0,0.0,0.0,0.0,0.0,2,2B,0.0,0.0,0.0091,21000.00004,106018.9945,6.411,0.9468,47052.0,3.3,0.9037,0.0449,1,17.38710706,-7582.40622,0.0,0.0,0.0,0.0,0.0,0.0,0.0,0.0,0.0,0.0,0.0,no,3.092,3.2085,208.42,0.0247,22300.0,3.626,481.8,0.0,1.0,0,0.0,0.0,0.0,0.0,0.0,0.0,0.0,0.0,0.0,0.0,0.0,0.0,0.0,0.0,0.0,0.0,0.0,0.0,0.0,0.0,0.0,0.0,12.0,6.0,0,0,0,0,0,0,0,0,0,0,0,0,0,0,0,0,0.0,0.0,KFZMGEQAYNKOFK-UHFFFAOYSA-N
175,c-C4,287-23-0,HC,180,C4H8,56.108,0.7014,186.75,49.85,0.209,12.55,56.108,210.0,Classic,27875.6,-50.3,0.5024,0.5024,-1.803e-06,6.829951e-10,none,0.0,0.0,0.0,0.0,0.0,1.8,0.076,0.0,0.0,2.52,809.1,0.0,3,-24.71,4210.0,0.0453,-3.38e-05,-229000.0,-19.2905,29814.5,-0.019678,0.000132,-3.11e-07,0,solvent,0.0,0.0,0.0,0.0,0.0789,-1.16,0.0,-0.384,0.00525,-6.37e-06,203.0,6000.0,1000.0,0.00611,273.0,273.0,-242000.0,189.0,0.0,0.0,0.0,0.0,0.0,0.0,0.0,0.0,0.0,0.0,52100000.0,0.32,-0.212,0.258,0.0,0.999,0.0,0.0,0.0,0.0,0.0,0.0,0.0,0.0,0.0,0,0,0.0,0.0,0.0,0.0,0.0,0.0,0.0,0.0,0.0,0.0,0.0,1,0.0,0.0,0.0,0.0,0.0,0.0,0.0,0.0,0.0,0.0,0.0,0.01161,5479.0,no,2.3655,3.7114,265.83,0.0,0.0,2.52,809.1,0.0,1.0,0,0.0,0.0,0.0,0.0,0.0,0.0,0.0,0.0,0.0,0.0,0.0,0.0,0.0,0.0,0.0,0.0,0.0,0.0,0.65461,0.02574,0.19252,203.0,12.0,6.0,0,0,0,0,0,0,0,0,0,0,0,0,0,0,0,0,0.0,0.0,PMPVIKIVABFJJI-UHFFFAOYSA-N
176,33-DM-C6,563-16-6,HC,181,C8H18,114.232002258,0.7544,288.870019531,26.536201171,0.326000005,111.972009277,114.232002258,443.0,Classic,58553.6,-3.99072,0.61037231,-6.1523e-05,-2.96e-07,1.5148108e-10,none,0.0,0.0,0.0,0.0,0.0,1.8,0.076,0.0,0.0,2.52,809.1,0.0,3,-24.71,4210.0,0.0453,-3.38e-05,-229000.0,-19.2905,29814.5,-0.019678,0.000132,-3.11e-07,0,solvent,0.0,0.0,0.0,0.0,0.0789,-1.16,0.0,-0.384,0.00525,-6.37e-06,207.0,6000.0,1000.0,0.00611,273.0,273.0,-242000.0,189.0,0.0,0.0,0.0,0.0,0.0,0.0,0.0,0.0,0.0,0.0,52100000.0,0.32,-0.212,0.258,0.0,0.999,0.0,0.0,0.0,0.0,0.0,0.0,0.0,0.0,0.0,0,0,0.0,0.0,0.0,0.0,0.0,0.0,0.0,0.0,0.0,0.0,0.0,1,0.0,0.0,0.0,0.0,0.0,0.0,0.0,0.0,0.0,0.0,0.0,0.0,0.0,no,0.0,0.0,0.0,0.0,0.0,2.52,809.1,0.0,1.0,0,0.0,0.0,0.0,0.0,0.0,0.0,0.0,0.0,0.0,0.0,0.0,0.0,0.0,0.0,0.0,0.0,0.0,0.0,0.0,0.0,0.0,207.0,12.0,6.0,0,0,0,0,0,0,0,0,0,0,0,0,0,0,0,0,0.0,0.0,KUMXLFIBWFCMOJ-UHFFFAOYSA-N
177,n-Bcychexane,1678-93-9,HC,182,C10H20,140.268005371,0.8014,393.889001464,31.508701171,0.361990004,180.981011962,140.268005371,534.1,Classic,58553.6,-3.99072,0.61037231,-6.1523e-05,-2.96e-07,1.5148108e-10,none,0.0,0.0,0.0,0.0,0.0,1.8,0.076,0.0,0.0,2.52,809.1,0.0,3,-24.71,4210.0,0.0453,-3.38e-05,-229000.0,-19.2905,29814.5,-0.019678,0.000132,-3.11e-07,0,solvent,0.0,0.0,0.0,0.0,0.0789,-1.16,0.0,-0.384,0.00525,-6.37e-06,207.0,6000.0,1000.0,0.00611,273.0,273.0,-242000.0,189.0,0.0,0.0,0.0,0.0,0.0,0.0,0.0,0.0,0.0,0.0,52100000.0,0.32,-0.212,0.258,0.0,0.999,0.0,0.0,0.0,0.0,0.0,0.0,0.0,0.0,0.0,0,0,0.0,0.0,0.0,0.0,0.0,0.0,0.0,0.0,0.0,0.0,0.0,1,0.0,0.0,0.0,0.0,0.0,0.0,0.0,0.0,0.0,0.0,0.0,0.0,0.0,no,0.0,0.0,0.0,0.0,0.0,2.52,809.1,0.0,1.0,0,0.0,0.0,0.0,0.0,0.0,0.0,0.0,0.0,0.0,0.0,0.0,0.0,0.0,0.0,0.0,0.0,0.0,0.0,0.0,0.0,0.0,207.0,12.0,6.0,0,0,0,0,0,0,0,0,0,0,0,0,0,0,0,0,0.0,0.0,GGBJHURWWWLEQH-UHFFFAOYSA-N
178,Pent-CC6,4292-92-6,HC,183,C11H22,154.300003051,0.8068,400.85,23.3,0.412999004,203.748010253,154.300003051,584.5,Classic,58553.6,-3.99072,0.61037231,-6.1523e-05,-2.96e-07,1.5148108e-10,none,0.0,0.0,0.0,0.0,0.0,1.8,0.076,0.0,0.0,2.52,809.1,0.0,3,-24.71,4210.0,0.0453,-3.38e-05,-229000.0,-19.2905,29814.5,-0.019678,0.000132,-3.11e-07,0,solvent,0.0,0.0,0.0,0.0,0.0789,-1.16,0.0,-0.384,0.00525,-6.37e-06,207.0,6000.0,1000.0,0.00611,273.0,273.0,-242000.0,189.0,0.0,0.0,0.0,0.0,0.0,0.0,0.0,0.0,0.0,0.0,52100000.0,0.32,-0.212,0.258,0.0,0.999,0.0,0.0,0.0,0.0,0.0,0.0,0.0,0.0,0.0,0,0,0.0,0.0,0.0,0.0,0.0,0.0,0.0,0.0,0.0,0.0,0.0,1,0.0,0.0,0.0,0.0,0.0,0.0,0.0,0.0,0.0,0.0,0.0,0.0,0.0,no,0.0,0.0,0.0,0.0,0.0,2.52,809.1,0.0,1.0,0,0.0,0.0,0.0,0.0,0.0,0.0,0.0,0.0,0.0,0.0,0.0,0.0,0.0,0.0,0.0,0.0,0.0,0.0,0.0,0.0,0.0,207.0,12.0,6.0,0,0,0,0,0,0,0,0,0,0,0,0,0,0,0,0,0.0,0.0,HLTMUYBTNSVOFY-UHFFFAOYSA-N
179,nC25,629-99-2,HC,184,C25H52,352.68,0.7941,583.85,9.5,1.1053,402.0,86.178,358.0,Classic,0.0,-46.5,0.309,0.00287,-7.09e-07,0.0,none,0.0,0.0,0.0,0.0,0.0,0.0,0.076,0.0,0.0,2.52,809.1,0.0,3,-24.71,4210.0,0.0453,-3.38e-05,-229000.0,-19.2905,29814.5,-0.019678,0.000132,-3.11e-07,0,solvent,0.0,0.0,0.0,0.0,0.0789,-1.16,0.0,0.225,-0.00025,4e-08,207.0,6000.0,1000.0,0.00611,273.0,273.0,-242000.0,189.0,0.0,0.0,0.0,0.0,0.0,0.0,0.0,0.0,0.0,0.0,52100000.0,0.32,-0.212,0.258,0.0,0.999,2.10222,-1.39176,1.15087,0.0,0.0,0.0,0.0,0.0,0.0,0,0,0.0,0.0,0.0,0.0,348210.0,12.685,0.9117,0.0,0.0,0.0,0.0,1,0.0,0.0,0.0,0.0,0.0,0.0,0.0,0.0,0.0,0.0,0.0,0.0,0.0,no,3.0799,3.7974,287.35,0.0,0.0,2.52,809.1,0.0,1.0,0,0.0,0.0,0.0,0.0,0.0,0.0,0.0,0.0,0.0,0.0,0.0,0.0,0.0,0.0,0.0,0.0,0.0,0.0,0.0,0.0,0.0,207.0,12.0,6.0,0,0,0,0,0,0,0,0,0,0,0,0,0,0,0,0,0.0,0.0,YKNWIILGEFFOPE-UHFFFAOYSA-N
180,nC26,630-01-3,HC,185,C26H54,366.707,0.8011,545.85,9.1,1.1544,412.0,86.178,358.0,Classic,0.0,-49.6,0.315,0.00287,-7.1e-07,0.0,none,0.0,0.0,0.0,0.0,0.0,0.0,0.076,0.0,0.0,2.52,809.1,0.0,3,-24.71,4210.0,0.0453,-3.38e-05,-229000.0,-19.2905,29814.5,-0.019678,0.000132,-3.11e-07,0,solvent,0.0,0.0,0.0,0.0,0.0789,-1.16,0.0,0.224,-0.00024,3.5e-08,207.0,6000.0,1000.0,0.00611,273.0,273.0,-242000.0,189.0,0.0,0.0,0.0,0.0,0.0,0.0,0.0,0.0,0.0,0.0,52100000.0,0.32,-0.212,0.258,0.0,0.999,2.18571,-1.5226,1.18849,0.0,0.0,0.0,0.0,0.0,0.0,0,0,0.0,0.0,0.0,0.0,348210.0,12.685,0.9117,0.0,0.0,0.0,0.0,1,0.0,0.0,0.0,0.0,0.0,0.0,0.0,0.0,0.0,0.0,0.0,0.0,0.0,no,3.0799,3.7974,287.35,0.0,0.0,2.52,809.1,0.0,1.0,0,0.0,0.0,0.0,0.0,0.0,0.0,0.0,0.0,0.0,0.0,0.0,0.0,0.0,0.0,0.0,0.0,0.0,0.0,0.0,0.0,0.0,207.0,12.0,6.0,0,0,0,0,0,0,0,0,0,0,0,0,0,0,0,0,0.0,0.0,HMSWAIKSFDFLKN-UHFFFAOYSA-N
181,nC28,630-02-4,HC,186,C28H58,394.769,0.7976,558.85,8.5,1.2375,431.0,86.178,358.0,Classic,0.0,-55.0,0.324,0.00287,-7.11e-07,0.0,none,0.0,0.0,0.0,0.0,0.0,0.0,0.076,0.0,0.0,2.52,809.1,0.0,3,-24.71,4210.0,0.0453,-3.38e-05,-229000.0,-19.2905,29814.5,-0.019678,0.000132,-3.11e-07,0,solvent,0.0,0.0,0.0,0.0,0.0789,-1.16,0.0,0.222,-0.00022,2.5e-08,207.0,6000.0,1000.0,0.00611,273.0,273.0,-242000.0,189.0,0.0,0.0,0.0,0.0,0.0,0.0,0.0,0.0,0.0,0.0,52100000.0,0.32,-0.212,0.258,0.0,0.999,2.328469312,-1.758470734,1.25214875,0.0,0.0,0.0,0.0,0.0,0.0,0,0,0.0,0.0,0.0,0.0,348210.0,12.685,0.9117,0.0,0.0,0.0,0.0,1,0.0,0.0,0.0,0.0,0.0,0.0,0.0,0.0,0.0,0.0,0.0,0.0,0.0,no,3.0799,3.7974,287.35,0.0,0.0,2.52,809.1,0.0,1.0,0,0.0,0.0,0.0,0.0,0.0,0.0,0.0,0.0,0.0,0.0,0.0,0.0,0.0,0.0,0.0,0.0,0.0,0.0,0.0,0.0,0.0,207.0,12.0,6.0,0,0,0,0,0,0,0,0,0,0,0,0,0,0,0,0,0.0,0.0,ZYURHZPYMFLWSH-UHFFFAOYSA-N
182,nC29,630-03-5,HC,187,C29H60,408.8,0.871,562.55,6.918,1.2005,440.7790,86.178,358.0,Classic,0.0,-55.0,0.324,0.00287,-7.11e-07,0.0,none,0.0,0.0,0.0,0.0,0.0,0.0,0.076,0.0,0.0,2.52,809.1,0.0,3,-24.71,4210.0,0.0453,-3.38e-05,-229000.0,-19.2905,29814.5,-0.019678,0.000132,-3.11e-07,0,solvent,0.0,0.0,0.0,0.0,0.0789,-1.16,0.0,0.221,-0.00021,2e-08,207.0,6000.0,1000.0,0.00611,273.0,273.0,-242000.0,189.0,0.0,0.0,0.0,0.0,0.0,0.0,0.0,0.0,0.0,0.0,52100000.0,0.32,-0.212,0.258,0.0,0.999,2.264748174,-1.651320047,1.22383187,0.0,0.0,0.0,0.0,0.0,0.0,0,0,0.0,0.0,0.0,0.0,348210.0,12.685,0.9117,0.0,0.0,0.0,0.0,1,0.0,0.0,0.0,0.0,0.0,0.0,0.0,0.0,0.0,0.0,0.0,0.0,0.0,no,3.0799,3.7974,287.35,0.0,0.0,2.52,809.1,0.0,1.0,0,0.0,0.0,0.0,0.0,0.0,0.0,0.0,0.0,0.0,0.0,0.0,0.0,0.0,0.0,0.0,0.0,0.0,0.0,0.0,0.0,0.0,207.0,12.0,6.0,0,0,0,0,0,0,0,0,0,0,0,0,0,0,0,0,0.0,0.0,IGGUPRCHHJZPBS-UHFFFAOYSA-N
183,Hg++,0-0-0-0,ion,116,Hg++,55.85,0.797,444.15,290.89,0.344,55.85,40.08,99.0,Classic,0.0,0.0,0.0,0.0,0.0,0.0,none,0.0,0.0,0.0,0.0,0.0,1.7,0.215,0.0,0.0,6.0,481.8,0.0,3,-39.35,4826.0,0.1091,-0.000113,164400.0,0.0,0.0,0.0,0.0,0.0,2,solute,0.0,0.0,0.0,0.0,0.0,0.0,0.0,-0.384,0.00525,-6.37e-06,207.0,6000.0,1000.0,0.00611,273.0,273.0,171100.0,-32.2,0.0,0.0,0.0,0.0,0.0,0.0,0.0,0.0,0.0,0.0,52100000.0,0.32,-0.212,0.258,0.0,0.797,0.0,0.0,0.0,0.0,0.0,0.0,0.0,0.0,0.0,0,0,0.0,0.0,0.0,0.0,0.0,0.0,0.0,0.0,0.0,0.0,0.0,1,0.0,0.0,0.0,0.0,0.0,0.0,0.0,0.0,0.0,0.0,0.0,0.0,0.0,no,0.0,0.0,0.0,0.0,0.0,6.0,481.8,0.0,1.0,0,0.0,0.0,0.0,0.0,0.0,0.0,0.0,0.0,0.0,0.0,0.0,0.0,0.0,0.0,0.0,0.0,0.0,0.0,0.0,0.0,0.0,207.0,12.0,6.0,0,0,0,0,0,0,0,0,0,0,0,0,0,0,0,0,0.0,0.0,BQPIGGFYSBELGY-UHFFFAOYSA-N
184,glycerol,112-27-6,glycol,14,C6H14O4,150.175,1.127,492.95,33.13,1.2874,278.3,150.175,450.0,Classic,93317.4,86.4,0.6008,-0.0003622,7.2e-08,0.0,log,6.7568,3715.222,-1.299,0.0,0.0,2.2,0.215,0.242773578,0.0,3.626,481.8,0.0,3,-53.92523,9741.992,0.106066,-7.5802e-05,-394370.0,-19.2905,29814.5,-0.019678,0.013189,0.031144,0,solvent,0.0,0.0,0.0,0.0,0.0,0.0,0.0,0.394142583,-0.000547836,0.0,358.332712,15900.0,1000.0,0.00611,268.25,268.25,-242000.0,189.0,8.89,-0.00784,0.0,0.0,0.0,0.5966,0.26227,769.5,0.2455,0.0,52100000.0,0.32,-0.212,0.258,0.0,1.127,1.376906087,1.788921526,-4.378737499,0.0,0.0,0.0,0.0,0.0,0.0,4,4C,0.284542457,-0.004423604,0.025,14036.0,228000.0,7.06,1.18,391260.0,13.21,1.1692,0.0188,1,0.0,0.0,0.0,0.0,0.0,0.0,0.0,0.0,0.0,0.0,0.0,0.0,0.0,no,0.0,0.0,0.0,0.0,0.0,3.626,481.8,0.0,1.0,0,0.0,0.0,0.0,0.0,0.0,0.0,0.0,0.0,153800.0,587.0,0.0,0.0,0.0,153800.0,587.0,0.0,0.0,0.0,0.0,0.0,0.0,358.332712,12.0,6.0,0,0,0,0,0,0,0,0,0,0,0,0,0,0,0,0,0.0,0.0,ZIBGPFATKBEMQZ-UHFFFAOYSA-N
185,sulfur(S8),10544-50-0,other,101,sulfur(S8),256.48,0.99,885.0,63.0,0.2059,444.6,256.48,449.5,Classic,68312.1,89.990736,0.041428662,0.001475818,-1.923e-06,7.465972e-10,log,5.2012,1936.281,-20.143,1000.0,0.0,0.0,0.0,0.0,0.0,6.0,454.0,0.3834,3,-24.71,4210.0,0.0453,-3.38e-05,48170.0,-19.2905,29814.5,-0.019678,0.000132,-3.11e-07,0,solute,0.0,0.0,0.0,0.0,0.0,0.0,0.0,-0.384,0.00525,-6.37e-06,351.0,12860.0,1000.0,3.9662e-05,392.75,392.75,100420.0,430.31,12.0,1.0,1.0,1.0,0.0,0.0,0.0,0.0,0.0,0.0,0.0,0.0,0.0,0.0,0.0,0.99,0.0,0.0,0.0,0.0,0.0,0.0,0.0,0.0,0.0,0,0,0.0,0.0,0.0,0.0,0.0,0.0,0.0,0.0,0.0,0.0,0.0,1,8.046,-4600.0,-144.0,0.0,0.0,0.0,0.0,0.0,0.0,0.0,0.0,0.0,0.0,no,0.0,0.0,0.0,0.0,0.0,1.2,132.0,0.3834,1.0,0,0.0,0.0,0.0,0.0,0.0,0.0,0.0,0.0,0.0,0.0,0.0,0.0,0.0,0.0,0.0,0.0,0.0,0.0,0.0,0.0,0.0,351.0,12.0,6.0,0,0,0,0,0,0,0,0,0,0,0,0,0,0,0,0,0.0,0.0,JLQNHALFVCURHW-UHFFFAOYSA-N
186,seawater,7732-18-5,seawater,114,H2O,18.015,0.999,374.15,220.89,0.344,100.0,18.015,56.0,Classic,1374.6,28.686314623,-0.052108449,9.1158e-05,-1.01e-07,0.0,pow10,5.11564,1687.537,230.17,0.0,0.0,1.8,0.076,0.231323566,0.0,2.52,809.1,0.0,3,-27.952757828,4665.22592993,0.052323342,-3.8356e-05,-229000.0,-19.2905,29814.5,-0.019678,0.000132,-3.11e-07,0,solvent,0.0,0.0,0.0,0.0,0.054783425,0.094678512,-2.267329403,-0.384,0.00525,-6.37e-06,52.8786226,6010.0,1000.0,0.00611,273.16,273.15,-242000.0,189.0,0.0,0.0,0.0,0.0,0.0,5.459,0.30542,647.13,0.081,0.0,52100000.0,0.32,-0.212,0.258,0.0,0.999,1.087,-0.638,0.635,0.0,0.0,0.0,0.168272437,0.908482584,5.240427372,4,4C,0.0,0.0,0.0692,16655.0,12277.0,1.4515,0.67359,13855.59696,1.456360879,0.664155324,0.046473789,1,17.38710706,-6141.762746,0.0,0.0,0.0,0.0,0.0,0.0,0.0,0.0,0.0,0.0,0.0,no,1.0656,3.0007,366.51,0.034868,20790.8198,2.52,809.1,0.0,1.0,0,0.0,0.0,0.0,0.0,0.0,0.0,0.0,0.0,-262.49,140.52,0.0,0.0,0.0,276370.0,-2090.1,8.125,-0.014116,9.37e-06,0.923656,-0.37937,0.442429,52.419867266,12.0,6.0,0,0,0,0,0,0,0,0,0,0,0,0,0,0,0,0,0.0,0.0,XLYOFNOQVPJJNP-UHFFFAOYSA-N
187,naphthalene,91-20-3,HC,179,C10H8,128.174,1.0275,475.25,40.5,0.302,217.95,128.174,413.0,Classic,27875.6,-50.3,0.5024,0.5024,-1.803e-06,6.829951e-10,none,0.0,0.0,0.0,0.0,0.0,0.0,0.076,0.0,0.0,2.52,809.1,0.0,3,-24.71,4210.0,0.0453,-3.38e-05,-229000.0,-19.2905,29814.5,-0.019678,0.000132,-3.11e-07,0,solvent,0.0,0.0,0.0,0.0,0.0789,-1.16,0.0,-0.384,0.00525,-6.37e-06,203.0,6000.0,1000.0,0.00611,273.0,273.0,-242000.0,189.0,0.0,0.0,0.0,0.0,0.0,0.0,0.0,0.0,0.0,0.0,52100000.0,0.32,-0.212,0.258,0.0,0.999,0.0,0.0,0.0,0.0,0.0,0.0,0.0,0.0,0.0,0,0,0.0,0.0,0.0,0.0,0.0,0.0,0.0,0.0,0.0,0.0,0.0,1,0.0,0.0,0.0,0.0,0.0,0.0,0.0,0.0,0.0,0.0,0.0,0.01161,5479.0,no,2.8098,3.8246,348.4,0.0,0.0,2.52,809.1,0.0,1.0,0,0.0,0.0,0.0,0.0,0.0,0.0,0.0,0.0,0.0,0.0,0.0,0.0,0.0,0.0,0.0,0.0,0.0,0.0,0.65461,0.02574,0.19252,0.0,12.0,6.0,0,0,0,0,0,0,0,0,0,0,0,0,0,0,0,0,0.0,0.0,UFWIBTONFRDIAS-UHFFFAOYSA-N
188,MEA,141-43-5,amine,182,MEA,61.0831,1.038,364.85,68.7,0.7966,170.85,61.0831,99.0,Classic,0.0,0.0,0.0,0.0,0.0,0.0,none,0.0,0.0,0.0,0.0,0.0,1.7,0.215,0.260355682,0.0,4.5,481.8,0.0,3,-75.19,12680.0,0.1573,-0.0001225,57900.0,8.16976,8989.3,0.0,0.0,0.0,0,solvent,0.0,0.0,0.0,0.0,0.521291873,-1.152080748,-0.013889882,-0.384,0.00525,-6.37e-06,207.0,6000.0,1000.0,0.00611,273.0,273.0,-242000.0,189.0,0.0,0.0,0.0,0.0,0.0,0.0,0.0,0.0,0.0,0.0,52100000.0,0.32,-0.212,0.258,0.0,0.797,2.298601539,-2.159763177,1.537096461,0.0,0.0,0.0,0.0,0.0,0.0,4,4C,0.0,0.0,0.018008483,12276.3826,342400.6001,10.828737539,1.03285479,376276.884,10.78358585,1.258298307,0.0,1,17.38710706,1.76274587,0.0,0.0,0.0,0.0,0.0,0.0,0.0,0.0,0.0,0.0,0.0,no,2.728,3.1075,283.26,0.01,19820.0,4.5,481.8,0.0,1.0,0,0.0,0.0,0.0,0.0,0.0,0.0,0.0,0.0,0.0,0.0,0.0,0.0,0.0,0.0,0.0,0.0,0.0,0.0,0.0,0.0,0.0,0.0,12.0,6.0,0,0,0,0,0,0,0,0,0,0,0,0,0,0,0,0,0.0,0.0,HZAXFHJVJLSVMW-UHFFFAOYSA-N
189,trans-12-DM-cy-C6,6876-23-9,HC,147,C8H16,112.22,0.7800,322.777001953,29.64,0.3304,123.428,16.043,99.0,Classic,66909.6,-68.4,0.8973,-0.0005137,1.09e-07,0.0,log,39.205,-1324.4,-3.4366,3.1019e-05,2.0,0.0,0.0,0.0,0.0,2.52,155.809006022,0.406998625,3,-26.87,1150.0,0.187,-0.000521,-50500.0,2.0,0.0,0.0,0.0,0.0,0,solute,900.0,0.0,0.0,0.0,0.0,0.0,0.0,0.303,-0.000605,-3.2e-06,77.3,941.0,452.0,0.116656057,90.69,90.65,-74520.0,186.0,0.0,0.0,0.0,0.0,0.0,0.0,0.0,0.0,0.0,0.0,10200000.0,0.261,-0.147,0.222,0.0,0.1,0.5857,-0.7206,1.2899,0.0,0.0,0.0,0.122841598,0.914470789,2.741978611,0,0,0.0,0.0,0.0,0.0,0.0,0.0,0.0,0.0,0.0,0.0,4.18626,1,1.0,-6.68082,0.0,9700.0,1.5293e-05,0.04792,1594.0,0.01244,2952.0,0.002317,2777.0,1.076,1323.0,yes,1.0,3.703900119,150.029998779,0.0,0.0,3.190710941,155.809006022,0.406998625,1.0,0,900.0,0.000621,2760.0,0.421,1963.1,0.00404868,2636.75,0.29527,0.0,0.0,0.0,0.0,0.0,0.0,0.0,0.0,0.0,0.0,0.62882,0.70114,-0.78437,0.0,12.0,6.0,0,0,0,0,0,0,0,0,0,0,0,0,0,0,0,0,0.0,0.0,KVZJLSYJROEPSQ-HTQZYQBOSA-N
190,cis-14-DM-cy-C6,624-29-3,HC,147,C8H16,112.22,0.7632,325.0,29.64,0.23398,124.326013183,16.043,99.0,Classic,66909.6,-68.4,0.8973,-0.0005137,1.09e-07,0.0,log,39.205,-1324.4,-3.4366,3.1019e-05,2.0,0.0,0.0,0.0,0.0,2.52,155.809006022,0.406998625,3,-26.87,1150.0,0.187,-0.000521,-50500.0,2.0,0.0,0.0,0.0,0.0,0,solute,900.0,0.0,0.0,0.0,0.0,0.0,0.0,0.303,-0.000605,-3.2e-06,77.3,941.0,452.0,0.116656057,90.69,90.65,-74520.0,186.0,0.0,0.0,0.0,0.0,0.0,0.0,0.0,0.0,0.0,0.0,10200000.0,0.261,-0.147,0.222,0.0,0.1,0.5857,-0.7206,1.2899,0.0,0.0,0.0,0.122841598,0.914470789,2.741978611,0,0,0.0,0.0,0.0,0.0,0.0,0.0,0.0,0.0,0.0,0.0,4.18626,1,1.0,-6.68082,0.0,9700.0,1.5293e-05,0.04792,1594.0,0.01244,2952.0,0.002317,2777.0,1.076,1323.0,yes,1.0,3.703900119,150.029998779,0.0,0.0,3.190710941,155.809006022,0.406998625,1.0,0,900.0,0.000621,2760.0,0.421,1963.1,0.00404868,2636.75,0.29527,0.0,0.0,0.0,0.0,0.0,0.0,0.0,0.0,0.0,0.0,0.62882,0.70114,-0.78437,0.0,12.0,6.0,0,0,0,0,0,0,0,0,0,0,0,0,0,0,0,0,0.0,0.0,QRMPKOFEUHIBNM-OCAPTIKFSA-N
191,trans-14-DM-cy-C6,2207-04-7,HC,147,C8H16,112.22,0.7509,316.667016601,29.64,0.23398,119.356011962,16.043,99.0,Classic,66909.6,-68.4,0.8973,-0.0005137,1.09e-07,0.0,log,39.205,-1324.4,-3.4366,3.1019e-05,2.0,0.0,0.0,0.0,0.0,2.52,155.809006022,0.406998625,3,-26.87,1150.0,0.187,-0.000521,-50500.0,2.0,0.0,0.0,0.0,0.0,0,solute,900.0,0.0,0.0,0.0,0.0,0.0,0.0,0.303,-0.000605,-3.2e-06,77.3,941.0,452.0,0.116656057,90.69,90.65,-74520.0,186.0,0.0,0.0,0.0,0.0,0.0,0.0,0.0,0.0,0.0,0.0,10200000.0,0.261,-0.147,0.222,0.0,0.1,0.5857,-0.7206,1.2899,0.0,0.0,0.0,0.122841598,0.914470789,2.741978611,0,0,0.0,0.0,0.0,0.0,0.0,0.0,0.0,0.0,0.0,0.0,4.18626,1,1.0,-6.68082,0.0,9700.0,1.5293e-05,0.04792,1594.0,0.01244,2952.0,0.002317,2777.0,1.076,1323.0,yes,1.0,3.703900119,150.029998779,0.0,0.0,3.190710941,155.809006022,0.406998625,1.0,0,900.0,0.000621,2760.0,0.421,1963.1,0.00404868,2636.75,0.29527,0.0,0.0,0.0,0.0,0.0,0.0,0.0,0.0,0.0,0.0,0.62882,0.70114,-0.78437,0.0,12.0,6.0,0,0,0,0,0,0,0,0,0,0,0,0,0,0,0,0,0.0,0.0,QRMPKOFEUHIBNM-ZKCHVHJHSA-N
192,PG,57-55-6,glycol,1186,propyleneglycol,76.095,1.036,352.85,61.0,1.102,188.2,76.095,239.0,Classic,32022.6,35.7,0.2484,-0.0001497,3e-08,0.0,exp,13.6299,6022.18,-28.25,0.0,0.0,2.3082,0.215,0.2488,0.0,3.626,481.8,0.0,3,-23.155244944,5694.484212533,0.023081509,0.0,57900.0,-19.29054,29814.53,-0.0196785,0.013189,0.031144,0,solvent,0.0,0.0,0.0,0.0,0.654009012,-3.955117195,3.671191916,0.517338954,-0.000798169,6.4e-08,133.32865,9958.0,904.0,2.42e-06,260.15,260.15,-388000.0,324.0,21.4,0.0,0.0,0.0,0.0,1.3151,0.25125,719.7,0.2187,0.0,82900000.0,0.427,0.0,0.0,0.0,1.117,0.0,0.0,0.0,0.0,0.0,0.0,0.0,0.0,0.0,4,4C,0.0,0.0,0.019,17442.0,138360.0,6.75,0.9372,108190.0,5.14,0.6744,0.0514,1,17.090887,-7800.0,0.0,0.0,0.0,0.0,0.0,0.0,0.0,0.0,0.0,0.0,0.0,no,0.0,0.0,0.0,0.0,0.0,3.626,481.8,0.0,1.0,0,0.0,0.0,0.0,0.0,0.0,0.0,0.0,0.0,35540.0,436.78,-0.18486,0.0,0.0,35540.0,436.78,-0.18486,0.0,0.0,0.91003,1.34996,-1.89002,151.817427819,12.0,6.0,0,0,0,0,0,0,0,0,0,0,0,0,0,0,0,0,0.0,0.0,DNIAPMSPPWPWGF-UHFFFAOYSA-N
193,ammonia,7664-41-7,other,1187,NH3,17.031,0.73,132.25,113.0,0.25,-33.35,17.031,99.0,Classic,11133.0,39.192196,-0.058081604,0.000350102,-3.69e-07,1.276199e-10,pow10,5.20277,1580.08,239.5,0.0,0.0,1.7,0.215,0.2,0.0,3.626,481.8,0.0,3,-39.35,4826.0,0.1091,-0.000113,-16400.0,-19.2905,29814.5,-0.019678,0.013189,0.031144,0,solvent,0.0,0.0,0.0,0.0,0.0,0.0,0.0,-0.384,0.00525,-6.37e-06,73.069489067,3177.0,1000.0,0.00611,175.5,175.5,-45898.0,192.5,30.585,0.0,0.0,0.0,0.0,2.288,0.2685,512.64,0.2453,0.0,52100000.0,0.32,-0.212,0.258,0.0,0.797,1.4371,-0.79942,0.3278,0.0,0.0,0.0,0.0,0.0,0.0,2,2B,0.0,0.0,0.0161,24591.0,40531.0,3.0978,0.43102,47052.0,3.3,0.9037,0.0449,1,17.38710706,-7582.40622,0.0,0.0,0.0,0.0,0.0,0.0,0.0,0.0,0.0,0.0,0.0,no,1.0616,3.1434,263.71,0.03,17710.0,3.626,481.8,0.0,1.0,0,0.0,0.0,0.0,0.0,0.0,0.0,0.0,0.0,-12706.0,958.78,-5.2332,0.013152,0.0,105800.0,-362.23,0.9379,0.0,0.0,1.224003,-0.2735,-0.39823,87.543852818,12.0,6.0,0,0,0,0,0,0,0,0,0,0,0,0,0,0,0,0,0.0,0.0,QGZKDVFQNNGYKY-UHFFFAOYSA-N
194,chlorine,7782-50-5,chlorine,195,Cl2,70.906,1.532643195856246,143.71540000000005,76.424,0.07,-33.952362112999964,70.906,124.069478908,Classic,0.0,25.4089891488,0.04465530069384,-6.73304954604e-05,4.73342196414e-08,-1.268453987088e-11,pow10KPa,9.0628,861.34,-26.82,0.0,0.0,0.0,0.215,0.2767,0.0,4.217,316.0,0.5203667,1,0.0,0.0,0.0,0.0,0.0,8.16976,0.0,0.0,0.0,0.0,0,solute,900.0,0.0,0.0,0.0,0.0,0.0,0.0,0.0,0.0,0.0,207.0,6400.0,1532.643195856246,0.0138084784347999,172.17,172.15,-242000.0,223.1,2.92,0.0,0.0,0.0,0.0,2.92,0.0,0.0,0.0,0.0,20280.90073241057,0.0,0.0,0.0,0.0,1.0,0.0,0.0,0.0,0.0,0.0,0.0,0.0,0.0,0.0,0,0,0.0,0.0,0.0,0.0,0.0,0.0,0.0,0.0,0.0,0.0,0.0449,1,0.0,0.0,0.0,6500.0,1.8927555303529247e-05,0.0,0.0,0.0,0.0,0.0,0.0,0.0,0.0,no,0.0,0.0,0.0,0.0,0.0,0.0,0.0,0.0,0.0,0,0.0,0.0,0.0,0.0,0.0,0.0,0.0,0.0,0.0,0.0,0.0,0.0,0.0,0.0,0.0,0.0,0.0,0.0,0.0,0.0,0.0,0.0,12.0,6.0,0,0,0,0,0,0,0,0,0,0,0,0,0,0,0,0,0.0,0.0,KZBUYRJDOAKODT-UHFFFAOYSA-N
195,ethylene,74-85-1,HC,196,C2H4,28.05316,0.5665875959429861,9.200000000000044,50.418,0.0866,-103.77135156599996,28.05316,130.945481716,Classic,52560.0,35.0953348158,-0.0730175859636,0.00048182294541,-5.59479999942e-07,2.08776085578e-10,pow10KPa,8.91382,596.526,-16.78,0.0,0.0,0.0,0.215,0.2815,0.0,4.04838,169.08,0.7657779,3,0.00121961941966,103.986,566.5875959429861,104.05,68460.0,9.627551137738643e-06,3450.0,13556.576228246831,0.0,0.0,0,solute,2.92,0.0,0.0,0.0,0.0,2.92,0.0,0.0,0.0,0.0,219.3,6400.0,1532.643195856246,0.0138084784347999,8.16976,281.45,52510.0,0.0,2.92,1.0,0.0,0.0,0.0,0.0,0.0,0.0,1.0,0.0,35301.34509746398,0.0,0.0,0.0,0.0,0.0,0.0,0.0,0.0,0.0,0.0,0.0,0.0,0.0,0.0,0,0,0.0,0.0,0.0155,41917.0,53663.0,3.0,0.3338,0.0,0.0,0.0,0.0449,1,0.0,0.0,0.0,12780.0,1.199459866355532e-05,0.0,0.0,0.0,0.0,0.0,0.0,0.0,0.0,no,1.593,3.445,176.47,0.0,0.0,0.0,0.0,0.0,0.0,0,0.0,0.0,0.0,0.0,0.0,0.0,0.0,0.0,0.0,0.0,0.0,0.0,0.0,0.0,0.0,0.0,0.0,0.0,0.0,0.0,0.0,0.0,12.0,6.0,0,0,0,0,0,0,0,0,0,0,0,0,0,0,0,0,0.0,0.0,VGGSQFUCUMXWEO-UHFFFAOYSA-N
196,propene,115-07-1,HC,197,C3H6,42.07974,0.6071797165485592,91.06100000000004,45.55,0.146,-47.61912875399997,42.07974,183.250870442,Classic,20370.0,31.8776388732,0.0323681920014,0.0003897818754239,-4.99948467774e-07,1.89819117234e-10,pow10KPa,8.95606,789.624,-25.57,0.0,0.0,0.36,0.215,0.2779,0.0,4.4902,282.43,1.10518185,3,7.471717723549999e-09,87.953,607.1797165485592,88.075,20370.0,1.05617471008485e-05,3103.0,18504.676899839127,0.0,0.0,0,solute,2.92,0.0,0.0,0.0,0.0,2.92,0.0,0.0,0.0,0.0,266.71,6400.0,1532.643195856246,0.0138084784347999,8.16976,281.45,900.0,0.0,2.92,1.0,0.0,0.0,0.0,0.0,0.0,0.0,1.0,0.0,35301.34509746398,0.0,0.0,0.0,0.0,0.0,0.0,0.0,0.0,0.0,0.0,0.0,0.0,0.0,0.0,0,0,0.0,0.0,0.0155,41917.0,53663.0,3.0,0.3338,0.0,0.0,0.0,0.0449,1,0.0,0.0,0.0,12780.0,1.199459866355532e-05,0.0,0.0,0.0,0.0,0.0,0.0,0.0,0.0,no,0.0,0.0,0.0,0.0,0.0,0.0,0.0,0.0,0.0,0,0.0,0.0,0.0,0.0,0.0,0.0,0.0,0.0,0.0,0.0,0.0,0.0,0.0,0.0,0.0,0.0,0.0,0.0,0.0,0.0,0.0,0.0,12.0,6.0,0,0,0,0,0,0,0,0,0,0,0,0,0,0,0,0,0.0,0.0,QQONPFPTGQHPMA-UHFFFAOYSA-N
197,cis-butene,590-18-1,HC,198,C4H8,56.10632,0.6301087082074909,162.60000000000002,42.255,0.202,3.723555357000009,56.10632,235.626767201,Classic,-7330.0,30.6720422022,0.1595045968032,0.00018541245354,-2.84853392748e-07,1.04429615088e-10,pow10KPa,9.00958,967.32,-35.277,0.0,0.0,0.26,0.215,0.2701,0.0,3.82,132.0,1.4165,3,2.63649278101e-06,134.3,630.1087082074908,134.26,-7330.0,1.1258595759827093e-05,7410.0,23322.437236388218,0.0,0.0,0,solute,2.92,0.0,0.0,0.0,0.0,2.92,0.0,0.0,0.0,0.0,301.17,6400.0,1532.643195856246,0.0138084784347999,8.16976,281.45,900.0,0.0,2.92,1.0,0.0,0.0,0.0,0.0,0.0,0.0,1.0,0.0,35301.34509746398,0.0,0.0,0.0,0.0,0.0,0.0,0.0,0.0,0.0,0.0,0.0,0.0,0.0,0.0,0,0,0.0,0.0,0.0155,41917.0,53663.0,3.0,0.3338,0.0,0.0,0.0,0.0449,1,0.0,0.0,0.0,12780.0,1.199459866355532e-05,0.0,0.0,0.0,0.0,0.0,0.0,0.0,0.0,no,0.0,0.0,0.0,0.0,0.0,0.0,0.0,0.0,0.0,0,0.0,0.0,0.0,0.0,0.0,0.0,0.0,0.0,0.0,0.0,0.0,0.0,0.0,0.0,0.0,0.0,0.0,0.0,0.0,0.0,0.0,0.0,12.0,6.0,0,0,0,0,0,0,0,0,0,0,0,0,0,0,0,0,0.0,0.0,IAQRGUVFOMOMEM-ARJAWSKDSA-N
198,trans-butene,624-64-6,HC,199,C4H8,56.10632,0.6247637226336263,155.46000000000004,40.273,0.21,0.8798965720000069,56.10632,237.360550676,Classic,-11180.0,46.42794352319999,-0.040657708422,0.0007593596135339,-9.1251196305e-07,3.3964568283e-10,pow10KPa,9.00827,967.5,-32.31,0.0,0.0,0.0,0.215,0.272,0.0,3.82,132.0,1.367,3,0.0007481658101809,167.6,624.7637226336263,167.63,-11180.0,1.0933788266236188e-05,9860.0,22984.99404781112,0.0,0.0,0,solute,2.92,0.0,0.0,0.0,0.0,2.92,0.0,0.0,0.0,0.0,296.48,6400.0,1532.643195856246,0.0138084784347999,8.16976,281.45,900.0,0.0,2.92,1.0,0.0,0.0,0.0,0.0,0.0,0.0,1.0,0.0,35301.34509746398,0.0,0.0,0.0,0.0,0.0,0.0,0.0,0.0,0.0,0.0,0.0,0.0,0.0,0.0,0,0,0.0,0.0,0.0155,41917.0,53663.0,3.0,0.3338,0.0,0.0,0.0,0.0449,1,0.0,0.0,0.0,12780.0,1.199459866355532e-05,0.0,0.0,0.0,0.0,0.0,0.0,0.0,0.0,no,0.0,0.0,0.0,0.0,0.0,0.0,0.0,0.0,0.0,0,0.0,0.0,0.0,0.0,0.0,0.0,0.0,0.0,0.0,0.0,0.0,0.0,0.0,0.0,0.0,0.0,0.0,0.0,0.0,0.0,0.0,0.0,12.0,6.0,0,0,0,0,0,0,0,0,0,0,0,0,0,0,0,0,0.0,0.0,IAQRGUVFOMOMEM-ONEGZZNKSA-N
199,iso-butene,115-11-7,HC,200,C4H8,56.10632,0.6172935303955316,144.94,40.098,0.193,-7.004207835999978,56.10632,239.808153477,Classic,-17600.0,26.8640196138,0.1741796183502,0.000192313455174,-3.28338017502e-07,1.30204440468e-10,pow10KPa,8.80956,866.25,-38.51,0.0,0.0,0.5,0.215,0.2728,0.0,3.82,132.0,1.4375,3,6.7618898108400006e-06,132.4,617.2935303955315,132.95,-17600.0,1.0947338969965856e-05,6020.0,22077.0419048734,0.0,0.0,0,solute,2.92,0.0,0.0,0.0,0.0,2.92,0.0,0.0,0.0,0.0,293.59,6400.0,1532.643195856246,0.0138084784347999,8.16976,281.45,900.0,0.0,2.92,1.0,0.0,0.0,0.0,0.0,0.0,0.0,1.0,0.0,35301.34509746398,0.0,0.0,0.0,0.0,0.0,0.0,0.0,0.0,0.0,0.0,0.0,0.0,0.0,0.0,0,0,0.0,0.0,0.0155,41917.0,53663.0,3.0,0.3338,0.0,0.0,0.0,0.0449,1,0.0,0.0,0.0,12780.0,1.199459866355532e-05,0.0,0.0,0.0,0.0,0.0,0.0,0.0,0.0,no,0.0,0.0,0.0,0.0,0.0,0.0,0.0,0.0,0.0,0,0.0,0.0,0.0,0.0,0.0,0.0,0.0,0.0,0.0,0.0,0.0,0.0,0.0,0.0,0.0,0.0,0.0,0.0,0.0,0.0,0.0,0.0,12.0,6.0,0,0,0,0,0,0,0,0,0,0,0,0,0,0,0,0,0.0,0.0,VQTUBCCKSQIDNK-UHFFFAOYSA-N
200,formic acid,64-18-6,acid,1194,CH2O2,46.02538,1.0798472538295498,314.85,58.1,0.3222,101.0,46.02538,115.9,Classic,-378700.0,31.6697773782,0.0130370729664,0.000298239673026,-3.6666767718e-07,1.39017767856e-10,none,0.0,0.0,0.0,0.0,0.0,1.0,0.215,0.0,0.0,3.82,132.0,0.9398892,3,0.0,0.0,0.0,0.0,0.0,8.16976,0.0,0.0,0.0,0.0,0,solute,900.0,0.0,0.0,0.0,0.0,0.0,0.0,0.0,0.0,0.0,207.0,6400.0,1079.8472538295498,0.0236,281.44968,281.45,-378700.0,248.7,2.92,0.0,0.0,0.0,0.0,2.92,0.0,0.0,0.0,0.0,35301.34509746398,0.0,0.0,0.0,0.0,0.0,0.0,0.0,0.0,0.0,0.0,0.0,0.0,0.0,0.0,0,1A,0.0,0.0,0.0155,41917.0,53663.0,3.0,0.3338,0.0,0.0,0.0,0.0449,1,0.0,0.0,0.0,12780.0,1.199459866355532e-05,0.0,0.0,0.0,0.0,0.0,0.0,0.0,0.0,no,1.2029,3.5381,277.8,0.14,2648.0,0.0,0.0,0.0,0.0,0,0.0,0.0,0.0,0.0,0.0,0.0,0.0,0.0,0.0,0.0,0.0,0.0,0.0,0.0,0.0,0.0,0.0,0.0,0.0,0.0,0.0,0.0,12.0,6.0,0,0,0,0,0,0,0,0,0,0,0,0,0,0,0,0,0.0,0.0,BDAGIHXWWSANSR-UHFFFAOYSA-N
201,hydrochloric acid,7647-01-0,acid,1195,ClH,36.46094,1.172170470366168,51.53000000000003,83.135,0.129,-84.97739239499998,36.46094,84.2459983151,Classic,-92173.0,31.8194376546,-0.0244112539727999,7.3084101642e-05,-8.5722080538e-08,3.6500478522e-11,pow10KPa,9.2949,745.78,-14.27,0.0,0.0,1.0,0.215,0.2653,0.0,3.339,344.7,0.11206604,3,0.0,0.0,0.0,0.0,0.0,8.16976,0.0,0.0,0.0,0.0,0,solute,900.0,0.0,0.0,0.0,0.0,0.0,0.0,0.0,0.0,0.0,207.0,6400.0,1172.170470366168,0.138284046785,159.07,203.55,-92173.0,186.9,2.92,0.0,0.0,0.0,0.0,2.92,0.0,0.0,0.0,0.0,16627.718180817672,0.0,0.0,0.0,0.0,0.0,0.0,0.0,0.0,0.0,0.0,0.0,0.0,0.0,0.0,0,1A,0.0,0.0,0.0155,41917.0,56336.0,3.0,0.3338,0.0,0.0,0.0,0.0449,1,0.0,0.0,0.0,2100.0,1.496671323296127e-05,0.0,0.0,0.0,0.0,0.0,0.0,0.0,0.0,no,0.0,0.0,0.0,0.0,0.0,0.0,0.0,0.0,0.0,0,0.0,0.0,0.0,0.0,0.0,0.0,0.0,0.0,0.0,0.0,0.0,0.0,0.0,0.0,0.0,0.0,0.0,0.0,0.0,0.0,0.0,0.0,12.0,6.0,0,0,0,0,0,0,0,0,0,0,0,0,0,0,0,0,0.0,0.0,VEXZGXHMUGYJMC-UHFFFAOYSA-N
202,sulfuric acid,7664-93-9,acid,1196,H2O4S,98.07848,1.5331460079326602,650.85,64.0,0.481623142957687,337.0,298.07848,177.70000000000002,Classic,-735120.0,37.978352,-0.07461815,0.0003018813,0.0,0.0,pow10KPa,0.0,0.0,0.0,0.0,0.0,0.0,0.0,0.0,0.0,2.52,155.809006022,0.406998625,3,-26.87,1150.0,0.187,-0.000521,-50500.0,2.0,0.0,0.0,0.0,0.0,0,solute,900.0,0.0,0.0,0.0,0.0,0.0,0.0,0.303,-0.000605,-3.2e-06,77.3,941.0,452.0,0.116656057,90.69,90.65,-74520.0,186.0,33.022,-0.01587,-0.000155,0.0,0.0,2.92,0.29,191.0,0.289,0.0,8170.0,0.0,0.0,0.0,0.0,0.1,0.5857,-0.7206,1.2899,0.0,0.0,0.0,0.122841598,0.914470789,2.741978611,0,1A,0.0,0.0,0.0,41917.0,56336.0,3.0,0.3338,0.0,0.0,0.0,4.18626,1,1.0,-6.68082,0.0,9700.0,1.5293e-05,0.04792,1594.0,0.01244,2952.0,0.002317,2777.0,1.076,1323.0,yes,2.4577,3.099,379.47,0.0,0.0,3.190710941,155.809006022,0.406998625,1.0,0,900.0,0.000621,2760.0,0.421,1963.1,0.00404868,2636.75,0.29527,0.0,0.0,0.0,0.0,0.0,0.0,0.0,0.0,0.0,0.0,0.39234,0.0,0.0,77.3,12.0,6.0,0,0,0,0,0,0,0,0,0,0,0,0,0,0,0,0,0.0,0.0,QAOWNCQODCNURD-UHFFFAOYSA-N
203,SO2,7446-09-5,other,1197,O2S,64.0638,1.41228792396165,157.49,78.866,0.256,-10.01298464599995,64.0638,123.793018074,Classic,-296800.0,36.7249689366,-0.0185745031932,0.0001948909377119,-2.71965980058e-07,1.15820425014e-10,pow10KPa,9.4072,999.9,-35.96,0.0,0.0,0.0,0.0,0.0,0.0,2.52,155.809006022,0.406998625,3,-26.87,1150.0,0.187,-0.000521,-300094.0,2.0,0.0,0.0,0.0,0.0,0,solute,900.0,0.0,0.0,0.0,0.0,0.0,0.0,0.303,-0.000605,-3.2e-06,77.3,941.0,452.0,0.116656057,90.69,90.65,-296830.0,248.2,33.022,-0.01587,-0.000155,0.0,0.0,2.92,0.29,191.0,0.289,0.0,8170.0,0.0,0.0,0.0,0.0,0.1,0.5857,-0.7206,1.2899,0.0,0.0,0.0,0.122841598,0.914470789,2.741978611,0,0,0.0,0.0,0.0,0.0,0.0,0.0,0.0,0.0,0.0,0.0,4.18626,1,1.0,-6.68082,0.0,9700.0,1.5293e-05,0.04792,1594.0,0.01244,2952.0,0.002317,2777.0,1.076,1323.0,yes,2.8611,2.6826,205.35,0.0,0.0,3.190710941,155.809006022,0.406998625,1.0,0,900.0,0.000621,2760.0,0.421,1963.1,0.00404868,2636.75,0.29527,0.0,0.0,0.0,0.0,0.0,0.0,0.0,0.0,0.0,0.0,0.39234,0.0,0.0,77.3,12.0,6.0,0,0,0,0,0,0,0,0,0,0,0,0,0,0,0,0,0.0,0.0,RAHZWNYVWXNFOC-UHFFFAOYSA-N
204,NO2,10102-44-0,other,1198,NO2,46.0055,1.67105434446441,158,101.3,0.9,21.15000000000004,46.0055,82.0,Classic,34017.0,30.022,0.016761,0.0,0.0,0.0,pow10KPa,0.0,0.0,0.0,0.0,0.0,0.0,0.0,0.0,0.0,2.52,155.809006022,0.406998625,3,-26.87,1150.0,0.187,-0.000521,-50500.0,2.0,0.0,0.0,0.0,0.0,0,solute,900.0,0.0,0.0,0.0,0.0,0.0,0.0,0.303,-0.000605,-3.2e-06,77.3,941.0,452.0,0.116656057,90.69,90.65,-74520.0,186.0,33.022,-0.01587,-0.000155,0.0,0.0,2.92,0.29,191.0,0.289,0.0,8170.0,0.0,0.0,0.0,0.0,0.1,0.5857,-0.7206,1.2899,0.0,0.0,0.0,0.122841598,0.914470789,2.741978611,0,0,0.0,0.0,0.0,0.0,0.0,0.0,0.0,0.0,0.0,0.0,4.18626,1,1.0,-6.68082,0.0,9700.0,1.5293e-05,0.04792,1594.0,0.01244,2952.0,0.002317,2777.0,1.076,1323.0,yes,2.6826,2.5541,198.23,0.0,0.0,3.190710941,155.809006022,0.406998625,1.0,0,900.0,0.000621,2760.0,0.421,1963.1,0.00404868,2636.75,0.29527,0.0,0.0,0.0,0.0,0.0,0.0,0.0,0.0,0.0,0.0,0.39234,0.0,0.0,77.3,12.0,6.0,0,0,0,0,0,0,0,0,0,0,0,0,0,0,0,0,0.0,0.0,JCXJVPUVTGWSNB-UHFFFAOYSA-N
205,nitric acid,7697-37-2,acid,1199,HNO3,63.01284,1.358835620266826,246.85,68.901,0.7144,83.0,63.01284,133.0,Classic,-134160.0,37.978352,-0.07461815,0.0003018813,0.0,0.0,pow10KPa,0.0,0.0,0.0,0.0,0.0,0.0,0.0,0.0,0.0,2.52,155.809006022,0.406998625,3,-26.87,1150.0,0.187,-0.000521,-50500.0,2.0,0.0,0.0,0.0,0.0,0,solute,900.0,0.0,0.0,0.0,0.0,0.0,0.0,0.303,-0.000605,-3.2e-06,77.3,941.0,452.0,0.116656057,90.69,90.65,-74520.0,186.0,33.022,-0.01587,-0.000155,0.0,0.0,2.92,0.29,191.0,0.289,0.0,8170.0,0.0,0.0,0.0,0.0,0.1,0.5857,-0.7206,1.2899,0.0,0.0,0.0,0.122841598,0.914470789,2.741978611,0,1A,0.0,0.0,0.0,41917.0,56336.0,3.0,0.3338,0.0,0.0,0.0,4.18626,1,1.0,-6.68082,0.0,9700.0,1.5293e-05,0.04792,1594.0,0.01244,2952.0,0.002317,2777.0,1.076,1323.0,yes,2.1721,2.8987,245.61,0.0,0.0,3.190710941,155.809006022,0.406998625,1.0,0,900.0,0.000621,2760.0,0.421,1963.1,0.00404868,2636.75,0.29527,0.0,0.0,0.0,0.0,0.0,0.0,0.0,0.0,0.0,0.0,0.39234,0.0,0.0,77.3,12.0,6.0,0,0,0,0,0,0,0,0,0,0,0,0,0,0,0,0,0.0,0.0,GRYLNZFGIOXLOG-UHFFFAOYSA-N
206,para-hydrogen,1333-74-0,HC,1200,para-hydrogen,2.016,0.0,-240.212,12.858,-0.22,-252.75,2.016,65.0,Classic,-9755.849721806,23.969262,0.030603834,-6.4184e-05,5.7e-08,-1.770882e-11,none,0.0,0.0,0.0,0.0,0.0,1.8,0.076,0.0,0.0,2.52,809.1,0.0,3,-24.71,4210.0,0.0453,-3.38e-05,-229000.0,-19.2905,29814.5,-0.019678,0.000132,-3.11e-07,0,solvent,0.0,0.0,0.0,0.0,0.0789,-1.16,0.0,-0.384,0.00525,-6.37e-06,207.0,6000.0,1000.0,0.00611,273.0,273.0,-242000.0,189.0,0.0,0.0,0.0,0.0,0.0,0.0,0.0,0.0,0.0,0.0,52100000.0,0.32,-0.212,0.258,0.0,0.999,0.0,0.0,0.0,0.0,0.0,0.0,0.0,0.0,0.0,0,0,0.0,0.0,0.0,0.0,0.0,0.0,0.0,0.0,0.0,0.0,0.0,1,0.0,0.0,0.0,0.0,0.0,0.0,0.0,0.0,0.0,0.0,0.0,0.0,0.0,no,0.0,0.0,0.0,0.0,0.0,2.52,809.1,0.0,1.0,0,0.0,0.0,0.0,0.0,0.0,0.0,0.0,0.0,0.0,0.0,0.0,0.0,0.0,0.0,0.0,0.0,0.0,0.0,0.0,0.0,0.0,207.0,12.0,6.0,0,0,0,0,0,0,0,0,0,0,0,0,0,0,0,0,0.0,0.0,UFHFLCQGNIYNRP-UHFFFAOYSA-N
207,ortho-hydrogen,1333-74-0,HC,1201,ortho-hydrogen,2.016,0.0,-239.93,13.1065,-0.22,-252.75,2.016,65.0,Classic,-9755.849721806,23.969262,0.030603834,-6.4184e-05,5.7e-08,-1.770882e-11,none,0.0,0.0,0.0,0.0,0.0,1.8,0.076,0.0,0.0,2.52,809.1,0.0,3,-24.71,4210.0,0.0453,-3.38e-05,-229000.0,-19.2905,29814.5,-0.019678,0.000132,-3.11e-07,0,solvent,0.0,0.0,0.0,0.0,0.0789,-1.16,0.0,-0.384,0.00525,-6.37e-06,207.0,6000.0,1000.0,0.00611,273.0,273.0,-242000.0,189.0,0.0,0.0,0.0,0.0,0.0,0.0,0.0,0.0,0.0,0.0,52100000.0,0.32,-0.212,0.258,0.0,0.999,0.0,0.0,0.0,0.0,0.0,0.0,0.0,0.0,0.0,0,0,0.0,0.0,0.0,0.0,0.0,0.0,0.0,0.0,0.0,0.0,0.0,1,0.0,0.0,0.0,0.0,0.0,0.0,0.0,0.0,0.0,0.0,0.0,0.0,0.0,no,0.0,0.0,0.0,0.0,0.0,2.52,809.1,0.0,1.0,0,0.0,0.0,0.0,0.0,0.0,0.0,0.0,0.0,0.0,0.0,0.0,0.0,0.0,0.0,0.0,0.0,0.0,0.0,0.0,0.0,0.0,207.0,12.0,6.0,0,0,0,0,0,0,0,0,0,0,0,0,0,0,0,0,0.0,0.0,UFHFLCQGNIYNRP-UHFFFAOYSA-N
208,NO,10102-43-9,0,1202,NO,30.0061,1.452100783195692,358,64.848,0.588,-151.73999999999998,30.0061,58.0,Classic,91089.0,37.6977607332,-0.0635557307111999,0.000171776739468,-1.79259753288e-07,6.701454598800001e-11,pow10KPa,10.8679,682.9386,-4.88,0.0,0.0,1.0,0.215,0.2668,0.0,3.492,116.7,0.2744,3,0.0,0.0,0.0,0.0,0.0,8.16976,0.0,0.0,0.0,0.0,0,0.0,900.0,0.0,0.0,0.0,0.0,0.0,0.0,0.0,0.0,0.0,207.0,0.0,1452.100783195692,0.219155309210526,109.500864,109.55,91089.0,210.8,2.92,0.0,0.0,0.0,0.0,2.92,0.0,0.0,0.0,0.0,13641.868571336778,0.0,0.0,0.0,0.0,0.0,0.0,0.0,0.0,0.0,0.0,0.0,0.0,0.0,0.0,1,1A,0.0,0.0,0.0,0.0,91196.01624744,4.68,0.4644,0.0,0.0,0.0,0.0,1,0.0,0.0,0.0,2400.0,1.2693739417943766e-05,0.0,0.0,0.0,0.0,0.0,0.0,0.0,0.0,no,0.0,0.0,0.0,0.0,0.0,0.0,0.0,0.0,0.0,0,0.0,0.0,0.0,0.0,0.0,0.0,0.0,0.0,0.0,0.0,0.0,0.0,0.0,0.0,0.0,0.0,0.0,0.0,0.0,0.0,0.0,0.0,12.0,6.0,0,0,0,0,0,0,0,0,0,0,0,0,0,0,0,0,0.0,0.0,MWUXSHHQAYIFBG-UHFFFAOYSA-N
209,NO-,10102-43-9,ion,1202,NO,29.0061,1.452100783195692,358,64.848,0.588,-151.73999999999998,29.0061,58.0,Classic,91089.0,37.6977607332,-0.0635557307111999,0.000171776739468,-1.79259753288e-07,6.701454598800001e-11,none,0.0,0.0,0.0,0.0,0.0,1.0,0.215,0.2668,0.0,3.492,116.7,0.2744,3,1.0,0.0,0.0,0.0,0.0,8.16976,0.0,0.0,0.0,0.0,-1,solute,900.0,0.0,0.0,0.0,0.0,0.0,0.0,0.0,0.0,0.0,207.0,0.0,1452.100783195692,0.219155309210526,109.500864,109.55,91089.0,210.8,2.92,0.0,0.0,0.0,0.0,2.92,0.0,0.0,0.0,0.0,13641.868571336778,0.0,0.0,0.0,0.0,0.0,0.0,0.0,0.0,0.0,0.0,0.0,0.0,0.0,0.0,1,1A,0.0,0.0,0.0,0.0,91196.01624744,4.68,0.4644,0.0,0.0,0.0,0.0,1,0.0,0.0,0.0,2400.0,1.2693739417943766e-05,0.0,0.0,0.0,0.0,0.0,0.0,0.0,0.0,no,0.0,0.0,0.0,0.0,0.0,0.0,0.0,0.0,0.0,0,0.0,0.0,0.0,0.0,0.0,0.0,0.0,0.0,0.0,0.0,0.0,0.0,0.0,0.0,0.0,0.0,0.0,0.0,0.0,0.0,0.0,0.0,12.0,6.0,0,0,0,0,0,0,0,0,0,0,0,0,0,0,0,0,0.0,0.0,MWUXSHHQAYIFBG-UHFFFAOYSA-N
210,N2O5,10102-03-1,0,1204,N2O5,108.0104,1.6387872579662983,318.80000000000007,64.33,0.266,33.0,108.0104,182.56,Classic,14760.0,37.978352,-0.07461815,0.0003018813,0.0,0.0,none,0.0,0.0,0.0,0.0,0.0,1.0,0.215,0.0,0.0,3.82,132.0,1.0,3,0.0,0.0,0.0,0.0,0.0,8.16976,0.0,0.0,0.0,0.0,0,0.0,900.0,0.0,0.0,0.0,0.0,0.0,0.0,0.0,0.0,0.0,207.0,0.0,1000.0,0.1,273.15,303.15,14760.0,355.7,2.92,0.0,0.0,0.0,0.0,2.92,0.0,0.0,0.0,0.0,26082.159742053424,0.0,0.0,0.0,0.0,0.0,0.0,0.0,0.0,0.0,0.0,0.0,0.0,0.0,0.0,1,1A,0.0,0.0,0.0,0.0,91196.01624744,4.68,0.4644,0.0,0.0,0.0,0.0,1,0.0,0.0,0.0,0.0,2.0101793235595603e-05,0.0,0.0,0.0,0.0,0.0,0.0,0.0,0.0,no,0.0,0.0,0.0,0.0,0.0,0.0,0.0,0.0,0.0,0,0.0,0.0,0.0,0.0,0.0,0.0,0.0,0.0,0.0,0.0,0.0,0.0,0.0,0.0,0.0,0.0,0.0,0.0,0.0,0.0,0.0,0.0,12.0,6.0,0,0,0,0,0,0,0,0,0,0,0,0,0,0,0,0,0.0,0.0,ZWWCURLKEXEFQT-UHFFFAOYSA-N
211,N2O5-,10102-03-1,ion,1204,N2O5,107.0104,1.6387872579662983,318.80000000000007,64.33,0.266,33.0,107.0104,182.56,Classic,14760.0,37.978352,-0.07461815,0.0003018813,0.0,0.0,none,0.0,0.0,0.0,0.0,0.0,1.0,0.215,0.0,0.0,3.82,132.0,1.0,3,1.0,0.0,0.0,0.0,0.0,8.16976,0.0,0.0,0.0,0.0,-1,solute,900.0,0.0,0.0,0.0,0.0,0.0,0.0,0.0,0.0,0.0,207.0,0.0,1000.0,0.1,273.15,303.15,14760.0,355.7,2.92,0.0,0.0,0.0,0.0,2.92,0.0,0.0,0.0,0.0,26082.159742053424,0.0,0.0,0.0,0.0,0.0,0.0,0.0,0.0,0.0,0.0,0.0,0.0,0.0,0.0,1,1A,0.0,0.0,0.0,0.0,91196.01624744,4.68,0.4644,0.0,0.0,0.0,0.0,1,0.0,0.0,0.0,0.0,2.0101793235595603e-05,0.0,0.0,0.0,0.0,0.0,0.0,0.0,0.0,no,0.0,0.0,0.0,0.0,0.0,0.0,0.0,0.0,0.0,0,0.0,0.0,0.0,0.0,0.0,0.0,0.0,0.0,0.0,0.0,0.0,0.0,0.0,0.0,0.0,0.0,0.0,0.0,0.0,0.0,0.0,0.0,12.0,6.0,0,0,0,0,0,0,0,0,0,0,0,0,0,0,0,0,0.0,0.0,ZWWCURLKEXEFQT-UHFFFAOYSA-N
212,N2O3,10544-73-7,0,1206,N2O3,76.0116,0.98834459114374,318.80000000000007,69.9,0.4312,42.75,76.0116,195.0,Classic,86080.0,37.978352,-0.07461815,0.0003018813,0.0,0.0,none,0.0,0.0,0.0,0.0,0.0,1.0,0.215,0.0,0.0,3.82,132.0,1.173,3,0.0,0.0,0.0,0.0,0.0,8.16976,0.0,0.0,0.0,0.0,0,0.0,900.0,0.0,0.0,0.0,0.0,0.0,0.0,0.0,0.0,0.0,207.0,0.0,1000.0,0.1,273.15,172.05,86080.0,314.7,2.92,0.0,0.0,0.0,0.0,2.92,0.0,0.0,0.0,0.0,49727.2913030901,0.0,0.0,0.0,0.0,0.0,0.0,0.0,0.0,0.0,0.0,0.0,0.0,0.0,0.0,1,1A,0.0,0.0,0.0,0.0,91196.01624744,4.68,0.4644,0.0,0.0,0.0,0.0,1,0.0,0.0,0.0,0.0,1.8405984915604204e-05,0.0,0.0,0.0,0.0,0.0,0.0,0.0,0.0,no,0.0,0.0,0.0,0.0,0.0,0.0,0.0,0.0,0.0,0,0.0,0.0,0.0,0.0,0.0,0.0,0.0,0.0,0.0,0.0,0.0,0.0,0.0,0.0,0.0,0.0,0.0,0.0,0.0,0.0,0.0,0.0,12.0,6.0,0,0,0,0,0,0,0,0,0,0,0,0,0,0,0,0,0.0,0.0,LZDSILRDTDCIQT-UHFFFAOYSA-N
213,N2O3-,10544-73-7,ion,1206,N2O3,75.0116,0.98834459114374,318.80000000000007,69.9,0.4312,42.75,75.0116,195.0,Classic,86080.0,37.978352,-0.07461815,0.0003018813,0.0,0.0,none,0.0,0.0,0.0,0.0,0.0,1.0,0.215,0.0,0.0,3.82,132.0,1.173,3,1.0,0.0,0.0,0.0,0.0,8.16976,0.0,0.0,0.0,0.0,-1,solute,900.0,0.0,0.0,0.0,0.0,0.0,0.0,0.0,0.0,0.0,207.0,0.0,1000.0,0.1,273.15,172.05,86080.0,314.7,2.92,0.0,0.0,0.0,0.0,2.92,0.0,0.0,0.0,0.0,49727.2913030901,0.0,0.0,0.0,0.0,0.0,0.0,0.0,0.0,0.0,0.0,0.0,0.0,0.0,0.0,1,1A,0.0,0.0,0.0,0.0,91196.01624744,4.68,0.4644,0.0,0.0,0.0,0.0,1,0.0,0.0,0.0,0.0,1.8405984915604204e-05,0.0,0.0,0.0,0.0,0.0,0.0,0.0,0.0,no,0.0,0.0,0.0,0.0,0.0,0.0,0.0,0.0,0.0,0,0.0,0.0,0.0,0.0,0.0,0.0,0.0,0.0,0.0,0.0,0.0,0.0,0.0,0.0,0.0,0.0,0.0,0.0,0.0,0.0,0.0,0.0,12.0,6.0,0,0,0,0,0,0,0,0,0,0,0,0,0,0,0,0,0.0,0.0,LZDSILRDTDCIQT-UHFFFAOYSA-N
214,N2O,10024-97-2,0,1208,N2O,44.0128,1.2191799046680196,36.5,73,0.162,-88.46605635499998,44.0128,97.3709834469,Classic,82574.0,26.315265267,0.0282774777797999,8.2230007422e-05,-1.5631184424e-07,7.399869221999999e-11,pow10KPa,9.12884,654.26,-25.99,0.0,0.0,1.0,0.215,0.2758,0.0,3.67545,239.63,0.18575086,3,0.0,0.0,0.0,0.0,0.0,8.16976,0.0,0.0,0.0,0.0,0,0.0,900.0,0.0,0.0,0.0,0.0,0.0,0.0,0.0,0.0,0.0,207.0,0.0,1219.1799046680196,0.8783731034009999,182.33,182.345,82574.0,220.0,2.92,0.0,0.0,0.0,0.0,2.92,0.0,0.0,0.0,0.0,16464.71616356305,0.0,0.0,0.0,0.0,0.0,0.0,0.0,0.0,0.0,0.0,0.0,0.0,0.0,0.0,1,1A,0.0,0.0,0.0,0.0,91196.01624744,4.68,0.4644,0.0,0.0,0.0,0.0,1,0.0,0.0,0.0,6640.0,1.5122820664363236e-05,0.0,0.0,0.0,0.0,0.0,0.0,0.0,0.0,no,0.0,0.0,0.0,0.0,0.0,0.0,0.0,0.0,0.0,0,0.0,0.0,0.0,0.0,0.0,0.0,0.0,0.0,0.0,0.0,0.0,0.0,0.0,0.0,0.0,0.0,0.0,0.0,0.0,0.0,0.0,0.0,12.0,6.0,0,0,0,0,0,0,0,0,0,0,0,0,0,0,0,0,0.0,0.0,GQPLMRYTRLFLPF-UHFFFAOYSA-N
215,N2O-,10024-97-2,ion,1208,N2O,43.0128,1.2191799046680196,582,72.45,0.162,-88.46605635499998,43.0128,97.3709834469,Classic,82574.0,26.315265267,0.0282774777797999,8.2230007422e-05,-1.5631184424e-07,7.399869221999999e-11,none,0.0,0.0,0.0,0.0,0.0,1.0,0.215,0.2758,0.0,3.67545,239.63,0.18575086,3,1.0,0.0,0.0,0.0,0.0,8.16976,0.0,0.0,0.0,0.0,-1,solute,900.0,0.0,0.0,0.0,0.0,0.0,0.0,0.0,0.0,0.0,207.0,0.0,1219.1799046680196,0.8783731034009999,182.33,182.345,82574.0,220.0,2.92,0.0,0.0,0.0,0.0,2.92,0.0,0.0,0.0,0.0,16464.71616356305,0.0,0.0,0.0,0.0,0.0,0.0,0.0,0.0,0.0,0.0,0.0,0.0,0.0,0.0,1,1A,0.0,0.0,0.0,0.0,91196.01624744,4.68,0.4644,0.0,0.0,0.0,0.0,1,0.0,0.0,0.0,6640.0,1.5122820664363236e-05,0.0,0.0,0.0,0.0,0.0,0.0,0.0,0.0,no,0.0,0.0,0.0,0.0,0.0,0.0,0.0,0.0,0.0,0,0.0,0.0,0.0,0.0,0.0,0.0,0.0,0.0,0.0,0.0,0.0,0.0,0.0,0.0,0.0,0.0,0.0,0.0,0.0,0.0,0.0,0.0,12.0,6.0,0,0,0,0,0,0,0,0,0,0,0,0,0,0,0,0,0.0,0.0,GQPLMRYTRLFLPF-UHFFFAOYSA-N
216,NHÃ¢â€šâ€šOH,7803-49-8,0,1210,H3NO,33.02992,1.384180567357443,318.80000000000007,137.0,0.694,58.0,33.02992,74.64,Classic,-43480.0,37.978352,-0.07461815,0.0003018813,0.0,0.0,none,0.0,0.0,0.0,0.0,0.0,1.0,0.215,0.0,0.0,3.82,132.0,0.68207255,3,0.0,0.0,0.0,0.0,0.0,8.16976,0.0,0.0,0.0,0.0,0,0.0,900.0,0.0,0.0,0.0,0.0,0.0,0.0,0.0,0.0,0.0,207.0,0.0,1000.0,0.1,273.15,306.15,-43480.0,0.0,2.92,0.0,0.0,0.0,0.0,2.92,0.0,0.0,0.0,0.0,33299.8917921176,0.0,0.0,0.0,0.0,0.0,0.0,0.0,0.0,0.0,0.0,0.0,0.0,0.0,0.0,1,1A,0.0,0.0,0.0,0.0,91196.01624744,4.68,0.4644,0.0,0.0,0.0,0.0,1,0.0,0.0,0.0,5141.0,1.807373815415664e-05,0.0,0.0,0.0,0.0,0.0,0.0,0.0,0.0,no,0.0,0.0,0.0,0.0,0.0,0.0,0.0,0.0,0.0,0,0.0,0.0,0.0,0.0,0.0,0.0,0.0,0.0,0.0,0.0,0.0,0.0,0.0,0.0,0.0,0.0,0.0,0.0,0.0,0.0,0.0,0.0,12.0,6.0,0,0,0,0,0,0,0,0,0,0,0,0,0,0,0,0,0.0,0.0,AVXURJPOCDRRFD-UHFFFAOYSA-N
217,NHÃ¢â€šâ€šOH-,7803-49-8,ion,1210,H3NO,32.02992,1.384180567357443,318.80000000000007,137.0,0.694,58.0,32.02992,74.64,Classic,-43480.0,37.978352,-0.07461815,0.0003018813,0.0,0.0,none,0.0,0.0,0.0,0.0,0.0,1.0,0.215,0.0,0.0,3.82,132.0,0.68207255,3,1.0,0.0,0.0,0.0,0.0,8.16976,0.0,0.0,0.0,0.0,-1,solute,900.0,0.0,0.0,0.0,0.0,0.0,0.0,0.0,0.0,0.0,207.0,0.0,1000.0,0.1,273.15,306.15,-43480.0,0.0,2.92,0.0,0.0,0.0,0.0,2.92,0.0,0.0,0.0,0.0,33299.8917921176,0.0,0.0,0.0,0.0,0.0,0.0,0.0,0.0,0.0,0.0,0.0,0.0,0.0,0.0,1,1A,0.0,0.0,0.0,0.0,91196.01624744,4.68,0.4644,0.0,0.0,0.0,0.0,1,0.0,0.0,0.0,5141.0,1.807373815415664e-05,0.0,0.0,0.0,0.0,0.0,0.0,0.0,0.0,no,0.0,0.0,0.0,0.0,0.0,0.0,0.0,0.0,0.0,0,0.0,0.0,0.0,0.0,0.0,0.0,0.0,0.0,0.0,0.0,0.0,0.0,0.0,0.0,0.0,0.0,0.0,0.0,0.0,0.0,0.0,0.0,12.0,6.0,0,0,0,0,0,0,0,0,0,0,0,0,0,0,0,0,0.0,0.0,AVXURJPOCDRRFD-UHFFFAOYSA-N
218,NÃ¢â€šâ€šHÃ¢â€šâ€ž,302-01-2,0,1212,H4N2,32.04516,0.938718090973834,318.80000000000007,146.92125,0.328,113.55,32.04516,96.1,Classic,95510.0,30.1565456946,0.0186160754922,0.000239123863848,-3.3756706788e-07,1.4051437062e-10,pow10KPa,9.9268,1679.07,-45.45,0.0,0.0,1.0,0.215,0.264,0.0,3.82,132.0,0.7475297500000001,3,0.0,0.0,0.0,0.0,0.0,8.16976,0.0,0.0,0.0,0.0,0,0.0,900.0,0.0,0.0,0.0,0.0,0.0,0.0,0.0,0.0,0.0,207.0,0.0,1000.0,0.1,273.15,275.15,95510.0,238.5,2.92,0.0,0.0,0.0,0.0,2.92,0.0,0.0,0.0,0.0,41371.3976726547,0.0,0.0,0.0,0.0,0.0,0.0,0.0,0.0,0.0,0.0,0.0,0.0,0.0,0.0,1,1A,0.0,0.0,0.0,0.0,91196.01624744,4.68,0.4644,0.0,0.0,0.0,0.0,1,0.0,0.0,0.0,12760.0,1.8255116023732143e-05,0.0,0.0,0.0,0.0,0.0,0.0,0.0,0.0,no,0.0,0.0,0.0,0.0,0.0,0.0,0.0,0.0,0.0,0,0.0,0.0,0.0,0.0,0.0,0.0,0.0,0.0,0.0,0.0,0.0,0.0,0.0,0.0,0.0,0.0,0.0,0.0,0.0,0.0,0.0,0.0,12.0,6.0,0,0,0,0,0,0,0,0,0,0,0,0,0,0,0,0,0.0,0.0,OAKJQQAXSVQMHS-UHFFFAOYSA-N
219,NÃ¢â€šâ€šHÃ¢â€šâ€ž-,302-01-2,ion,1212,H4N2,31.045160000000003,0.938718090973834,318.80000000000007,146.92125,0.328,113.55,31.045160000000003,96.1,Classic,95510.0,30.1565456946,0.0186160754922,0.000239123863848,-3.3756706788e-07,1.4051437062e-10,none,0.0,0.0,0.0,0.0,0.0,1.0,0.215,0.264,0.0,3.82,132.0,0.7475297500000001,3,1.0,0.0,0.0,0.0,0.0,8.16976,0.0,0.0,0.0,0.0,-1,solute,900.0,0.0,0.0,0.0,0.0,0.0,0.0,0.0,0.0,0.0,207.0,0.0,1000.0,0.1,273.15,275.15,95510.0,238.5,2.92,0.0,0.0,0.0,0.0,2.92,0.0,0.0,0.0,0.0,41371.3976726547,0.0,0.0,0.0,0.0,0.0,0.0,0.0,0.0,0.0,0.0,0.0,0.0,0.0,0.0,1,1A,0.0,0.0,0.0,0.0,91196.01624744,4.68,0.4644,0.0,0.0,0.0,0.0,1,0.0,0.0,0.0,12760.0,1.8255116023732143e-05,0.0,0.0,0.0,0.0,0.0,0.0,0.0,0.0,no,0.0,0.0,0.0,0.0,0.0,0.0,0.0,0.0,0.0,0,0.0,0.0,0.0,0.0,0.0,0.0,0.0,0.0,0.0,0.0,0.0,0.0,0.0,0.0,0.0,0.0,0.0,0.0,0.0,0.0,0.0,0.0,12.0,6.0,0,0,0,0,0,0,0,0,0,0,0,0,0,0,0,0,0.0,0.0,OAKJQQAXSVQMHS-UHFFFAOYSA-N
220,S,7704-34-9,0,1214,S,32.065,1.6077329080870597,318.80000000000007,117.537,0.2463,444.61,32.065,56.818182,Classic,277200.0,23.3054308194,-0.0002993205528,1.1889677514e-05,-3.616790013e-08,2.2282752264e-11,pow10KPa,8.96853,2500.12,-86.85,0.0,0.0,1.0,0.215,0.2855,0.0,3.82,132.0,1.0,3,0.0,0.0,0.0,0.0,0.0,8.16976,0.0,0.0,0.0,0.0,0,0.0,900.0,0.0,0.0,0.0,0.0,0.0,0.0,0.0,0.0,0.0,207.0,0.0,1607.7329080870595,0.231834266447368,187.622037,286.405,277200.0,167.8,2.92,0.0,0.0,0.0,0.0,2.92,0.0,0.0,0.0,0.0,63802.86159356311,0.0,0.0,0.0,0.0,0.0,0.0,0.0,0.0,0.0,0.0,0.0,0.0,0.0,0.0,1,1A,0.0,0.0,0.0,0.0,91196.01624744,4.68,0.4644,0.0,0.0,0.0,0.0,1,0.0,0.0,0.0,1821.0,1.4005500224592316e-05,0.0,0.0,0.0,0.0,0.0,0.0,0.0,0.0,no,0.0,0.0,0.0,0.0,0.0,0.0,0.0,0.0,0.0,0,0.0,0.0,0.0,0.0,0.0,0.0,0.0,0.0,0.0,0.0,0.0,0.0,0.0,0.0,0.0,0.0,0.0,0.0,0.0,0.0,0.0,0.0,12.0,6.0,0,0,0,0,0,0,0,0,0,0,0,0,0,0,0,0,0.0,0.0,NINIDFKCEFEMDL-UHFFFAOYSA-N
221,S-,7704-34-9,ion,1214,S,31.065,1.6077329080870597,318.80000000000007,117.537,0.2463,444.61,31.065,56.818182,Classic,277200.0,23.3054308194,-0.0002993205528,1.1889677514e-05,-3.616790013e-08,2.2282752264e-11,none,0.0,0.0,0.0,0.0,0.0,1.0,0.215,0.2855,0.0,3.82,132.0,1.0,3,1.0,0.0,0.0,0.0,0.0,8.16976,0.0,0.0,0.0,0.0,-1,solute,900.0,0.0,0.0,0.0,0.0,0.0,0.0,0.0,0.0,0.0,207.0,0.0,1607.7329080870595,0.231834266447368,187.622037,286.405,277200.0,167.8,2.92,0.0,0.0,0.0,0.0,2.92,0.0,0.0,0.0,0.0,63802.86159356311,0.0,0.0,0.0,0.0,0.0,0.0,0.0,0.0,0.0,0.0,0.0,0.0,0.0,0.0,1,1A,0.0,0.0,0.0,0.0,91196.01624744,4.68,0.4644,0.0,0.0,0.0,0.0,1,0.0,0.0,0.0,1821.0,1.4005500224592316e-05,0.0,0.0,0.0,0.0,0.0,0.0,0.0,0.0,no,0.0,0.0,0.0,0.0,0.0,0.0,0.0,0.0,0.0,0,0.0,0.0,0.0,0.0,0.0,0.0,0.0,0.0,0.0,0.0,0.0,0.0,0.0,0.0,0.0,0.0,0.0,0.0,0.0,0.0,0.0,0.0,12.0,6.0,0,0,0,0,0,0,0,0,0,0,0,0,0,0,0,0,0.0,0.0,NINIDFKCEFEMDL-UHFFFAOYSA-N
222,SO3,7446-11-9,0,1216,O3S,80.0632,1.6963059857059604,318.80000000000007,82.07325,0.4121,44.5,80.0632,130.0,Classic,-395700.0,28.4853392748,0.0538693850442,0.000140597515218,-2.79033270888e-07,1.3219991082000002e-10,pow10KPa,11.17575,1735.31,-36.65,0.0,0.0,1.0,0.215,0.2515,0.0,3.82,132.0,1.0945,3,0.0,0.0,0.0,0.0,0.0,8.16976,0.0,0.0,0.0,0.0,0,0.0,900.0,0.0,0.0,0.0,0.0,0.0,0.0,0.0,0.0,0.0,207.0,0.0,1000.0,0.1,273.15,301.325,-395700.0,256.8,2.92,0.0,0.0,0.0,0.0,2.92,0.0,0.0,0.0,0.0,34619.64033463599,0.0,0.0,0.0,0.0,0.0,0.0,0.0,0.0,0.0,0.0,0.0,0.0,0.0,0.0,1,1A,0.0,0.0,0.0,0.0,91196.01624744,4.68,0.4644,0.0,0.0,0.0,0.0,1,0.0,0.0,0.0,8700.0,2.0524368653598576e-05,0.0,0.0,0.0,0.0,0.0,0.0,0.0,0.0,no,0.0,0.0,0.0,0.0,0.0,0.0,0.0,0.0,0.0,0,0.0,0.0,0.0,0.0,0.0,0.0,0.0,0.0,0.0,0.0,0.0,0.0,0.0,0.0,0.0,0.0,0.0,0.0,0.0,0.0,0.0,0.0,12.0,6.0,0,0,0,0,0,0,0,0,0,0,0,0,0,0,0,0,0.0,0.0,AKEJUJNQAAGONA-UHFFFAOYSA-N
223,SO3-,7446-11-9,ion,1216,O3S,79.0632,1.6963059857059604,318.80000000000007,82.07325,0.4121,44.5,79.0632,130.0,Classic,-395700.0,28.4853392748,0.0538693850442,0.000140597515218,-2.79033270888e-07,1.3219991082000002e-10,none,0.0,0.0,0.0,0.0,0.0,1.0,0.215,0.2515,0.0,3.82,132.0,1.0945,3,1.0,0.0,0.0,0.0,0.0,8.16976,0.0,0.0,0.0,0.0,-1,solute,900.0,0.0,0.0,0.0,0.0,0.0,0.0,0.0,0.0,0.0,207.0,0.0,1000.0,0.1,273.15,301.325,-395700.0,256.8,2.92,0.0,0.0,0.0,0.0,2.92,0.0,0.0,0.0,0.0,34619.64033463599,0.0,0.0,0.0,0.0,0.0,0.0,0.0,0.0,0.0,0.0,0.0,0.0,0.0,0.0,1,1A,0.0,0.0,0.0,0.0,91196.01624744,4.68,0.4644,0.0,0.0,0.0,0.0,1,0.0,0.0,0.0,8700.0,2.0524368653598576e-05,0.0,0.0,0.0,0.0,0.0,0.0,0.0,0.0,no,0.0,0.0,0.0,0.0,0.0,0.0,0.0,0.0,0.0,0,0.0,0.0,0.0,0.0,0.0,0.0,0.0,0.0,0.0,0.0,0.0,0.0,0.0,0.0,0.0,0.0,0.0,0.0,0.0,0.0,0.0,0.0,12.0,6.0,0,0,0,0,0,0,0,0,0,0,0,0,0,0,0,0,0.0,0.0,AKEJUJNQAAGONA-UHFFFAOYSA-N
224,HNO2,7782-77-6,0,1218,HNO2,47.01344,1.6382209070384064,318.80000000000007,76.409604,2.835271,158.0,47.01344,130.237,Classic,-78701.0,37.978352,-0.07461815,0.0003018813,0.0,0.0,none,0.0,0.0,0.0,0.0,0.0,1.0,0.215,0.0,0.0,3.82,132.0,1.0,3,0.0,0.0,0.0,0.0,0.0,8.16976,0.0,0.0,0.0,0.0,0,0.0,900.0,0.0,0.0,0.0,0.0,0.0,0.0,0.0,0.0,0.0,207.0,0.0,1000.0,0.1,273.15,315.5,-78701.0,254.1,2.92,0.0,0.0,0.0,0.0,2.92,0.0,0.0,0.0,0.0,125908.45104285493,0.0,0.0,0.0,0.0,0.0,0.0,0.0,0.0,0.0,0.0,0.0,0.0,0.0,0.0,1,1A,0.0,0.0,0.0,0.0,91196.01624744,4.68,0.4644,0.0,0.0,0.0,0.0,1,0.0,0.0,0.0,0.0,1.4845183306810346e-05,0.0,0.0,0.0,0.0,0.0,0.0,0.0,0.0,no,0.0,0.0,0.0,0.0,0.0,0.0,0.0,0.0,0.0,0,0.0,0.0,0.0,0.0,0.0,0.0,0.0,0.0,0.0,0.0,0.0,0.0,0.0,0.0,0.0,0.0,0.0,0.0,0.0,0.0,0.0,0.0,12.0,6.0,0,0,0,0,0,0,0,0,0,0,0,0,0,0,0,0,0.0,0.0,IOVCWXUNBOPUCH-UHFFFAOYSA-N
225,HNO2-,7782-77-6,ion,1218,HNO2,46.01344,1.6382209070384064,318.80000000000007,76.409604,2.835271,158.0,46.01344,130.237,Classic,-78701.0,37.978352,-0.07461815,0.0003018813,0.0,0.0,none,0.0,0.0,0.0,0.0,0.0,1.0,0.215,0.0,0.0,3.82,132.0,1.0,3,1.0,0.0,0.0,0.0,0.0,8.16976,0.0,0.0,0.0,0.0,-1,solute,900.0,0.0,0.0,0.0,0.0,0.0,0.0,0.0,0.0,0.0,207.0,0.0,1000.0,0.1,273.15,315.5,-78701.0,254.1,2.92,0.0,0.0,0.0,0.0,2.92,0.0,0.0,0.0,0.0,125908.45104285493,0.0,0.0,0.0,0.0,0.0,0.0,0.0,0.0,0.0,0.0,0.0,0.0,0.0,0.0,1,1A,0.0,0.0,0.0,0.0,91196.01624744,4.68,0.4644,0.0,0.0,0.0,0.0,1,0.0,0.0,0.0,0.0,1.4845183306810346e-05,0.0,0.0,0.0,0.0,0.0,0.0,0.0,0.0,no,0.0,0.0,0.0,0.0,0.0,0.0,0.0,0.0,0.0,0,0.0,0.0,0.0,0.0,0.0,0.0,0.0,0.0,0.0,0.0,0.0,0.0,0.0,0.0,0.0,0.0,0.0,0.0,0.0,0.0,0.0,0.0,12.0,6.0,0,0,0,0,0,0,0,0,0,0,0,0,0,0,0,0,0.0,0.0,IOVCWXUNBOPUCH-UHFFFAOYSA-N
226,NH4NO3,6484-52-2,0,1220,H4N2O3,80.04336,1.0513580022500668,318.80000000000007,97.505973,0.87963113,235.0,80.04336,226.899,Classic,0.0,37.978352,-0.07461815,0.0003018813,0.0,0.0,none,0.0,0.0,0.0,0.0,0.0,1.0,0.215,0.0,0.0,3.82,132.0,1.0,3,0.0,0.0,0.0,0.0,0.0,8.16976,0.0,0.0,0.0,0.0,0,0.0,900.0,0.0,0.0,0.0,0.0,0.0,0.0,0.0,0.0,0.0,207.0,0.0,1000.0,0.1,273.15,442.85,0.0,0.0,2.92,0.0,0.0,0.0,0.0,2.92,0.0,0.0,0.0,0.0,68235.41364032877,0.0,0.0,0.0,0.0,0.0,0.0,0.0,0.0,0.0,0.0,0.0,0.0,0.0,0.0,1,1A,0.0,0.0,0.0,0.0,91196.01624744,4.68,0.4644,0.0,0.0,0.0,0.0,1,0.0,0.0,0.0,5960.0,2.15086074486825e-05,0.0,0.0,0.0,0.0,0.0,0.0,0.0,0.0,no,0.0,0.0,0.0,0.0,0.0,0.0,0.0,0.0,0.0,0,0.0,0.0,0.0,0.0,0.0,0.0,0.0,0.0,0.0,0.0,0.0,0.0,0.0,0.0,0.0,0.0,0.0,0.0,0.0,0.0,0.0,0.0,12.0,6.0,0,0,0,0,0,0,0,0,0,0,0,0,0,0,0,0,0.0,0.0,DVARTQFDIMZBAA-UHFFFAOYSA-O
227,NH4NO3-,6484-52-2,ion,1220,H4N2O3,79.04336,1.0513580022500668,318.80000000000007,97.505973,0.87963113,235.0,79.04336,226.899,Classic,0.0,37.978352,-0.07461815,0.0003018813,0.0,0.0,none,0.0,0.0,0.0,0.0,0.0,1.0,0.215,0.0,0.0,3.82,132.0,1.0,3,1.0,0.0,0.0,0.0,0.0,8.16976,0.0,0.0,0.0,0.0,-1,solute,900.0,0.0,0.0,0.0,0.0,0.0,0.0,0.0,0.0,0.0,207.0,0.0,1000.0,0.1,273.15,442.85,0.0,0.0,2.92,0.0,0.0,0.0,0.0,2.92,0.0,0.0,0.0,0.0,68235.41364032877,0.0,0.0,0.0,0.0,0.0,0.0,0.0,0.0,0.0,0.0,0.0,0.0,0.0,0.0,1,1A,0.0,0.0,0.0,0.0,91196.01624744,4.68,0.4644,0.0,0.0,0.0,0.0,1,0.0,0.0,0.0,5960.0,2.15086074486825e-05,0.0,0.0,0.0,0.0,0.0,0.0,0.0,0.0,no,0.0,0.0,0.0,0.0,0.0,0.0,0.0,0.0,0.0,0,0.0,0.0,0.0,0.0,0.0,0.0,0.0,0.0,0.0,0.0,0.0,0.0,0.0,0.0,0.0,0.0,0.0,0.0,0.0,0.0,0.0,0.0,12.0,6.0,0,0,0,0,0,0,0,0,0,0,0,0,0,0,0,0,0.0,0.0,DVARTQFDIMZBAA-UHFFFAOYSA-O
228,NH4HSO4,7803-63-6,0,1222,H5NO4S,115.109,1.3020134914132095,318.80000000000007,86.504246,0.91587415,358.80000000000007,115.109,263.401,Classic,0.0,37.978352,-0.07461815,0.0003018813,0.0,0.0,none,0.0,0.0,0.0,0.0,0.0,1.0,0.215,0.0,0.0,3.82,132.0,1.0,3,0.0,0.0,0.0,0.0,0.0,8.16976,0.0,0.0,0.0,0.0,0,0.0,900.0,0.0,0.0,0.0,0.0,0.0,0.0,0.0,0.0,0.0,207.0,0.0,1000.0,0.1,273.15,420.15,0.0,0.0,2.92,0.0,0.0,0.0,0.0,2.92,0.0,0.0,0.0,0.0,85447.06162094796,0.0,0.0,0.0,0.0,0.0,0.0,0.0,0.0,0.0,0.0,0.0,0.0,0.0,0.0,1,1A,0.0,0.0,0.0,0.0,91196.01624744,4.68,0.4644,0.0,0.0,0.0,0.0,1,0.0,0.0,0.0,0.0,2.301829247136376e-05,0.0,0.0,0.0,0.0,0.0,0.0,0.0,0.0,no,0.0,0.0,0.0,0.0,0.0,0.0,0.0,0.0,0.0,0,0.0,0.0,0.0,0.0,0.0,0.0,0.0,0.0,0.0,0.0,0.0,0.0,0.0,0.0,0.0,0.0,0.0,0.0,0.0,0.0,0.0,0.0,12.0,6.0,0,0,0,0,0,0,0,0,0,0,0,0,0,0,0,0,0.0,0.0,BIGPRXCJEDHCLP-UHFFFAOYSA-N
229,NH4HSO4-,7803-63-6,ion,1222,H5NO4S,114.109,1.3020134914132095,318.80000000000007,86.504246,0.91587415,358.80000000000007,114.109,263.401,Classic,0.0,37.978352,-0.07461815,0.0003018813,0.0,0.0,none,0.0,0.0,0.0,0.0,0.0,1.0,0.215,0.0,0.0,3.82,132.0,1.0,3,1.0,0.0,0.0,0.0,0.0,8.16976,0.0,0.0,0.0,0.0,-1,solute,900.0,0.0,0.0,0.0,0.0,0.0,0.0,0.0,0.0,0.0,207.0,0.0,1000.0,0.1,273.15,420.15,0.0,0.0,2.92,0.0,0.0,0.0,0.0,2.92,0.0,0.0,0.0,0.0,85447.06162094796,0.0,0.0,0.0,0.0,0.0,0.0,0.0,0.0,0.0,0.0,0.0,0.0,0.0,0.0,1,1A,0.0,0.0,0.0,0.0,91196.01624744,4.68,0.4644,0.0,0.0,0.0,0.0,1,0.0,0.0,0.0,0.0,2.301829247136376e-05,0.0,0.0,0.0,0.0,0.0,0.0,0.0,0.0,no,0.0,0.0,0.0,0.0,0.0,0.0,0.0,0.0,0.0,0,0.0,0.0,0.0,0.0,0.0,0.0,0.0,0.0,0.0,0.0,0.0,0.0,0.0,0.0,0.0,0.0,0.0,0.0,0.0,0.0,0.0,0.0,12.0,6.0,0,0,0,0,0,0,0,0,0,0,0,0,0,0,0,0,0.0,0.0,BIGPRXCJEDHCLP-UHFFFAOYSA-N
230,NH2OH,7803-49-8,0,1224,H3NO,33.02992,1.384180567357443,318.80000000000007,137.0,0.694,58.0,33.02992,74.64,Classic,-43480.0,37.978352,-0.07461815,0.0003018813,0.0,0.0,none,0.0,0.0,0.0,0.0,0.0,1.0,0.215,0.0,0.0,3.82,132.0,0.68207255,3,0.0,0.0,0.0,0.0,0.0,8.16976,0.0,0.0,0.0,0.0,0,0.0,900.0,0.0,0.0,0.0,0.0,0.0,0.0,0.0,0.0,0.0,207.0,0.0,1000.0,0.1,273.15,306.15,-43480.0,0.0,2.92,0.0,0.0,0.0,0.0,2.92,0.0,0.0,0.0,0.0,33299.8917921176,0.0,0.0,0.0,0.0,0.0,0.0,0.0,0.0,0.0,0.0,0.0,0.0,0.0,0.0,1,1A,0.0,0.0,0.0,0.0,91196.01624744,4.68,0.4644,0.0,0.0,0.0,0.0,1,0.0,0.0,0.0,5141.0,1.807373815415664e-05,0.0,0.0,0.0,0.0,0.0,0.0,0.0,0.0,no,0.0,0.0,0.0,0.0,0.0,0.0,0.0,0.0,0.0,0,0.0,0.0,0.0,0.0,0.0,0.0,0.0,0.0,0.0,0.0,0.0,0.0,0.0,0.0,0.0,0.0,0.0,0.0,0.0,0.0,0.0,0.0,12.0,6.0,0,0,0,0,0,0,0,0,0,0,0,0,0,0,0,0,0.0,0.0,AVXURJPOCDRRFD-UHFFFAOYSA-N
231,NH2OH-,7803-49-8,ion,1224,H3NO,32.02992,1.384180567357443,318.80000000000007,137.0,0.694,58.0,32.02992,74.64,Classic,-43480.0,37.978352,-0.07461815,0.0003018813,0.0,0.0,none,0.0,0.0,0.0,0.0,0.0,1.0,0.215,0.0,0.0,3.82,132.0,0.68207255,3,1.0,0.0,0.0,0.0,0.0,8.16976,0.0,0.0,0.0,0.0,-1,solute,900.0,0.0,0.0,0.0,0.0,0.0,0.0,0.0,0.0,0.0,207.0,0.0,1000.0,0.1,273.15,306.15,-43480.0,0.0,2.92,0.0,0.0,0.0,0.0,2.92,0.0,0.0,0.0,0.0,33299.8917921176,0.0,0.0,0.0,0.0,0.0,0.0,0.0,0.0,0.0,0.0,0.0,0.0,0.0,0.0,1,1A,0.0,0.0,0.0,0.0,91196.01624744,4.68,0.4644,0.0,0.0,0.0,0.0,1,0.0,0.0,0.0,5141.0,1.807373815415664e-05,0.0,0.0,0.0,0.0,0.0,0.0,0.0,0.0,no,0.0,0.0,0.0,0.0,0.0,0.0,0.0,0.0,0.0,0,0.0,0.0,0.0,0.0,0.0,0.0,0.0,0.0,0.0,0.0,0.0,0.0,0.0,0.0,0.0,0.0,0.0,0.0,0.0,0.0,0.0,0.0,12.0,6.0,0,0,0,0,0,0,0,0,0,0,0,0,0,0,0,0,0.0,0.0,AVXURJPOCDRRFD-UHFFFAOYSA-N
232,N2H4,302-01-2,0,1226,H4N2,32.04516,0.938718090973834,318.80000000000007,146.92125,0.328,113.55,32.04516,96.1,Classic,95510.0,30.1565456946,0.0186160754922,0.000239123863848,-3.3756706788e-07,1.4051437062e-10,pow10KPa,9.9268,1679.07,-45.45,0.0,0.0,1.0,0.215,0.264,0.0,3.82,132.0,0.7475297500000001,3,0.0,0.0,0.0,0.0,0.0,8.16976,0.0,0.0,0.0,0.0,0,0.0,900.0,0.0,0.0,0.0,0.0,0.0,0.0,0.0,0.0,0.0,207.0,0.0,1000.0,0.1,273.15,275.15,95510.0,238.5,2.92,0.0,0.0,0.0,0.0,2.92,0.0,0.0,0.0,0.0,41371.3976726547,0.0,0.0,0.0,0.0,0.0,0.0,0.0,0.0,0.0,0.0,0.0,0.0,0.0,0.0,1,1A,0.0,0.0,0.0,0.0,91196.01624744,4.68,0.4644,0.0,0.0,0.0,0.0,1,0.0,0.0,0.0,12760.0,1.8255116023732143e-05,0.0,0.0,0.0,0.0,0.0,0.0,0.0,0.0,no,0.0,0.0,0.0,0.0,0.0,0.0,0.0,0.0,0.0,0,0.0,0.0,0.0,0.0,0.0,0.0,0.0,0.0,0.0,0.0,0.0,0.0,0.0,0.0,0.0,0.0,0.0,0.0,0.0,0.0,0.0,0.0,12.0,6.0,0,0,0,0,0,0,0,0,0,0,0,0,0,0,0,0,0.0,0.0,OAKJQQAXSVQMHS-UHFFFAOYSA-N
233,N2H4-,302-01-2,ion,1226,H4N2,31.045160000000003,0.938718090973834,318.80000000000007,146.92125,0.328,113.55,31.045160000000003,96.1,Classic,95510.0,30.1565456946,0.0186160754922,0.000239123863848,-3.3756706788e-07,1.4051437062e-10,none,0.0,0.0,0.0,0.0,0.0,1.0,0.215,0.264,0.0,3.82,132.0,0.7475297500000001,3,1.0,0.0,0.0,0.0,0.0,8.16976,0.0,0.0,0.0,0.0,-1,solute,900.0,0.0,0.0,0.0,0.0,0.0,0.0,0.0,0.0,0.0,207.0,0.0,1000.0,0.1,273.15,275.15,95510.0,238.5,2.92,0.0,0.0,0.0,0.0,2.92,0.0,0.0,0.0,0.0,41371.3976726547,0.0,0.0,0.0,0.0,0.0,0.0,0.0,0.0,0.0,0.0,0.0,0.0,0.0,0.0,1,1A,0.0,0.0,0.0,0.0,91196.01624744,4.68,0.4644,0.0,0.0,0.0,0.0,1,0.0,0.0,0.0,12760.0,1.8255116023732143e-05,0.0,0.0,0.0,0.0,0.0,0.0,0.0,0.0,no,0.0,0.0,0.0,0.0,0.0,0.0,0.0,0.0,0.0,0,0.0,0.0,0.0,0.0,0.0,0.0,0.0,0.0,0.0,0.0,0.0,0.0,0.0,0.0,0.0,0.0,0.0,0.0,0.0,0.0,0.0,0.0,12.0,6.0,0,0,0,0,0,0,0,0,0,0,0,0,0,0,0,0,0.0,0.0,OAKJQQAXSVQMHS-UHFFFAOYSA-N
234,HCN,74-90-8,0,1228,CHN,27.02534,0.5476338243944867,318.80000000000007,54.0,0.407,25.629999999999995,27.02534,135.0,Classic,129291.0,37.978352,-0.07461815,0.0003018813,0.0,0.0,none,0.0,0.0,0.0,0.0,0.0,1.0,0.215,0.0,0.0,3.63,569.1,0.112410775,3,0.0,0.0,0.0,0.0,0.0,8.16976,0.0,0.0,0.0,0.0,0,0.0,900.0,0.0,0.0,0.0,0.0,0.0,0.0,0.0,0.0,0.0,207.0,0.0,1000.0,0.1,273.15,259.75,129291.0,201.8,2.92,0.0,0.0,0.0,0.0,2.92,0.0,0.0,0.0,0.0,29254.325315157294,0.0,0.0,0.0,0.0,0.0,0.0,0.0,0.0,0.0,0.0,0.0,0.0,0.0,0.0,1,1A,0.0,0.0,0.0,0.0,91196.01624744,4.68,0.4644,0.0,0.0,0.0,0.0,1,0.0,0.0,0.0,8510.0,9.129098343627982e-06,0.0,0.0,0.0,0.0,0.0,0.0,0.0,0.0,no,0.0,0.0,0.0,0.0,0.0,0.0,0.0,0.0,0.0,0,0.0,0.0,0.0,0.0,0.0,0.0,0.0,0.0,0.0,0.0,0.0,0.0,0.0,0.0,0.0,0.0,0.0,0.0,0.0,0.0,0.0,0.0,12.0,6.0,0,0,0,0,0,0,0,0,0,0,0,0,0,0,0,0,0.0,0.0,LELOWRISYMNNSU-UHFFFAOYSA-N
235,HCN-,74-90-8,ion,1228,CHN,26.02534,0.5476338243944867,318.80000000000007,54.0,0.407,25.629999999999995,26.02534,135.0,Classic,129291.0,37.978352,-0.07461815,0.0003018813,0.0,0.0,none,0.0,0.0,0.0,0.0,0.0,1.0,0.215,0.0,0.0,3.63,569.1,0.112410775,3,1.0,0.0,0.0,0.0,0.0,8.16976,0.0,0.0,0.0,0.0,-1,solute,900.0,0.0,0.0,0.0,0.0,0.0,0.0,0.0,0.0,0.0,207.0,0.0,1000.0,0.1,273.15,259.75,129291.0,201.8,2.92,0.0,0.0,0.0,0.0,2.92,0.0,0.0,0.0,0.0,29254.325315157294,0.0,0.0,0.0,0.0,0.0,0.0,0.0,0.0,0.0,0.0,0.0,0.0,0.0,0.0,1,1A,0.0,0.0,0.0,0.0,91196.01624744,4.68,0.4644,0.0,0.0,0.0,0.0,1,0.0,0.0,0.0,8510.0,9.129098343627982e-06,0.0,0.0,0.0,0.0,0.0,0.0,0.0,0.0,no,0.0,0.0,0.0,0.0,0.0,0.0,0.0,0.0,0.0,0,0.0,0.0,0.0,0.0,0.0,0.0,0.0,0.0,0.0,0.0,0.0,0.0,0.0,0.0,0.0,0.0,0.0,0.0,0.0,0.0,0.0,0.0,12.0,6.0,0,0,0,0,0,0,0,0,0,0,0,0,0,0,0,0,0.0,0.0,LELOWRISYMNNSU-UHFFFAOYSA-N
236,CS2,75-15-0,0,1230,CS2,76.1407,1.285554352279935,318.80000000000007,79.0335,0.115,46.200000000000045,76.1407,160.0,Classic,116700.0,37.978352,-0.07461815,0.0003018813,0.0,0.0,none,0.0,0.0,0.0,0.0,0.0,1.0,0.215,0.2808,0.0,4.29901,376.51,0.7845,3,0.0,0.0,0.0,0.0,0.0,8.16976,0.0,0.0,0.0,0.0,0,0.0,900.0,0.0,0.0,0.0,0.0,0.0,0.0,0.0,0.0,0.0,207.0,0.0,1000.0,0.1,273.15,161.15,116700.0,237.8,2.92,0.0,0.0,0.0,0.0,2.92,0.0,0.0,0.0,0.0,27718.58057687172,0.0,0.0,0.0,0.0,0.0,0.0,0.0,0.0,0.0,0.0,0.0,0.0,0.0,0.0,1,1A,0.0,0.0,0.0,0.0,91196.01624744,4.68,0.4644,0.0,0.0,0.0,0.0,1,0.0,0.0,0.0,4490.0,1.9140732720446068e-05,0.0,0.0,0.0,0.0,0.0,0.0,0.0,0.0,no,1.6919,3.3977,228.07,0.0,0.0,0.0,0.0,0.0,0.0,0,0.0,0.0,0.0,0.0,0.0,0.0,0.0,0.0,0.0,0.0,0.0,0.0,0.0,0.0,0.0,0.0,0.0,0.0,0.0,0.0,0.0,0.0,12.0,6.0,0,0,0,0,0,0,0,0,0,0,0,0,0,0,0,0,0.0,0.0,QGJOPFRUJISHPQ-UHFFFAOYSA-N
237,CS2-,75-15-0,ion,1230,CS2,75.1407,1.285554352279935,318.80000000000007,79.0335,0.115,46.200000000000045,75.1407,160.0,Classic,116700.0,37.978352,-0.07461815,0.0003018813,0.0,0.0,none,0.0,0.0,0.0,0.0,0.0,1.0,0.215,0.2808,0.0,4.29901,376.51,0.7845,3,1.0,0.0,0.0,0.0,0.0,8.16976,0.0,0.0,0.0,0.0,-1,solute,900.0,0.0,0.0,0.0,0.0,0.0,0.0,0.0,0.0,0.0,207.0,0.0,1000.0,0.1,273.15,161.15,116700.0,237.8,2.92,0.0,0.0,0.0,0.0,2.92,0.0,0.0,0.0,0.0,27718.58057687172,0.0,0.0,0.0,0.0,0.0,0.0,0.0,0.0,0.0,0.0,0.0,0.0,0.0,0.0,1,1A,0.0,0.0,0.0,0.0,91196.01624744,4.68,0.4644,0.0,0.0,0.0,0.0,1,0.0,0.0,0.0,4490.0,1.9140732720446068e-05,0.0,0.0,0.0,0.0,0.0,0.0,0.0,0.0,no,0.0,0.0,0.0,0.0,0.0,0.0,0.0,0.0,0.0,0,0.0,0.0,0.0,0.0,0.0,0.0,0.0,0.0,0.0,0.0,0.0,0.0,0.0,0.0,0.0,0.0,0.0,0.0,0.0,0.0,0.0,0.0,12.0,6.0,0,0,0,0,0,0,0,0,0,0,0,0,0,0,0,0,0.0,0.0,QGJOPFRUJISHPQ-UHFFFAOYSA-N
238,CH2O,50-00-0,0,1232,CH2O,30.02598,0.8028718791949712,318.80000000000007,65.86125,0.2484,-19.09999999999997,30.02598,101.0,Classic,-109160.0,37.978352,-0.07461815,0.0003018813,0.0,0.0,none,0.0,0.0,0.0,0.0,0.0,1.0,0.215,0.0,0.0,3.82,132.0,0.60444375,3,0.0,0.0,0.0,0.0,0.0,8.16976,0.0,0.0,0.0,0.0,0,0.0,900.0,0.0,0.0,0.0,0.0,0.0,0.0,0.0,0.0,0.0,207.0,0.0,1000.0,0.1,273.15,181.15,-109160.0,218.8,2.92,0.0,0.0,0.0,0.0,2.92,0.0,0.0,0.0,0.0,23848.05769843656,0.0,0.0,0.0,0.0,0.0,0.0,0.0,0.0,0.0,0.0,0.0,0.0,0.0,0.0,1,1A,0.0,0.0,0.0,0.0,91196.01624744,4.68,0.4644,0.0,0.0,0.0,0.0,1,0.0,0.0,0.0,0.0,1.1194147974011184e-05,0.0,0.0,0.0,0.0,0.0,0.0,0.0,0.0,no,0.0,0.0,0.0,0.0,0.0,0.0,0.0,0.0,0.0,0,0.0,0.0,0.0,0.0,0.0,0.0,0.0,0.0,0.0,0.0,0.0,0.0,0.0,0.0,0.0,0.0,0.0,0.0,0.0,0.0,0.0,0.0,12.0,6.0,0,0,0,0,0,0,0,0,0,0,0,0,0,0,0,0,0.0,0.0,WSFSSNUMVMOOMR-UHFFFAOYSA-N
239,CH2O-,50-00-0,ion,1232,CH2O,29.02598,0.8028718791949712,318.80000000000007,65.86125,0.2484,-19.09999999999997,29.02598,101.0,Classic,-109160.0,37.978352,-0.07461815,0.0003018813,0.0,0.0,none,0.0,0.0,0.0,0.0,0.0,1.0,0.215,0.0,0.0,3.82,132.0,0.60444375,3,1.0,0.0,0.0,0.0,0.0,8.16976,0.0,0.0,0.0,0.0,-1,solute,900.0,0.0,0.0,0.0,0.0,0.0,0.0,0.0,0.0,0.0,207.0,0.0,1000.0,0.1,273.15,181.15,-109160.0,218.8,2.92,0.0,0.0,0.0,0.0,2.92,0.0,0.0,0.0,0.0,23848.05769843656,0.0,0.0,0.0,0.0,0.0,0.0,0.0,0.0,0.0,0.0,0.0,0.0,0.0,0.0,1,1A,0.0,0.0,0.0,0.0,91196.01624744,4.68,0.4644,0.0,0.0,0.0,0.0,1,0.0,0.0,0.0,0.0,1.1194147974011184e-05,0.0,0.0,0.0,0.0,0.0,0.0,0.0,0.0,no,0.0,0.0,0.0,0.0,0.0,0.0,0.0,0.0,0.0,0,0.0,0.0,0.0,0.0,0.0,0.0,0.0,0.0,0.0,0.0,0.0,0.0,0.0,0.0,0.0,0.0,0.0,0.0,0.0,0.0,0.0,0.0,12.0,6.0,0,0,0,0,0,0,0,0,0,0,0,0,0,0,0,0,0.0,0.0,WSFSSNUMVMOOMR-UHFFFAOYSA-N
240,C2H4O,75-21-8,0,1234,C2H4O,44.05256,0.8565108640742113,318.80000000000007,73.047,0.21,10.509556124000028,44.05256,139.470013947,Classic,-52680.0,37.978352,-0.07461815,0.0003018813,0.0,0.0,none,0.0,0.0,0.0,0.0,0.0,1.0,0.215,0.2569,0.0,3.82,132.0,0.9685,3,0.0,0.0,0.0,0.0,0.0,8.16976,0.0,0.0,0.0,0.0,0,0.0,900.0,0.0,0.0,0.0,0.0,0.0,0.0,0.0,0.0,0.0,207.0,0.0,856.5108640742113,8.256407603630001e-05,160.654,161.8,-52680.0,242.5,2.92,0.0,0.0,0.0,0.0,2.92,0.0,0.0,0.0,0.0,25994.73878212764,0.0,0.0,0.0,0.0,0.0,0.0,0.0,0.0,0.0,0.0,0.0,0.0,0.0,0.0,1,1A,0.0,0.0,0.0,0.0,91196.01624744,4.68,0.4644,0.0,0.0,0.0,0.0,1,0.0,0.0,0.0,5270.0,1.4195037201863748e-05,0.0,0.0,0.0,0.0,0.0,0.0,0.0,0.0,no,0.0,0.0,0.0,0.0,0.0,0.0,0.0,0.0,0.0,0,0.0,0.0,0.0,0.0,0.0,0.0,0.0,0.0,0.0,0.0,0.0,0.0,0.0,0.0,0.0,0.0,0.0,0.0,0.0,0.0,0.0,0.0,12.0,6.0,0,0,0,0,0,0,0,0,0,0,0,0,0,0,0,0,0.0,0.0,IAYPIBMASNFSPL-UHFFFAOYSA-N
241,C2H4O-,75-21-8,ion,1234,C2H4O,43.05256,0.8565108640742113,318.80000000000007,73.047,0.21,10.509556124000028,43.05256,139.470013947,Classic,-52680.0,37.978352,-0.07461815,0.0003018813,0.0,0.0,none,0.0,0.0,0.0,0.0,0.0,1.0,0.215,0.2569,0.0,3.82,132.0,0.9685,3,1.0,0.0,0.0,0.0,0.0,8.16976,0.0,0.0,0.0,0.0,-1,solute,900.0,0.0,0.0,0.0,0.0,0.0,0.0,0.0,0.0,0.0,207.0,0.0,856.5108640742113,8.256407603630001e-05,160.654,161.8,-52680.0,242.5,2.92,0.0,0.0,0.0,0.0,2.92,0.0,0.0,0.0,0.0,25994.73878212764,0.0,0.0,0.0,0.0,0.0,0.0,0.0,0.0,0.0,0.0,0.0,0.0,0.0,0.0,1,1A,0.0,0.0,0.0,0.0,91196.01624744,4.68,0.4644,0.0,0.0,0.0,0.0,1,0.0,0.0,0.0,5270.0,1.4195037201863748e-05,0.0,0.0,0.0,0.0,0.0,0.0,0.0,0.0,no,0.0,0.0,0.0,0.0,0.0,0.0,0.0,0.0,0.0,0,0.0,0.0,0.0,0.0,0.0,0.0,0.0,0.0,0.0,0.0,0.0,0.0,0.0,0.0,0.0,0.0,0.0,0.0,0.0,0.0,0.0,0.0,12.0,6.0,0,0,0,0,0,0,0,0,0,0,0,0,0,0,0,0,0.0,0.0,IAYPIBMASNFSPL-UHFFFAOYSA-N
242,H+,0-0-0-0,ion,8,H,1.0,0.797,444.15,290.89,0.344,64.55,19.02,99.0,Classic,0.0,0.0,0.0,0.0,0.0,0.0,none,0.0,0.0,0.0,0.0,0.0,1.7,0.215,0.0,0.0,4.06,481.8,0.0,3,-39.35,4826.0,0.1091,-0.000113,0.0,0.0,0.0,0.0,0.0,0.0,1,solute,0.0,0.0,0.0,0.0,0.0,0.0,0.0,-0.384,0.00525,-6.37e-06,207.0,6000.0,1000.0,0.00611,273.0,273.0,0.0,0.0,0.0,0.0,0.0,0.0,0.0,0.0,0.0,0.0,0.0,0.0,52100000.0,0.32,-0.212,0.258,0.0,0.797,0.0,0.0,0.0,0.0,0.0,0.0,0.0,0.0,0.0,0,0,0.0,0.0,0.0,0.0,0.0,0.0,0.0,0.0,0.0,0.0,0.0,1,0.0,0.0,0.0,0.0,0.0,0.0,0.0,0.0,0.0,0.0,0.0,0.0,0.0,no,0.0,0.0,0.0,0.0,0.0,4.06,481.8,0.0,9.0,0,0.0,0.0,0.0,0.0,0.0,0.0,0.0,0.0,0.0,0.0,0.0,0.0,0.0,0.0,0.0,0.0,0.0,0.0,0.0,0.0,0.0,207.0,12.0,6.0,0,0,0,0,0,0,0,0,0,0,0,0,0,0,0,0,0.0,0.0,GPRLSGONYQIRFK-UHFFFAOYSA-N
243,C2H4,74-85-1,0,1241,C2H4,28.05316,0.5665875959429861,318.80000000000007,50.418,0.0866,-103.77135156599996,28.05316,130.945481716,Classic,52560.0,35.0953348158,-0.0730175859636,0.00048182294541,-5.59479999942e-07,2.08776085578e-10,pow10KPa,8.91382,596.526,-16.78,0.0,0.0,1.0,0.215,0.2815,0.0,4.04838,169.08,0.7657779,3,0.0,0.0,0.0,0.0,0.0,8.16976,0.0,0.0,0.0,0.0,0,0.0,900.0,0.0,0.0,0.0,0.0,0.0,0.0,0.0,0.0,0.0,207.0,0.0,566.5875959429861,0.00121961941966,103.986,104.05,52560.0,219.3,2.92,0.0,0.0,0.0,0.0,2.92,0.0,0.0,0.0,0.0,13556.576228246833,0.0,0.0,0.0,0.0,0.0,0.0,0.0,0.0,0.0,0.0,0.0,0.0,0.0,0.0,1,1A,0.0,0.0,0.0,0.0,91196.01624744,4.68,0.4644,0.0,0.0,0.0,,1,0.0,0.0,0.0,3450.0,9.627551137738643e-06,0.0,0.0,0.0,0.0,0.0,0.0,0.0,0.0,no,0.0,0.0,0.0,0.0,0.0,0.0,0.0,0.0,0.0,0,0.0,0.0,0.0,0.0,0.0,0.0,0.0,0.0,0.0,0.0,0.0,0.0,0.0,0.0,0.0,0.0,0.0,0.0,0.0,0.0,0.0,0.0,12.0,6.0,0,0,0,0,0,0,0,0,0,0,0,0,0,0,0,0,0.0,0.0,VGGSQFUCUMXWEO-UHFFFAOYSA-N
244,C2H4-,74-85-1,ion,1241,C2H4,28.0538,0.5665875959429861,318.80000000000007,50.418,0.0866,-103.77135156599996,27.05316,130.945481716,Classic,52560.0,35.0953348158,-0.0730175859636,0.00048182294541,-5.59479999942e-07,2.08776085578e-10,none,0.0,0.0,0.0,0.0,0.0,1.0,0.215,0.2815,0.0,4.04838,169.08,0.7657779,3,1.0,0.0,0.0,0.0,0.0,8.16976,0.0,0.0,0.0,0.0,-1,solute,900.0,0.0,0.0,0.0,0.0,0.0,0.0,0.0,0.0,0.0,207.0,0.0,566.5875959429861,0.00121961941966,103.986,104.05,52560.0,219.3,2.92,0.0,0.0,0.0,0.0,2.92,0.0,0.0,0.0,0.0,13556.576228246833,0.0,0.0,0.0,0.0,0.0,0.0,0.0,0.0,0.0,0.0,0.0,0.0,0.0,0.0,1,1A,0.0,0.0,0.0,0.0,91196.01624744,4.68,0.4644,0.0,0.0,0.0,,1,0.0,0.0,0.0,3450.0,9.627551137738643e-06,0.0,0.0,0.0,0.0,0.0,0.0,0.0,0.0,no,0.0,0.0,0.0,0.0,0.0,0.0,0.0,0.0,0.0,0,0.0,0.0,0.0,0.0,0.0,0.0,0.0,0.0,0.0,0.0,0.0,0.0,0.0,0.0,0.0,0.0,0.0,0.0,0.0,0.0,0.0,0.0,12.0,6.0,0,0,0,0,0,0,0,0,0,0,0,0,0,0,0,0,0.0,0.0,VGGSQFUCUMXWEO-UHFFFAOYSA-N
245,HNO3,7697-37-2,acid,1199,HNO3,63.012,1.358835620266826,647.0,221.0,0.205,83.0,63.01284,133.0,Classic,-134160.0,37.978352,-0.07461815,0.0003018813,0.0,0.0,none,0.0,0.0,0.0,0.0,0.0,1.0,0.215,0.0,0.0,3.82,132.0,1.12455,3,0.0,0.0,0.0,0.0,0.0,8.16976,0.0,0.0,0.0,0.0,0,0.0,900.0,0.0,0.0,0.0,0.0,0.0,0.0,0.0,0.0,0.0,207.0,0.0,1000.0,0.1,273.15,231.15,-134160.0,266.9,2.92,0.0,0.0,0.0,0.0,2.92,0.0,0.0,0.0,0.0,42516.96482401023,0.0,0.0,0.0,0.0,0.0,0.0,0.0,0.0,0.0,0.0,0.0,0.0,0.0,0.0,0,1A,0.0,0.0,0.0,0.0,0.0,0.0,0.0,0.0,0.0,0.0,,1,0.0,0.0,0.0,10600.0,1.6049572989578048e-05,0.0,0.0,0.0,0.0,0.0,0.0,0.0,0.0,no,0.0,0.0,0.0,0.0,0.0,0.0,0.0,0.0,0.0,0,0.0,0.0,0.0,0.0,0.0,0.0,0.0,0.0,0.0,0.0,0.0,0.0,0.0,0.0,0.0,0.0,0.0,0.0,0.0,0.0,0.0,0.0,12.0,6.0,0,0,0,0,0,0,0,0,0,0,0,0,0,0,0,0,0.0,0.0,GRYLNZFGIOXLOG-UHFFFAOYSA-N
246,H2SO4,7664-93-9,acid,1196,H2O4S,98.07848,1.5331460079326602,585.7152605453878,164.66813871086202,0.27640701720972727,337.0,98.07848,177.70000000000002,Classic,-735120.0,37.978352,-0.07461815,0.0003018813,0.0,0.0,none,0.0,0.0,0.0,0.0,0.0,1.0,0.215,0.0,0.0,3.82,132.0,1.0,3,0.0,0.0,0.0,0.0,0.0,8.16976,0.0,0.0,0.0,0.0,0,0.0,900.0,0.0,0.0,0.0,0.0,0.0,0.0,0.0,0.0,0.0,207.0,0.0,1000.0,0.1,273.15,277.305,-735120.0,298.78,2.92,0.0,0.0,0.0,0.0,2.92,0.0,0.0,0.0,0.0,64685.920056315335,0.0,0.0,0.0,0.0,0.0,0.0,0.0,0.0,0.0,0.0,0.0,0.0,0.0,0.0,0,1A,0.0,0.0,0.0,0.0,0.0,0.0,0.0,0.0,0.0,0.0,,1,0.0,0.0,0.0,10810.0,1.7320510171355052e-05,0.0,0.0,0.0,0.0,0.0,0.0,0.0,0.0,no,0.0,0.0,0.0,0.0,0.0,0.0,0.0,0.0,0.0,0,0.0,0.0,0.0,0.0,0.0,0.0,0.0,0.0,0.0,0.0,0.0,0.0,0.0,0.0,0.0,0.0,0.0,0.0,0.0,0.0,0.0,0.0,12.0,6.0,0,0,0,0,0,0,0,0,0,0,0,0,0,0,0,0,0.0,0.0,QAOWNCQODCNURD-UHFFFAOYSA-N
247,NO2-,14797-65-0,ion,20,NO2-,46.0055,0.797,444.15,290.89,0.344,64.55,46.0055,99.0,Classic,0.0,0.0,0.0,0.0,0.0,0.0,none,0.0,0.0,0.0,0.0,0.0,1.7,0.215,0.0,0.0,3.6,481.8,0.0,3,-39.35,4826.0,0.1091,-0.000113,-32200.0,0.0,0.0,0.0,0.0,0.0,-1,solute,0.0,0.0,0.0,0.0,0.0,0.0,0.0,-0.384,0.00525,-6.37e-06,52.8786226,6000.0,1000.0,0.00611,273.0,273.0,-104600.0,123.0,0.0,0.0,0.0,0.0,0.0,0.0,0.0,0.0,0.0,0.0,0.0,0.0,0.0,0.0,0.0,0.797,0.0,0.0,0.0,0.0,0.0,0.0,0.0,0.0,0.0,0,0,0.0,0.0,0.0,0.0,0.0,0.0,0.0,0.0,0.0,0.0,0.0,1,0.0,0.0,0.0,0.0,0.0,0.0,0.0,0.0,0.0,0.0,0.0,0.0,0.0,no,0.0,0.0,0.0,0.0,0.0,3.6,481.8,0.0,1.0,0,0.0,0.0,0.0,0.0,0.0,0.0,0.0,0.0,0.0,0.0,0.0,0.0,0.0,0.0,0.0,0.0,0.0,0.0,0.0,0.0,0.0,207.0,12.0,6.0,0,0,0,0,0,0,0,0,0,0,0,0,0,0,0,0,0.0,0.0,IOVCWXUNBOPUCH-UHFFFAOYSA-M
248,H2O2,7722-84-1,other,21,H2O2,34.0147,1.45,423.2,27.0,0.113,-0.43,34.0147,70.0,Classic,0.0,0.0,0.0,0.0,0.0,0.0,log,-8.54796,0.76982,-3.1085,1.54481,2.1,1.57,0.0,0.0,0.0,3.6,481.8,0.0,3,-39.35,4826.0,0.1091,-0.000113,-187000.0,0.0,0.0,0.0,0.0,0.0,0,solute,0.0,0.0,0.0,0.0,0.0,0.0,0.0,-0.384,0.00525,-6.37e-06,52.8786226,6000.0,1000.0,0.00611,273.0,273.0,-136.1,109.6,0.0,0.0,0.0,0.0,0.0,0.0,0.0,0.0,0.0,0.0,0.0,0.0,0.0,0.0,0.0,1.45,0.0,0.0,0.0,0.0,0.0,0.0,0.0,0.0,0.0,0,0,0.0,0.0,0.0,0.0,0.0,0.0,0.0,0.0,0.0,0.0,0.0,1,0.0,0.0,0.0,0.0,0.0,0.0,0.0,0.0,0.0,0.0,0.0,0.0,0.0,no,0.0,0.0,0.0,0.0,0.0,3.6,481.8,0.0,1.0,0,0.0,0.0,0.0,0.0,0.0,0.0,0.0,0.0,0.0,0.0,0.0,0.0,0.0,0.0,0.0,0.0,0.0,0.0,0.0,0.0,0.0,207.0,12.0,6.0,0,0,0,0,0,0,0,0,0,0,0,0,0,0,0,0,0.0,0.0,MHAJPDPJQMAIIY-UHFFFAOYSA-N
249,NaNO2,7632-00-0,other,1245,NaNO2,69.0,2.17,444.15,290.89,0.344,64.55,69.0,99.0,Classic,0.0,0.0,0.0,0.0,0.0,0.0,none,0.0,0.0,0.0,0.0,0.0,1.7,0.215,0.0,0.0,3.7,481.8,0.0,3,-39.35,4826.0,0.1091,-0.000113,-587000.0,0.0,0.0,0.0,0.0,0.0,-1,solute,0.0,0.0,0.0,0.0,0.0,0.0,0.0,-0.384,0.00525,-6.37e-06,207.0,6000.0,1000.0,0.00611,273.0,273.0,-242000.0,189.0,0.0,0.0,0.0,0.0,0.0,0.0,0.0,0.0,0.0,0.0,52100000.0,0.32,-0.212,0.258,0.0,0.797,0.0,0.0,0.0,0.0,0.0,0.0,0.0,0.0,0.0,0,0,0.0,0.0,0.0,0.0,0.0,0.0,0.0,0.0,0.0,0.0,0.0,1,0.0,0.0,0.0,0.0,0.0,0.0,0.0,0.0,0.0,0.0,0.0,0.0,0.0,no,0.0,0.0,0.0,0.0,0.0,3.7,481.8,0.0,1.0,0,0.0,0.0,0.0,0.0,0.0,0.0,0.0,0.0,0.0,0.0,0.0,0.0,0.0,0.0,0.0,0.0,0.0,0.0,0.0,0.0,0.0,207.0,12.0,6.0,0,0,0,0,0,0,0,0,0,0,0,0,0,0,0,0,0.0,0.0,LPXPTNMVRIOKMN-UHFFFAOYSA-M
250,NH2SO3H,5329-14-6,other,1246,NH2SO3H,97.1,2.15,444.15,290.89,0.344,64.55,97.1,99.0,Classic,0.0,0.0,0.0,0.0,0.0,0.0,none,0.0,0.0,0.0,0.0,0.0,1.7,0.215,0.0,0.0,3.7,481.8,0.0,3,-39.35,4826.0,0.1091,-0.000113,-587000.0,0.0,0.0,0.0,0.0,0.0,0,solute,0.0,0.0,0.0,0.0,0.0,0.0,0.0,-0.384,0.00525,-6.37e-06,207.0,6000.0,1000.0,0.00611,273.0,273.0,-242000.0,189.0,0.0,0.0,0.0,0.0,0.0,0.0,0.0,0.0,0.0,0.0,52100000.0,0.32,-0.212,0.258,0.0,0.797,0.0,0.0,0.0,0.0,0.0,0.0,0.0,0.0,0.0,0,0,0.0,0.0,0.0,0.0,0.0,0.0,0.0,0.0,0.0,0.0,0.0,1,0.0,0.0,0.0,0.0,0.0,0.0,0.0,0.0,0.0,0.0,0.0,0.0,0.0,no,0.0,0.0,0.0,0.0,0.0,3.7,481.8,0.0,1.0,0,0.0,0.0,0.0,0.0,0.0,0.0,0.0,0.0,0.0,0.0,0.0,0.0,0.0,0.0,0.0,0.0,0.0,0.0,0.0,0.0,0.0,207.0,12.0,6.0,0,0,0,0,0,0,0,0,0,0,0,0,0,0,0,0,0.0,0.0,IIACRCGMVDHOTQ-UHFFFAOYSA-N
251,NH2SO3-,5329-14-6,ion,1247,NH2SO3-,96.1,2.15,444.15,290.89,0.344,64.55,96.1,99.0,Classic,0.0,0.0,0.0,0.0,0.0,0.0,none,0.0,0.0,0.0,0.0,0.0,1.7,0.215,0.0,0.0,3.7,481.8,0.0,3,-39.35,4826.0,0.1091,-0.000113,-587000.0,0.0,0.0,0.0,0.0,0.0,-1,solute,0.0,0.0,0.0,0.0,0.0,0.0,0.0,-0.384,0.00525,-6.37e-06,207.0,6000.0,1000.0,0.00611,273.0,273.0,-242000.0,189.0,0.0,0.0,0.0,0.0,0.0,0.0,0.0,0.0,0.0,0.0,52100000.0,0.32,-0.212,0.258,0.0,0.797,0.0,0.0,0.0,0.0,0.0,0.0,0.0,0.0,0.0,0,0,0.0,0.0,0.0,0.0,0.0,0.0,0.0,0.0,0.0,0.0,0.0,1,0.0,0.0,0.0,0.0,0.0,0.0,0.0,0.0,0.0,0.0,0.0,0.0,0.0,no,0.0,0.0,0.0,0.0,0.0,3.7,481.8,0.0,1.0,0,0.0,0.0,0.0,0.0,0.0,0.0,0.0,0.0,0.0,0.0,0.0,0.0,0.0,0.0,0.0,0.0,0.0,0.0,0.0,0.0,0.0,207.0,12.0,6.0,0,0,0,0,0,0,0,0,0,0,0,0,0,0,0,0,0.0,0.0,IIACRCGMVDHOTQ-UHFFFAOYSA-N
252,NaHSO4,7681-38-1,salt,1248,NaHSO4,120.06,2.7,490,10,0.2,300,120.06,99.0,Classic,0.0,0.0,0.0,0.0,0.0,0.0,none,0.0,0.0,0.0,0.0,0.0,1.7,0.215,0.0,0.0,4.0,481.8,0.0,3,-39.35,4826.0,0.1091,-0.000113,-947700.0,0.0,0.0,0.0,0.0,0.0,0,solute,0.0,0.0,0.0,0.0,0.0,0.0,0.0,-0.384,0.00525,-6.37e-06,207.0,6000.0,1000.0,0.00611,273.0,273.0,-947700.0,150.0,0.0,0.0,0.0,0.0,0.0,0.0,0.0,0.0,0.0,0.0,52100000.0,0.32,-0.212,0.258,0.0,0.797,0.0,0.0,0.0,0.0,0.0,0.0,0.0,0.0,0.0,0,0,0.0,0.0,0.0,0.0,0.0,0.0,0.0,0.0,0.0,0.0,0.0,1,0.0,0.0,0.0,0.0,0.0,0.0,0.0,0.0,0.0,0.0,0.0,0.0,0.0,no,0.0,0.0,0.0,0.0,0.0,4.0,481.8,0.0,1.0,0,0.0,0.0,0.0,0.0,0.0,0.0,0.0,0.0,0.0,0.0,0.0,0.0,0.0,0.0,0.0,0.0,0.0,0.0,0.0,0.0,0.0,207.0,12.0,6.0,0,0,0,0,0,0,0,0,0,0,0,0,0,0,0,0,0.0,0.0,WBHQBSYUUJJSRZ-UHFFFAOYSA-M
253,N2O4,10544-72-6,inert,1245,N2O4,92.011,1.448,157,99.3,0.9,21.15,92.011,167.0,Classic,9079.0,37.28,-0.002,0.000302,-2.8e-07,9.1e-11,pow10,7.082,1364.0,256.0,0.0,0.0,0.73,0.215,0.272,0.0,3.82,200.0,1.1,3,-7.811,3140.0,0.0,0.0,9079.0,2.0,0.0,0.0,0.0,0.0,0,solute,900.0,0.0,0.0,0.0,0.0,0.0,0.0,0.0,0.0,0.0,207.0,14650.0,1448.0,0.135,262.0,262.0,9079.0,304.38,2.92,0.0,0.0,0.0,0.0,2.92,0.0,0.0,0.0,0.0,38300.0,0.38,0.0,0.0,0.0,0.1,0.882,0.0,0.0,0.0,0.0,0.0,0.0,0.0,0.0,0,0,0.0,0.0,0.0,0.0,0.0,0.0,0.0,0.0,0.0,0.0,0.0,1,0.0,0.0,0.0,0.0,1.8e-05,0.0,0.0,0.0,0.0,0.0,0.0,0.0,0.0,no,1.53,3.7,190.0,0.0,0.0,3.82,200.0,1.1,1.0,0,900.0,0.0,0.0,0.0,0.0,0.0,0.0,0.0,0.0,0.0,0.0,0.0,0.0,0.0,0.0,0.0,0.0,0.0,0.0,0.0,0.0,207.0,12.0,6.0,0,0,0,0,0,0,0,0,0,0,0,0,0,0,0,0,0.0,0.0,WFPZPJSADLPSON-UHFFFAOYSA-N
254,N2O4-,10544-72-6,ion,1245,N2O4,91.011,1.448,157.85,100,0.9,21.15,91.011,167.0,Classic,9079.0,37.28,-0.002,0.000302,-2.8e-07,9.1e-11,none,0.0,0.0,0.0,0.0,0.0,0.73,0.215,0.272,0.0,3.82,200.0,1.1,3,1.0,0.0,0.0,0.0,0.0,8.16976,0.0,0.0,0.0,0.0,-1,solute,900.0,0.0,0.0,0.0,0.0,0.0,0.0,0.0,0.0,0.0,207.0,14650.0,1448.0,0.135,262.0,262.0,9079.0,304.38,2.92,0.0,0.0,0.0,0.0,2.92,0.0,0.0,0.0,0.0,38300.0,0.38,0.0,0.0,0.0,0.1,0.882,0.0,0.0,0.0,0.0,0.0,0.0,0.0,0.0,0,0,0.0,0.0,0.0,0.0,0.0,0.0,0.0,0.0,0.0,0.0,0.0,1,0.0,0.0,0.0,0.0,1.8e-05,0.0,0.0,0.0,0.0,0.0,0.0,0.0,0.0,no,1.53,3.7,190.0,0.0,0.0,3.82,200.0,1.1,1.0,0,900.0,0.0,0.0,0.0,0.0,0.0,0.0,0.0,0.0,0.0,0.0,0.0,0.0,0.0,0.0,0.0,0.0,0.0,0.0,0.0,0.0,207.0,12.0,6.0,0,0,0,0,0,0,0,0,0,0,0,0,0,0,0,0,0.0,0.0,WFPZPJSADLPSON-UHFFFAOYSA-N
255,asphaltene,0-0-0-0,asphaltene,1258,C50H50,750.0,1.1,776.85,8.0,1.5,773.15,750.0,2500.0,Classic,0.0,500.0,0.5,0.0,0.0,0.0,none,0.0,0.0,0.0,0.0,0.0,0.0,0.215,0.0,0.0,8.0,500.0,0.0,3,-50.0,5000.0,0.1,-0.0001,0.0,0.0,0.0,0.0,0.0,0.0,0,solute,0.0,0.0,0.0,0.0,0.0,0.0,0.0,-0.384,0.00525,-6.37e-06,1500.0,50000.0,1100.0,1e-12,573.15,573.15,0.0,500.0,0.0,0.0,0.0,0.0,0.0,0.0,0.0,0.0,0.0,0.0,0.0,0.0,0.0,0.0,0.0,1.1,2.5,-2.0,3.0,0.0,0.0,0.0,0.0,0.0,0.0,1,1A,0.25,0.0,0.005,3500.0,2500000.0,60.0,1.2,2750000.0,60.0,1.2,0.005,1,0.0,0.0,0.0,0.0,0.0,0.0,0.0,0.0,0.0,0.0,0.0,0.0,0.0,no,22.0,4.5,350.0,0.005,3500.0,8.0,500.0,0.0,1.0,0,0.0,0.0,0.0,0.0,0.0,0.0,0.0,0.0,0.0,0.0,0.0,0.0,0.0,0.0,0.0,0.0,0.0,0.0,1.8,-0.5,0.3,1500.0,12.0,6.0,0,0,0,0,0,0,0,0,0,0,0,0,0,0,0,0,0.0,0.0,
256,MEA+,141-43-5,ion,1259,C2H8NO,62.0831,1.038,364.85,68.7,0.7966,170.85,62.0831,99.0,Classic,0.0,0.0,0.0,0.0,0.0,0.0,none,0.0,0.0,0.0,0.0,0.0,1.7,0.215,0.0,0.0,4.5,481.8,0.0,3,-39.35,4826.0,0.1091,-0.000113,0.0,0.0,0.0,0.0,0.0,0.0,1,solute,0.0,0.0,0.0,0.0,0.0,0.0,0.0,-0.384,0.00525,-6.37e-06,207.0,6000.0,1000.0,0.00611,273.0,273.0,-242000.0,189.0,0.0,0.0,0.0,0.0,0.0,0.0,0.0,0.0,0.0,0.0,52100000.0,0.32,-0.212,0.258,0.0,0.797,0.0,0.0,0.0,0.0,0.0,0.0,0.0,0.0,0.0,0,0,0.0,0.0,0.0,0.0,0.0,0.0,0.0,0.0,0.0,0.0,0.0,1,0.0,0.0,0.0,0.0,0.0,0.0,0.0,0.0,0.0,0.0,0.0,0.0,0.0,no,0.0,0.0,0.0,0.0,0.0,4.5,481.8,0.0,1.0,0,0.0,0.0,0.0,0.0,0.0,0.0,0.0,0.0,0.0,0.0,0.0,0.0,0.0,0.0,0.0,0.0,0.0,0.0,0.0,0.0,0.0,207.0,12.0,6.0,0,0,0,0,0,0,0,0,0,0,0,0,0,0,0,0,0.0,0.0,HZAXFHJVJLSVMW-UHFFFAOYSA-N
257,MEACOO-,141-43-5,ion,1260,C3H6NO3,104.0831,1.038,364.85,68.7,0.8,170.85,104.0831,99.0,Classic,0.0,0.0,0.0,0.0,0.0,0.0,none,0.0,0.0,0.0,0.0,0.0,1.7,0.0,0.0,0.0,6.0,481.8,0.0,3,-75.19,12680.0,0.1573,-0.0001225,57900.0,8.16976,8989.3,0.0,0.0,0.0,-1,solute,0.0,0.0,0.0,0.0,0.0,0.0,0.0,0.0,0.00525,-6.37e-06,207.0,6000.0,1000.0,0.00611,273.0,273.0,-242000.0,189.0,0.0,0.0,0.0,0.0,0.0,0.0,0.0,0.0,0.0,0.0,52100000.0,0.32,-0.212,0.258,0.0,0.797,0.0,0.0,0.0,0.0,0.0,0.0,0.0,0.0,0.0,4,0,0.0,0.0,0.054120713,12000.0,258457.0977,10.75100889,1.364219207,376276.884,10.78358585,1.258298307,0.0,1,17.38710706,1.76274587,0.0,0.0,0.0,0.0,0.0,0.0,0.0,0.0,0.0,0.0,0.0,no,0.0,0.0,0.0,0.0,0.0,6.0,481.8,0.0,1.0,0,0.0,0.0,0.0,0.0,0.0,0.0,0.0,0.0,0.0,0.0,0.0,0.0,0.0,0.0,0.0,0.0,0.0,0.0,0.0,0.0,0.0,207.0,12.0,6.0,0,0,0,0,0,0,0,0,0,0,0,0,0,0,0,0,0.0,0.0,HZAXFHJVJLSVMW-UHFFFAOYSA-N
258,(e)-2-methyl-3-hexene,692-24-0,HC,1261,C7H14,98.18606,0.7026,260.29,29.86,0.302,85.9343,98.18606,401.5,Classic,1374.6,36.54003,-0.034802404,0.000116811,-1.3e-07,5.254448e-11,none,0.0,0.0,0.0,0.0,0.0,1.8,0.076,0.235662374,0.0,2.52,809.1,0.0,3,-27.952757828,4665.22592993,0.052323342,-3.8356e-05,-229000.0,-19.2905,29814.5,-0.019678,0.000132,-3.11e-07,0,solvent,0.0,0.0,0.0,0.0,0.054783425,0.094678512,-2.267329403,-0.384,0.00525,-6.37e-06,52.8786226,10565,1000.0,0.00611,131.55,131.55,-81550,390.66,0.0,0.0,0.0,0.0,0.0,5.459,0.30542,647.13,0.081,0.0,52100000.0,0.32,-0.212,0.258,0.0,0.999,1.087,-0.638,0.635,0.0,0.0,0.0,0.168272437,0.908482584,5.240427372,4,4C,0.296941807,0.000718744,0.0692,16655.0,12277.0,1.4515,0.67359,13855.59696,1.456360879,0.664155324,0.046473789,1,17.38710706,-6141.762746,0.0,0.0,0.0,0.0,0.0,0.0,0.0,0.0,0.0,0.0,0.0,no,1.0656,3.0007,366.51,0.034868,20790.8198,2.52,809.1,0.0,1.0,0,0.0,0.0,0.0,0.0,0.0,0.0,0.0,0.0,-262.49,140.52,0.0,0.0,0.0,276370.0,-2090.1,8.125,-0.014116,9.37e-06,0.923656,-0.37937,0.442429,52.419867266,12.0,6.0,0,0,0,0,0,0,0,0,0,0,0,0,0,0,0,0,0.0,0.0,IQANHWBWTVLDTP-AATRIKPKSA-N
259,"(e)-3,4-dimethyl-2-pentene",4914-92-5,HC,1262,C7H14,98.18606,0.7036,272.32,30.02,0.278,91,98.18606,402.5,Classic,1374.6,36.54003,-0.034802404,0.000116811,-1.3e-07,5.254448e-11,none,0.0,0.0,0.0,0.0,0.0,1.8,0.076,0.235662374,0.0,2.52,809.1,0.0,3,-27.952757828,4665.22592993,0.052323342,-3.8356e-05,-229000.0,-19.2905,29814.5,-0.019678,0.000132,-3.11e-07,0,solvent,0.0,0.0,0.0,0.0,0.054783425,0.094678512,-2.267329403,-0.384,0.00525,-6.37e-06,52.8786226,9255,1000.0,0.00611,159.75,159.75,-95690,408.6,0.0,0.0,0.0,0.0,0.0,5.459,0.30542,647.13,0.081,0.0,52100000.0,0.32,-0.212,0.258,0.0,0.999,1.087,-0.638,0.635,0.0,0.0,0.0,0.168272437,0.908482584,5.240427372,4,4C,0.296941807,0.000718744,0.0692,16655.0,12277.0,1.4515,0.67359,13855.59696,1.456360879,0.664155324,0.046473789,1,17.38710706,-6141.762746,0.0,0.0,0.0,0.0,0.0,0.0,0.0,0.0,0.0,0.0,0.0,no,1.0656,3.0007,366.51,0.034868,20790.8198,2.52,809.1,0.0,1.0,0,0.0,0.0,0.0,0.0,0.0,0.0,0.0,0.0,-262.49,140.52,0.0,0.0,0.0,276370.0,-2090.1,8.125,-0.014116,9.37e-06,0.923656,-0.37937,0.442429,52.419867266,12.0,6.0,0,0,0,0,0,0,0,0,0,0,0,0,0,0,0,0,0.0,0.0,PPBWEVVDSRKEIK-FNORWQNLSA-N
260,(e)-3-methyl-3-hexene,3899-36-3,HC,1263,C7H14,98.18606,0.6953,270.84,29.76,0.307,94,98.18606,408.5,Classic,1374.6,36.54003,-0.034802404,0.000116811,-1.3e-07,5.254448e-11,none,0.0,0.0,0.0,0.0,0.0,1.8,0.076,0.235662374,0.0,2.52,809.1,0.0,3,-27.952757828,4665.22592993,0.052323342,-3.8356e-05,-229000.0,-19.2905,29814.5,-0.019678,0.000132,-3.11e-07,0,solvent,0.0,0.0,0.0,0.0,0.054783425,0.094678512,-2.267329403,-0.384,0.00525,-6.37e-06,52.8786226,12778,1000.0,0.00611,131.59,131.59,-76800,409.14,0.0,0.0,0.0,0.0,0.0,5.459,0.30542,647.13,0.081,0.0,52100000.0,0.32,-0.212,0.258,0.0,0.999,1.087,-0.638,0.635,0.0,0.0,0.0,0.168272437,0.908482584,5.240427372,4,4C,0.296941807,0.000718744,0.0692,16655.0,12277.0,1.4515,0.67359,13855.59696,1.456360879,0.664155324,0.046473789,1,17.38710706,-6141.762746,0.0,0.0,0.0,0.0,0.0,0.0,0.0,0.0,0.0,0.0,0.0,no,1.0656,3.0007,366.51,0.034868,20790.8198,2.52,809.1,0.0,1.0,0,0.0,0.0,0.0,0.0,0.0,0.0,0.0,0.0,-262.49,140.52,0.0,0.0,0.0,276370.0,-2090.1,8.125,-0.014116,9.37e-06,0.923656,-0.37937,0.442429,52.419867266,12.0,6.0,0,0,0,0,0,0,0,0,0,0,0,0,0,0,0,0,0.0,0.0,FHHSSXNRVNXTBG-VOTSOKGWSA-N
261,"1,1,4-trimethylcyclohexane",7094-27-1,HC,1264,C9H18,126.23922,0.7992,336.48,28.75,0.267,134.55,126.23922,469.5,Classic,1374.6,36.54003,-0.034802404,0.000116811,-1.3e-07,5.254448e-11,none,0.0,0.0,0.0,0.0,0.0,1.8,0.076,0.235662374,0.0,2.52,809.1,0.0,3,-27.952757828,4665.22592993,0.052323342,-3.8356e-05,-229000.0,-19.2905,29814.5,-0.019678,0.000132,-3.11e-07,0,solvent,0.0,0.0,0.0,0.0,0.054783425,0.094678512,-2.267329403,-0.384,0.00525,-6.37e-06,52.8786226,5674,1000.0,0.00611,218.23,218.23,-179870,503.25,0.0,0.0,0.0,0.0,0.0,5.459,0.30542,647.13,0.081,0.0,52100000.0,0.32,-0.212,0.258,0.0,0.999,1.087,-0.638,0.635,0.0,0.0,0.0,0.168272437,0.908482584,5.240427372,4,4C,0.296941807,0.000718744,0.0692,16655.0,12277.0,1.4515,0.67359,13855.59696,1.456360879,0.664155324,0.046473789,1,17.38710706,-6141.762746,0.0,0.0,0.0,0.0,0.0,0.0,0.0,0.0,0.0,0.0,0.0,no,1.0656,3.0007,366.51,0.034868,20790.8198,2.52,809.1,0.0,1.0,0,0.0,0.0,0.0,0.0,0.0,0.0,0.0,0.0,-262.49,140.52,0.0,0.0,0.0,276370.0,-2090.1,8.125,-0.014116,9.37e-06,0.923656,-0.37937,0.442429,52.419867266,12.0,6.0,0,0,0,0,0,0,0,0,0,0,0,0,0,0,0,0,0.0,0.0,UIWORXHEVNIOJG-UHFFFAOYSA-N
262,"1,2,3,5-tetramethylcyclohexane",3726-36-1,HC,1265,C10H20,140.2658,0.8042,356.53067,23.292736,0.31500806,165.3922,140.2658,525.5,Classic,1374.6,36.54003,-0.034802404,0.000116811,-1.3e-07,5.254448e-11,none,0.0,0.0,0.0,0.0,0.0,1.8,0.076,0.235662374,0.0,2.52,809.1,0.0,3,-27.952757828,4665.22592993,0.052323342,-3.8356e-05,-229000.0,-19.2905,29814.5,-0.019678,0.000132,-3.11e-07,0,solvent,0.0,0.0,0.0,0.0,0.054783425,0.094678512,-2.267329403,-0.384,0.00525,-6.37e-06,52.8786226,16704,1000.0,0.00611,197.12,197.12,-256430,189.0,0.0,0.0,0.0,0.0,0.0,5.459,0.30542,647.13,0.081,0.0,52100000.0,0.32,-0.212,0.258,0.0,0.999,1.087,-0.638,0.635,0.0,0.0,0.0,0.168272437,0.908482584,5.240427372,4,4C,0.296941807,0.000718744,0.0692,16655.0,12277.0,1.4515,0.67359,13855.59696,1.456360879,0.664155324,0.046473789,1,17.38710706,-6141.762746,0.0,0.0,0.0,0.0,0.0,0.0,0.0,0.0,0.0,0.0,0.0,no,1.0656,3.0007,366.51,0.034868,20790.8198,2.52,809.1,0.0,1.0,0,0.0,0.0,0.0,0.0,0.0,0.0,0.0,0.0,-262.49,140.52,0.0,0.0,0.0,276370.0,-2090.1,8.125,-0.014116,9.37e-06,0.923656,-0.37937,0.442429,52.419867266,12.0,6.0,0,0,0,0,0,0,0,0,0,0,0,0,0,0,0,0,0.0,0.0,HLPYGMSCWOQRJN-UHFFFAOYSA-N
263,"1,2,4,5-tetramethylbenzene",95-93-2,HC,1266,C10H14,134.21816,0.889825,402.85,29,0.4168,197,134.21816,489,Classic,1374.6,36.54003,-0.034802404,0.000116811,-1.3e-07,5.254448e-11,none,0.0,0.0,0.0,0.0,0.0,0,0.076,0.235662374,0.0,2.52,809.1,0.0,3,-27.952757828,4665.22592993,0.052323342,-3.8356e-05,-229000.0,-19.2905,29814.5,-0.019678,0.000132,-3.11e-07,0,solvent,0.0,0.0,0.0,0.0,0.054783425,0.094678512,-2.267329403,-0.384,0.00525,-6.37e-06,52.8786226,21000,1000.0,0.00611,352.3,352.3,-44560,419.22,0.0,0.0,0.0,0.0,0.0,5.459,0.30542,647.13,0.081,0.0,52100000.0,0.32,-0.212,0.258,0.0,0.999,1.087,-0.638,0.635,0.0,0.0,0.0,0.168272437,0.908482584,5.240427372,4,4C,0.296941807,0.000718744,0.0692,16655.0,12277.0,1.4515,0.67359,13855.59696,1.456360879,0.664155324,0.046473789,1,17.38710706,-6141.762746,0.0,0.0,0.0,0.0,0.0,0.0,0.0,0.0,0.0,0.0,0.0,no,1.0656,3.0007,366.51,0.034868,20790.8198,2.52,809.1,0.0,1.0,0,0.0,0.0,0.0,0.0,0.0,0.0,0.0,0.0,-262.49,140.52,0.0,0.0,0.0,276370.0,-2090.1,8.125,-0.014116,9.37e-06,0.923656,-0.37937,0.442429,52.419867266,12.0,6.0,0,0,0,0,0,0,0,0,0,0,0,0,0,0,0,0,0.0,0.0,SQNZJJAZBFDUTD-UHFFFAOYSA-N
264,"1,2,4-trimethylbenzene",95-63-6,HC,1267,C9H12,120.19158,0.879697,375.95,32.32,0.3771,169.4,120.19158,436,Classic,1374.6,36.54003,-0.034802404,0.000116811,-1.3e-07,5.254448e-11,none,0.0,0.0,0.0,0.0,0.0,1.8,0.076,0.235662374,0.0,2.52,809.1,0.0,3,-27.952757828,4665.22592993,0.052323342,-3.8356e-05,-229000.0,-19.2905,29814.5,-0.019678,0.000132,-3.11e-07,0,solvent,0.0,0.0,0.0,0.0,0.054783425,0.094678512,-2.267329403,-0.384,0.00525,-6.37e-06,52.8786226,13190,1000.0,0.00611,229.30341,229.25,-13800,395.76,0.0,0.0,0.0,0.0,0.0,5.459,0.30542,647.13,0.081,0.0,52100000.0,0.32,-0.212,0.258,0.0,0.999,1.087,-0.638,0.635,0.0,0.0,0.0,0.168272437,0.908482584,5.240427372,4,4C,0.296941807,0.000718744,0.0692,16655.0,12277.0,1.4515,0.67359,13855.59696,1.456360879,0.664155324,0.046473789,1,17.38710706,-6141.762746,0.0,0.0,0.0,0.0,0.0,0.0,0.0,0.0,0.0,0.0,0.0,no,1.0656,3.0007,366.51,0.034868,20790.8198,2.52,809.1,0.0,1.0,0,0.0,0.0,0.0,0.0,0.0,0.0,0.0,0.0,-262.49,140.52,0.0,0.0,0.0,276370.0,-2090.1,8.125,-0.014116,9.37e-06,0.923656,-0.37937,0.442429,52.419867266,12.0,6.0,0,0,0,0,0,0,0,0,0,0,0,0,0,0,0,0,0.0,0.0,GWHJZXXIDMPWGX-UHFFFAOYSA-N
265,"1,2,4-trimethylcyclopentane",16883-48-0,HC,1268,C8H16,112.21264,0.7734,297.777777778,28.1168202415,0.2459,110,112.21264,422.5,Classic,1374.6,36.54003,-0.034802404,0.000116811,-1.3e-07,5.254448e-11,none,0.0,0.0,0.0,0.0,0.0,1.8,0.076,0.235662374,0.0,2.52,809.1,0.0,3,-27.952757828,4665.22592993,0.052323342,-3.8356e-05,-229000.0,-19.2905,29814.5,-0.019678,0.000132,-3.11e-07,0,solvent,0.0,0.0,0.0,0.0,0.054783425,0.094678512,-2.267329403,-0.384,0.00525,-6.37e-06,52.8786226,12553,1000.0,0.00611,140.85,140.85,-188650,332.48,0.0,0.0,0.0,0.0,0.0,5.459,0.30542,647.13,0.081,0.0,52100000.0,0.32,-0.212,0.258,0.0,0.999,1.087,-0.638,0.635,0.0,0.0,0.0,0.168272437,0.908482584,5.240427372,4,4C,0.296941807,0.000718744,0.0692,16655.0,12277.0,1.4515,0.67359,13855.59696,1.456360879,0.664155324,0.046473789,1,17.38710706,-6141.762746,0.0,0.0,0.0,0.0,0.0,0.0,0.0,0.0,0.0,0.0,0.0,no,1.0656,3.0007,366.51,0.034868,20790.8198,2.52,809.1,0.0,1.0,0,0.0,0.0,0.0,0.0,0.0,0.0,0.0,0.0,-262.49,140.52,0.0,0.0,0.0,276370.0,-2090.1,8.125,-0.014116,9.37e-06,0.923656,-0.37937,0.442429,52.419867266,12.0,6.0,0,0,0,0,0,0,0,0,0,0,0,0,0,0,0,0,0.0,0.0,PNUFYSGVPVMNRN-UHFFFAOYSA-N
266,"1,2-diethylbenzene",135-01-3,HC,1269,C10H14,134.21816,0.8183,394.85,28.8,0.34,183.4,134.21816,502,Classic,1374.6,36.54003,-0.034802404,0.000116811,-1.3e-07,5.254448e-11,none,0.0,0.0,0.0,0.0,0.0,1.8,0.076,0.235662374,0.0,2.52,809.1,0.0,3,-27.952757828,4665.22592993,0.052323342,-3.8356e-05,-229000.0,-19.2905,29814.5,-0.019678,0.000132,-3.11e-07,0,solvent,0.0,0.0,0.0,0.0,0.054783425,0.094678512,-2.267329403,-0.384,0.00525,-6.37e-06,52.8786226,15308,1000.0,0.00611,242.15,242.15,-15730,435.75,0.0,0.0,0.0,0.0,0.0,5.459,0.30542,647.13,0.081,0.0,52100000.0,0.32,-0.212,0.258,0.0,0.999,1.087,-0.638,0.635,0.0,0.0,0.0,0.168272437,0.908482584,5.240427372,4,4C,0.296941807,0.000718744,0.0692,16655.0,12277.0,1.4515,0.67359,13855.59696,1.456360879,0.664155324,0.046473789,1,17.38710706,-6141.762746,0.0,0.0,0.0,0.0,0.0,0.0,0.0,0.0,0.0,0.0,0.0,no,1.0656,3.0007,366.51,0.034868,20790.8198,2.52,809.1,0.0,1.0,0,0.0,0.0,0.0,0.0,0.0,0.0,0.0,0.0,-262.49,140.52,0.0,0.0,0.0,276370.0,-2090.1,8.125,-0.014116,9.37e-06,0.923656,-0.37937,0.442429,52.419867266,12.0,6.0,0,0,0,0,0,0,0,0,0,0,0,0,0,0,0,0,0.0,0.0,KVNYFPKFSJIPBJ-UHFFFAOYSA-N
267,"1,3,5-triethylbenzene",102-25-0,HC,1270,C12H18,162.27132,0.8117,405.85,23.2,0.5238,215.8,162.27132,624,Classic,1374.6,36.54003,-0.034802404,0.000116811,-1.3e-07,5.254448e-11,none,0.0,0.0,0.0,0.0,0.0,1.8,0.076,0.235662374,0.0,2.52,809.1,0.0,3,-27.952757828,4665.22592993,0.052323342,-3.8356e-05,-229000.0,-19.2905,29814.5,-0.019678,0.000132,-3.11e-07,0,solvent,0.0,0.0,0.0,0.0,0.054783425,0.094678512,-2.267329403,-0.384,0.00525,-6.37e-06,52.8786226,20099,1000.0,0.00611,206.65,206.65,-74700,509.1,0.0,0.0,0.0,0.0,0.0,5.459,0.30542,647.13,0.081,0.0,52100000.0,0.32,-0.212,0.258,0.0,0.999,1.087,-0.638,0.635,0.0,0.0,0.0,0.168272437,0.908482584,5.240427372,4,4C,0.296941807,0.000718744,0.0692,16655.0,12277.0,1.4515,0.67359,13855.59696,1.456360879,0.664155324,0.046473789,1,17.38710706,-6141.762746,0.0,0.0,0.0,0.0,0.0,0.0,0.0,0.0,0.0,0.0,0.0,no,1.0656,3.0007,366.51,0.034868,20790.8198,2.52,809.1,0.0,1.0,0,0.0,0.0,0.0,0.0,0.0,0.0,0.0,0.0,-262.49,140.52,0.0,0.0,0.0,276370.0,-2090.1,8.125,-0.014116,9.37e-06,0.923656,-0.37937,0.442429,52.419867266,12.0,6.0,0,0,0,0,0,0,0,0,0,0,0,0,0,0,0,0,0.0,0.0,WJYMPXJVHNDZHD-UHFFFAOYSA-N
268,"1,3-diethylcyclopentane",19398-75-5,HC,1271,C9H18,126.23922,0.7899,337.84,26.81,0.302,150,126.23922,477.3,Classic,1374.6,36.54003,-0.034802404,0.000116811,-1.3e-07,5.254448e-11,none,0.0,0.0,0.0,0.0,0.0,1.8,0.076,0.235662374,0.0,2.52,809.1,0.0,3,-27.952757828,4665.22592993,0.052323342,-3.8356e-05,-229000.0,-19.2905,29814.5,-0.019678,0.000132,-3.11e-07,0,solvent,0.0,0.0,0.0,0.0,0.054783425,0.094678512,-2.267329403,-0.384,0.00525,-6.37e-06,52.8786226,14072,1000.0,0.00611,197.85,197.85,-188950,189.0,0.0,0.0,0.0,0.0,0.0,5.459,0.30542,647.13,0.081,0.0,52100000.0,0.32,-0.212,0.258,0.0,0.999,1.087,-0.638,0.635,0.0,0.0,0.0,0.168272437,0.908482584,5.240427372,4,4C,0.296941807,0.000718744,0.0692,16655.0,12277.0,1.4515,0.67359,13855.59696,1.456360879,0.664155324,0.046473789,1,17.38710706,-6141.762746,0.0,0.0,0.0,0.0,0.0,0.0,0.0,0.0,0.0,0.0,0.0,no,1.0656,3.0007,366.51,0.034868,20790.8198,2.52,809.1,0.0,1.0,0,0.0,0.0,0.0,0.0,0.0,0.0,0.0,0.0,-262.49,140.52,0.0,0.0,0.0,276370.0,-2090.1,8.125,-0.014116,9.37e-06,0.923656,-0.37937,0.442429,52.419867266,12.0,6.0,0,0,0,0,0,0,0,0,0,0,0,0,0,0,0,0,0.0,0.0,RUUVWUNHERVOAY-UHFFFAOYSA-N
269,"1,4-diethylbenzene",105-05-5,HC,1272,C10H14,134.21816,0.8346,384.75,28.03,0.409,184,134.21816,494,Classic,1374.6,36.54003,-0.034802404,0.000116811,-1.3e-07,5.254448e-11,none,0.0,0.0,0.0,0.0,0.0,0,0.076,0.235662374,0.0,2.52,809.1,0.0,3,-27.952757828,4665.22592993,0.052323342,-3.8356e-05,-229000.0,-19.2905,29814.5,-0.019678,0.000132,-3.11e-07,0,solvent,0.0,0.0,0.0,0.0,0.054783425,0.094678512,-2.267329403,-0.384,0.00525,-6.37e-06,52.8786226,15308,1000.0,0.00611,230.15,230.15,-20370,433.94,0.0,0.0,0.0,0.0,0.0,5.459,0.30542,647.13,0.081,0.0,52100000.0,0.32,-0.212,0.258,0.0,0.999,1.087,-0.638,0.635,0.0,0.0,0.0,0.168272437,0.908482584,5.240427372,4,4C,0.296941807,0.000718744,0.0692,16655.0,12277.0,1.4515,0.67359,13855.59696,1.456360879,0.664155324,0.046473789,1,17.38710706,-6141.762746,0.0,0.0,0.0,0.0,0.0,0.0,0.0,0.0,0.0,0.0,0.0,no,1.0656,3.0007,366.51,0.034868,20790.8198,2.52,809.1,0.0,1.0,0,0.0,0.0,0.0,0.0,0.0,0.0,0.0,0.0,-262.49,140.52,0.0,0.0,0.0,276370.0,-2090.1,8.125,-0.014116,9.37e-06,0.923656,-0.37937,0.442429,52.419867266,12.0,6.0,0,0,0,0,0,0,0,0,0,0,0,0,0,0,0,0,0.0,0.0,DSNHSQKRULAAEI-UHFFFAOYSA-N
270,"1,5-dimethylcyclopentene",16491-15-9,HC,1273,C7H12,96.17018,0.7932,300.48,34.32,0.245,99,96.17018,353.5,Classic,1374.6,36.54003,-0.034802404,0.000116811,-1.3e-07,5.254448e-11,none,0.0,0.0,0.0,0.0,0.0,1.8,0.076,0.235662374,0.0,2.52,809.1,0.0,3,-27.952757828,4665.22592993,0.052323342,-3.8356e-05,-229000.0,-19.2905,29814.5,-0.019678,0.000132,-3.11e-07,0,solvent,0.0,0.0,0.0,0.0,0.054783425,0.094678512,-2.267329403,-0.384,0.00525,-6.37e-06,52.8786226,8654,1000.0,0.00611,155.15,155.15,-29100,361.41,0.0,0.0,0.0,0.0,0.0,5.459,0.30542,647.13,0.081,0.0,52100000.0,0.32,-0.212,0.258,0.0,0.999,1.087,-0.638,0.635,0.0,0.0,0.0,0.168272437,0.908482584,5.240427372,4,4C,0.296941807,0.000718744,0.0692,16655.0,12277.0,1.4515,0.67359,13855.59696,1.456360879,0.664155324,0.046473789,1,17.38710706,-6141.762746,0.0,0.0,0.0,0.0,0.0,0.0,0.0,0.0,0.0,0.0,0.0,no,1.0656,3.0007,366.51,0.034868,20790.8198,2.52,809.1,0.0,1.0,0,0.0,0.0,0.0,0.0,0.0,0.0,0.0,0.0,-262.49,140.52,0.0,0.0,0.0,276370.0,-2090.1,8.125,-0.014116,9.37e-06,0.923656,-0.37937,0.442429,52.419867266,12.0,6.0,0,0,0,0,0,0,0,0,0,0,0,0,0,0,0,0,0.0,0.0,RIICRLQIUAAOOE-UHFFFAOYSA-N
271,1-Methyl-2-propylcyclohexane,4291-79-6,HC,1274,C10H20,140.2658,0.7979,393.85,25.7,0.274,176,140.2658,534,Classic,1374.6,36.54003,-0.034802404,0.000116811,-1.3e-07,5.254448e-11,none,0.0,0.0,0.0,0.0,0.0,1.8,0.076,0.235662374,0.0,2.52,809.1,0.0,3,-27.952757828,4665.22592993,0.052323342,-3.8356e-05,-229000.0,-19.2905,29814.5,-0.019678,0.000132,-3.11e-07,0,solvent,0.0,0.0,0.0,0.0,0.054783425,0.094678512,-2.267329403,-0.384,0.00525,-6.37e-06,52.8786226,14562,1000.0,0.00611,205.6,205.6,-215750,189.0,0.0,0.0,0.0,0.0,0.0,5.459,0.30542,647.13,0.081,0.0,52100000.0,0.32,-0.212,0.258,0.0,0.999,1.087,-0.638,0.635,0.0,0.0,0.0,0.168272437,0.908482584,5.240427372,4,4C,0.296941807,0.000718744,0.0692,16655.0,12277.0,1.4515,0.67359,13855.59696,1.456360879,0.664155324,0.046473789,1,17.38710706,-6141.762746,0.0,0.0,0.0,0.0,0.0,0.0,0.0,0.0,0.0,0.0,0.0,no,1.0656,3.0007,366.51,0.034868,20790.8198,2.52,809.1,0.0,1.0,0,0.0,0.0,0.0,0.0,0.0,0.0,0.0,0.0,-262.49,140.52,0.0,0.0,0.0,276370.0,-2090.1,8.125,-0.014116,9.37e-06,0.923656,-0.37937,0.442429,52.419867266,12.0,6.0,0,0,0,0,0,0,0,0,0,0,0,0,0,0,0,0,0.0,0.0,BVYJEKBXVYKYRA-UHFFFAOYSA-N
272,1-butene,106-98-9,HC,1275,C4H8,56.10632,0.6256,146.14,40.051,0.192,-6.305937065,56.10632,235.849056604,Classic,2.6,37.978352,-0.07461815,0.000301881,-2.83e-07,9.070574e-11,pow10,3.7687,395.744,266.682,0.0,0.0,0.36,0.0,0.0,0.0,2.52,155.809006022,0.406998625,3,-26.87,1150.0,0.187,-0.000521,-50500.0,2.0,0.0,0.0,0.0,0.0,0,solute,900.0,0.0,0.0,0.0,0.0,0.0,0.0,0.303,-0.000605,-3.2e-06,77.3,3960,452.0,5.94529073589e-12,87.8,87.85,-30,307.88,33.022,-0.01587,-0.000155,0.0,0.0,2.92,0.29,191.0,0.289,0.0,8170.0,0.0,0.0,0.0,0.0,0.1,0.5857,-0.7206,1.2899,0.0,0.0,0.0,0.122841598,0.914470789,2.741978611,0,0,0.0,0.0,0.0,0.0,0.0,0.0,0.0,0.0,0.0,0.0,4.18626,1,1.0,-6.68082,0.0,9700.0,1.5293e-05,0.04792,1594.0,0.01244,2952.0,0.002317,2777.0,1.076,1323.0,yes,1.0,3.703900119,150.029998779,0.0,0.0,3.190710941,155.809006022,0.406998625,1.0,0,900.0,0.000621,2760.0,0.421,1963.1,0.00404868,2636.75,0.29527,0.0,0.0,0.0,0.0,0.0,0.0,0.0,0.0,0.0,0.0,0.39234,0.0,0.0,77.3,12.0,6.0,0,0,0,0,0,0,0,0,0,0,0,0,0,0,0,0,0.0,0.0,VXNZUUAINFGPBY-UHFFFAOYSA-N
273,"1-ethyl-2,3-dimethylbenzene",933-98-2,HC,1276,C10H14,134.21816,0.8149,406.85,28.8,0.362,194,134.21816,507,Classic,1374.6,36.54003,-0.034802404,0.000116811,-1.3e-07,5.254448e-11,none,0.0,0.0,0.0,0.0,0.0,1.8,0.076,0.235662374,0.0,2.52,809.1,0.0,3,-27.952757828,4665.22592993,0.052323342,-3.8356e-05,-229000.0,-19.2905,29814.5,-0.019678,0.000132,-3.11e-07,0,solvent,0.0,0.0,0.0,0.0,0.054783425,0.094678512,-2.267329403,-0.384,0.00525,-6.37e-06,52.8786226,14919,1000.0,0.00611,223.4,223.4,-25650,421.93,0.0,0.0,0.0,0.0,0.0,5.459,0.30542,647.13,0.081,0.0,52100000.0,0.32,-0.212,0.258,0.0,0.999,1.087,-0.638,0.635,0.0,0.0,0.0,0.168272437,0.908482584,5.240427372,4,4C,0.296941807,0.000718744,0.0692,16655.0,12277.0,1.4515,0.67359,13855.59696,1.456360879,0.664155324,0.046473789,1,17.38710706,-6141.762746,0.0,0.0,0.0,0.0,0.0,0.0,0.0,0.0,0.0,0.0,0.0,no,1.0656,3.0007,366.51,0.034868,20790.8198,2.52,809.1,0.0,1.0,0,0.0,0.0,0.0,0.0,0.0,0.0,0.0,0.0,-262.49,140.52,0.0,0.0,0.0,276370.0,-2090.1,8.125,-0.014116,9.37e-06,0.923656,-0.37937,0.442429,52.419867266,12.0,6.0,0,0,0,0,0,0,0,0,0,0,0,0,0,0,0,0,0.0,0.0,QUBBAXISAHIDNM-UHFFFAOYSA-N
274,"1-ethyl-2,4-dimethylbenzene",874-41-9,HC,1277,C10H14,134.21816,0.8585,389.45,28.99922,0.4331,188,134.21816,482,Classic,1374.6,36.54003,-0.034802404,0.000116811,-1.3e-07,5.254448e-11,none,0.0,0.0,0.0,0.0,0.0,1.8,0.076,0.235662374,0.0,2.52,809.1,0.0,3,-27.952757828,4665.22592993,0.052323342,-3.8356e-05,-229000.0,-19.2905,29814.5,-0.019678,0.000132,-3.11e-07,0,solvent,0.0,0.0,0.0,0.0,0.054783425,0.094678512,-2.267329403,-0.384,0.00525,-6.37e-06,52.8786226,14919,1000.0,0.00611,210.2,210.2,-30800,437.53,0.0,0.0,0.0,0.0,0.0,5.459,0.30542,647.13,0.081,0.0,52100000.0,0.32,-0.212,0.258,0.0,0.999,1.087,-0.638,0.635,0.0,0.0,0.0,0.168272437,0.908482584,5.240427372,4,4C,0.296941807,0.000718744,0.0692,16655.0,12277.0,1.4515,0.67359,13855.59696,1.456360879,0.664155324,0.046473789,1,17.38710706,-6141.762746,0.0,0.0,0.0,0.0,0.0,0.0,0.0,0.0,0.0,0.0,0.0,no,1.0656,3.0007,366.51,0.034868,20790.8198,2.52,809.1,0.0,1.0,0,0.0,0.0,0.0,0.0,0.0,0.0,0.0,0.0,-262.49,140.52,0.0,0.0,0.0,276370.0,-2090.1,8.125,-0.014116,9.37e-06,0.923656,-0.37937,0.442429,52.419867266,12.0,6.0,0,0,0,0,0,0,0,0,0,0,0,0,0,0,0,0,0.0,0.0,MEMBJMDZWKVOTB-UHFFFAOYSA-N
275,1-heptene,592-76-7,HC,1278,C7H14,98.18606,0.695606,264.15,29.2,0.3316,94,98.18606,409,Classic,1374.6,36.54003,-0.034802404,0.000116811,-1.3e-07,5.254448e-11,none,0.0,0.0,0.0,0.0,0.0,0.3,0.076,0.235662374,0.0,2.52,809.1,0.0,3,-27.952757828,4665.22592993,0.052323342,-3.8356e-05,-229000.0,-19.2905,29814.5,-0.019678,0.000132,-3.11e-07,0,solvent,0.0,0.0,0.0,0.0,0.054783425,0.094678512,-2.267329403,-0.384,0.00525,-6.37e-06,52.8786226,12410,1000.0,0.00611,154.31407,153.8,-62300,425.34,0.0,0.0,0.0,0.0,0.0,5.459,0.30542,647.13,0.081,0.0,52100000.0,0.32,-0.212,0.258,0.0,0.999,1.087,-0.638,0.635,0.0,0.0,0.0,0.168272437,0.908482584,5.240427372,4,4C,0.296941807,0.000718744,0.0692,16655.0,12277.0,1.4515,0.67359,13855.59696,1.456360879,0.664155324,0.046473789,1,17.38710706,-6141.762746,0.0,0.0,0.0,0.0,0.0,0.0,0.0,0.0,0.0,0.0,0.0,no,1.0656,3.0007,366.51,0.034868,20790.8198,2.52,809.1,0.0,1.0,0,0.0,0.0,0.0,0.0,0.0,0.0,0.0,0.0,-262.49,140.52,0.0,0.0,0.0,276370.0,-2090.1,8.125,-0.014116,9.37e-06,0.923656,-0.37937,0.442429,52.419867266,12.0,6.0,0,0,0,0,0,0,0,0,0,0,0,0,0,0,0,0,0.0,0.0,ZGEGCLOFRBLKSE-UHFFFAOYSA-N
276,1-hexene,592-41-6,HC,1279,C6H12,84.15948,0.671653,230.85,32.1,0.2839,63.4,84.15948,355.1,Classic,1374.6,36.54003,-0.034802404,0.000116811,-1.3e-07,5.254448e-11,none,0.0,0.0,0.0,0.0,0.0,0.339994723651,0.076,0.235662374,0.0,2.52,809.1,0.0,3,-27.952757828,4665.22592993,0.052323342,-3.8356e-05,-229000.0,-19.2905,29814.5,-0.019678,0.000132,-3.11e-07,0,solvent,0.0,0.0,0.0,0.0,0.054783425,0.094678512,-2.267329403,-0.384,0.00525,-6.37e-06,52.8786226,9350,1000.0,0.00611,133.404072,133.15,-43500,383.84,0.0,0.0,0.0,0.0,0.0,5.459,0.30542,647.13,0.081,0.0,52100000.0,0.32,-0.212,0.258,0.0,0.999,1.087,-0.638,0.635,0.0,0.0,0.0,0.168272437,0.908482584,5.240427372,4,4C,0.296941807,0.000718744,0.0692,16655.0,12277.0,1.4515,0.67359,13855.59696,1.456360879,0.664155324,0.046473789,1,17.38710706,-6141.762746,0.0,0.0,0.0,0.0,0.0,0.0,0.0,0.0,0.0,0.0,0.0,no,1.0656,3.0007,366.51,0.034868,20790.8198,2.52,809.1,0.0,1.0,0,0.0,0.0,0.0,0.0,0.0,0.0,0.0,0.0,-262.49,140.52,0.0,0.0,0.0,276370.0,-2090.1,8.125,-0.014116,9.37e-06,0.923656,-0.37937,0.442429,52.419867266,12.0,6.0,0,0,0,0,0,0,0,0,0,0,0,0,0,0,0,0,0.0,0.0,LIKMAJRDDDTEIG-UHFFFAOYSA-N
277,1-methyl-1-ethylcyclohexane,4926-90-3,HC,1280,C9H18,126.23922,0.8074,360.23,29.8,0.292,152.05,126.23922,470.5,Classic,1374.6,36.54003,-0.034802404,0.000116811,-1.3e-07,5.254448e-11,none,0.0,0.0,0.0,0.0,0.0,1.8,0.076,0.235662374,0.0,2.52,809.1,0.0,3,-27.952757828,4665.22592993,0.052323342,-3.8356e-05,-229000.0,-19.2905,29814.5,-0.019678,0.000132,-3.11e-07,0,solvent,0.0,0.0,0.0,0.0,0.054783425,0.094678512,-2.267329403,-0.384,0.00525,-6.37e-06,52.8786226,4603,1000.0,0.00611,222.47,222.47,-200000,409.87,0.0,0.0,0.0,0.0,0.0,5.459,0.30542,647.13,0.081,0.0,52100000.0,0.32,-0.212,0.258,0.0,0.999,1.087,-0.638,0.635,0.0,0.0,0.0,0.168272437,0.908482584,5.240427372,4,4C,0.296941807,0.000718744,0.0692,16655.0,12277.0,1.4515,0.67359,13855.59696,1.456360879,0.664155324,0.046473789,1,17.38710706,-6141.762746,0.0,0.0,0.0,0.0,0.0,0.0,0.0,0.0,0.0,0.0,0.0,no,1.0656,3.0007,366.51,0.034868,20790.8198,2.52,809.1,0.0,1.0,0,0.0,0.0,0.0,0.0,0.0,0.0,0.0,0.0,-262.49,140.52,0.0,0.0,0.0,276370.0,-2090.1,8.125,-0.014116,9.37e-06,0.923656,-0.37937,0.442429,52.419867266,12.0,6.0,0,0,0,0,0,0,0,0,0,0,0,0,0,0,0,0,0.0,0.0,YPJRYQGOKHKNKZ-UHFFFAOYSA-N
278,1-methyl-2-propylcyclopentane,932-43-4,HC,1281,C9H18,126.23922,0.79513,347.73,26.71,0.334,152.6,126.23922,479.5,Classic,1374.6,36.54003,-0.034802404,0.000116811,-1.3e-07,5.254448e-11,none,0.0,0.0,0.0,0.0,0.0,1.8,0.076,0.235662374,0.0,2.52,809.1,0.0,3,-27.952757828,4665.22592993,0.052323342,-3.8356e-05,-229000.0,-19.2905,29814.5,-0.019678,0.000132,-3.11e-07,0,solvent,0.0,0.0,0.0,0.0,0.054783425,0.094678512,-2.267329403,-0.384,0.00525,-6.37e-06,52.8786226,14072,1000.0,0.00611,150.15,150.15,-188950,413.79,0.0,0.0,0.0,0.0,0.0,5.459,0.30542,647.13,0.081,0.0,52100000.0,0.32,-0.212,0.258,0.0,0.999,1.087,-0.638,0.635,0.0,0.0,0.0,0.168272437,0.908482584,5.240427372,4,4C,0.296941807,0.000718744,0.0692,16655.0,12277.0,1.4515,0.67359,13855.59696,1.456360879,0.664155324,0.046473789,1,17.38710706,-6141.762746,0.0,0.0,0.0,0.0,0.0,0.0,0.0,0.0,0.0,0.0,0.0,no,1.0656,3.0007,366.51,0.034868,20790.8198,2.52,809.1,0.0,1.0,0,0.0,0.0,0.0,0.0,0.0,0.0,0.0,0.0,-262.49,140.52,0.0,0.0,0.0,276370.0,-2090.1,8.125,-0.014116,9.37e-06,0.923656,-0.37937,0.442429,52.419867266,12.0,6.0,0,0,0,0,0,0,0,0,0,0,0,0,0,0,0,0,0.0,0.0,ADQJFBQXLAAVQA-UHFFFAOYSA-N
279,1-methylcyclopentene,693-89-0,HC,1282,C6H10,82.1436,0.78452,268.85,41.3,0.232,75,82.1436,303,Classic,1374.6,36.54003,-0.034802404,0.000116811,-1.3e-07,5.254448e-11,none,0.0,0.0,0.0,0.0,0.0,1.8,0.076,0.235662374,0.0,2.52,809.1,0.0,3,-27.952757828,4665.22592993,0.052323342,-3.8356e-05,-229000.0,-19.2905,29814.5,-0.019678,0.000132,-3.11e-07,0,solvent,0.0,0.0,0.0,0.0,0.054783425,0.094678512,-2.267329403,-0.384,0.00525,-6.37e-06,52.8786226,4993,1000.0,0.00611,146.15,146.15,-3800,326.28,0.0,0.0,0.0,0.0,0.0,5.459,0.30542,647.13,0.081,0.0,52100000.0,0.32,-0.212,0.258,0.0,0.999,1.087,-0.638,0.635,0.0,0.0,0.0,0.168272437,0.908482584,5.240427372,4,4C,0.296941807,0.000718744,0.0692,16655.0,12277.0,1.4515,0.67359,13855.59696,1.456360879,0.664155324,0.046473789,1,17.38710706,-6141.762746,0.0,0.0,0.0,0.0,0.0,0.0,0.0,0.0,0.0,0.0,0.0,no,1.0656,3.0007,366.51,0.034868,20790.8198,2.52,809.1,0.0,1.0,0,0.0,0.0,0.0,0.0,0.0,0.0,0.0,0.0,-262.49,140.52,0.0,0.0,0.0,276370.0,-2090.1,8.125,-0.014116,9.37e-06,0.923656,-0.37937,0.442429,52.419867266,12.0,6.0,0,0,0,0,0,0,0,0,0,0,0,0,0,0,0,0,0.0,0.0,ATQUFXWBVZUTKO-UHFFFAOYSA-N
280,1-methylnaphthalene,90-12-0,HC,1283,C11H10,142.1971,1.02401,498.85,36,0.334,244.4,142.1971,479,Classic,1374.6,36.54003,-0.034802404,0.000116811,-1.3e-07,5.254448e-11,none,0.0,0.0,0.0,0.0,0.0,0.5,0.076,0.235662374,0.0,2.52,809.1,0.0,3,-27.952757828,4665.22592993,0.052323342,-3.8356e-05,-229000.0,-19.2905,29814.5,-0.019678,0.000132,-3.11e-07,0,solvent,0.0,0.0,0.0,0.0,0.054783425,0.094678512,-2.267329403,-0.384,0.00525,-6.37e-06,52.8786226,6950,1000.0,0.00611,242.68333,251.15,116860,378.35,0.0,0.0,0.0,0.0,0.0,5.459,0.30542,647.13,0.081,0.0,52100000.0,0.32,-0.212,0.258,0.0,0.999,1.087,-0.638,0.635,0.0,0.0,0.0,0.168272437,0.908482584,5.240427372,4,4C,0.296941807,0.000718744,0.0692,16655.0,12277.0,1.4515,0.67359,13855.59696,1.456360879,0.664155324,0.046473789,1,17.38710706,-6141.762746,0.0,0.0,0.0,0.0,0.0,0.0,0.0,0.0,0.0,0.0,0.0,no,1.0656,3.0007,366.51,0.034868,20790.8198,2.52,809.1,0.0,1.0,0,0.0,0.0,0.0,0.0,0.0,0.0,0.0,0.0,-262.49,140.52,0.0,0.0,0.0,276370.0,-2090.1,8.125,-0.014116,9.37e-06,0.923656,-0.37937,0.442429,52.419867266,12.0,6.0,0,0,0,0,0,0,0,0,0,0,0,0,0,0,0,0,0.0,0.0,QPUYECUOLPXSFR-UHFFFAOYSA-N
281,1-pentene,109-67-1,HC,1284,C5H10,70.1329,0.638723,192.59,35.98,0.233,29.951233591,70.1329,289.855072464,Classic,1374.6,36.54003,-0.034802404,0.000116811,-1.3e-07,5.254448e-11,none,0.0,0.0,0.0,0.0,0.0,0.39,0.076,0.235662374,0.0,2.52,809.1,0.0,3,-27.952757828,4665.22592993,0.052323342,-3.8356e-05,-229000.0,-19.2905,29814.5,-0.019678,0.000132,-3.11e-07,0,solvent,0.0,0.0,0.0,0.0,0.054783425,0.094678512,-2.267329403,-0.384,0.00525,-6.37e-06,52.8786226,5940,1000.0,1.02078111787e-10,107.797,108.15,-21100,347.03,0.0,0.0,0.0,0.0,0.0,5.459,0.30542,647.13,0.081,0.0,52100000.0,0.32,-0.212,0.258,0.0,0.999,1.087,-0.638,0.635,0.0,0.0,0.0,0.168272437,0.908482584,5.240427372,4,4C,0.296941807,0.000718744,0.0692,16655.0,12277.0,1.4515,0.67359,13855.59696,1.456360879,0.664155324,0.046473789,1,17.38710706,-6141.762746,0.0,0.0,0.0,0.0,0.0,0.0,0.0,0.0,0.0,0.0,0.0,no,1.0656,3.0007,366.51,0.034868,20790.8198,2.52,809.1,0.0,1.0,0,0.0,0.0,0.0,0.0,0.0,0.0,0.0,0.0,-262.49,140.52,0.0,0.0,0.0,276370.0,-2090.1,8.125,-0.014116,9.37e-06,0.923656,-0.37937,0.442429,52.419867266,12.0,6.0,0,0,0,0,0,0,0,0,0,0,0,0,0,0,0,0,0.0,0.0,YWAKXRMUMFPDSH-UHFFFAOYSA-N
282,"2,2,3-trimethylhexane",16747-25-4,HC,1285,C9H20,128.2551,0.7569,261.85,24.9,0.7799,134,128.2551,511,Classic,1374.6,36.54003,-0.034802404,0.000116811,-1.3e-07,5.254448e-11,none,0.0,0.0,0.0,0.0,0.0,1.8,0.076,0.235662374,0.0,2.52,809.1,0.0,3,-27.952757828,4665.22592993,0.052323342,-3.8356e-05,-229000.0,-19.2905,29814.5,-0.019678,0.000132,-3.11e-07,0,solvent,0.0,0.0,0.0,0.0,0.054783425,0.094678512,-2.267329403,-0.384,0.00525,-6.37e-06,52.8786226,8129,1000.0,0.00611,178.61,178.61,-241420,467.2,0.0,0.0,0.0,0.0,0.0,5.459,0.30542,647.13,0.081,0.0,52100000.0,0.32,-0.212,0.258,0.0,0.999,1.087,-0.638,0.635,0.0,0.0,0.0,0.168272437,0.908482584,5.240427372,4,4C,0.296941807,0.000718744,0.0692,16655.0,12277.0,1.4515,0.67359,13855.59696,1.456360879,0.664155324,0.046473789,1,17.38710706,-6141.762746,0.0,0.0,0.0,0.0,0.0,0.0,0.0,0.0,0.0,0.0,0.0,no,1.0656,3.0007,366.51,0.034868,20790.8198,2.52,809.1,0.0,1.0,0,0.0,0.0,0.0,0.0,0.0,0.0,0.0,0.0,-262.49,140.52,0.0,0.0,0.0,276370.0,-2090.1,8.125,-0.014116,9.37e-06,0.923656,-0.37937,0.442429,52.419867266,12.0,6.0,0,0,0,0,0,0,0,0,0,0,0,0,0,0,0,0,0.0,0.0,CBVFSZDQEHBJEQ-UHFFFAOYSA-N
283,"2,2,3-trimethylpentane",564-02-3,HC,1286,C8H18,114.22852,0.7651,290.35,27.3,0.297,109.8,114.22852,436,Classic,1374.6,36.54003,-0.034802404,0.000116811,-1.3e-07,5.254448e-11,none,0.0,0.0,0.0,0.0,0.0,1.8,0.076,0.235662374,0.0,2.52,809.1,0.0,3,-27.952757828,4665.22592993,0.052323342,-3.8356e-05,-229000.0,-19.2905,29814.5,-0.019678,0.000132,-3.11e-07,0,solvent,0.0,0.0,0.0,0.0,0.054783425,0.094678512,-2.267329403,-0.384,0.00525,-6.37e-06,52.8786226,5539,1000.0,0.00611,161.05,161.05,-220000,423.78,0.0,0.0,0.0,0.0,0.0,5.459,0.30542,647.13,0.081,0.0,52100000.0,0.32,-0.212,0.258,0.0,0.999,1.087,-0.638,0.635,0.0,0.0,0.0,0.168272437,0.908482584,5.240427372,4,4C,0.296941807,0.000718744,0.0692,16655.0,12277.0,1.4515,0.67359,13855.59696,1.456360879,0.664155324,0.046473789,1,17.38710706,-6141.762746,0.0,0.0,0.0,0.0,0.0,0.0,0.0,0.0,0.0,0.0,0.0,no,1.0656,3.0007,366.51,0.034868,20790.8198,2.52,809.1,0.0,1.0,0,0.0,0.0,0.0,0.0,0.0,0.0,0.0,0.0,-262.49,140.52,0.0,0.0,0.0,276370.0,-2090.1,8.125,-0.014116,9.37e-06,0.923656,-0.37937,0.442429,52.419867266,12.0,6.0,0,0,0,0,0,0,0,0,0,0,0,0,0,0,0,0,0.0,0.0,XTDQDBVBDLYELW-UHFFFAOYSA-N
284,"2,2,4-trimethylheptane",14720-74-2,HC,1287,C10H22,142.28168,0.7721,321.35,21.68,0.389,148.3,142.28168,552,Classic,1374.6,36.54003,-0.034802404,0.000116811,-1.3e-07,5.254448e-11,none,0.0,0.0,0.0,0.0,0.0,1.8,0.076,0.235662374,0.0,2.52,809.1,0.0,3,-27.952757828,4665.22592993,0.052323342,-3.8356e-05,-229000.0,-19.2905,29814.5,-0.019678,0.000132,-3.11e-07,0,solvent,0.0,0.0,0.0,0.0,0.054783425,0.094678512,-2.267329403,-0.384,0.00525,-6.37e-06,52.8786226,10719,1000.0,0.00611,189.88,189.88,-201600,505.98,0.0,0.0,0.0,0.0,0.0,5.459,0.30542,647.13,0.081,0.0,52100000.0,0.32,-0.212,0.258,0.0,0.999,1.087,-0.638,0.635,0.0,0.0,0.0,0.168272437,0.908482584,5.240427372,4,4C,0.296941807,0.000718744,0.0692,16655.0,12277.0,1.4515,0.67359,13855.59696,1.456360879,0.664155324,0.046473789,1,17.38710706,-6141.762746,0.0,0.0,0.0,0.0,0.0,0.0,0.0,0.0,0.0,0.0,0.0,no,1.0656,3.0007,366.51,0.034868,20790.8198,2.52,809.1,0.0,1.0,0,0.0,0.0,0.0,0.0,0.0,0.0,0.0,0.0,-262.49,140.52,0.0,0.0,0.0,276370.0,-2090.1,8.125,-0.014116,9.37e-06,0.923656,-0.37937,0.442429,52.419867266,12.0,6.0,0,0,0,0,0,0,0,0,0,0,0,0,0,0,0,0,0.0,0.0,IIYGOARYARWJBO-UHFFFAOYSA-N
285,"2,2,5-trimethylhexane",3522-94-9,HC,1288,C9H20,128.2551,0.6919,296.65,24.6,0.357,124,128.2551,547,Classic,1374.6,36.54003,-0.034802404,0.000116811,-1.3e-07,5.254448e-11,none,0.0,0.0,0.0,0.0,0.0,1.8,0.076,0.235662374,0.0,2.52,809.1,0.0,3,-27.952757828,4665.22592993,0.052323342,-3.8356e-05,-229000.0,-19.2905,29814.5,-0.019678,0.000132,-3.11e-07,0,solvent,0.0,0.0,0.0,0.0,0.054783425,0.094678512,-2.267329403,-0.384,0.00525,-6.37e-06,52.8786226,8129,1000.0,0.00611,167.3,167.3,-253300,461.93,0.0,0.0,0.0,0.0,0.0,5.459,0.30542,647.13,0.081,0.0,52100000.0,0.32,-0.212,0.258,0.0,0.999,1.087,-0.638,0.635,0.0,0.0,0.0,0.168272437,0.908482584,5.240427372,4,4C,0.296941807,0.000718744,0.0692,16655.0,12277.0,1.4515,0.67359,13855.59696,1.456360879,0.664155324,0.046473789,1,17.38710706,-6141.762746,0.0,0.0,0.0,0.0,0.0,0.0,0.0,0.0,0.0,0.0,0.0,no,1.0656,3.0007,366.51,0.034868,20790.8198,2.52,809.1,0.0,1.0,0,0.0,0.0,0.0,0.0,0.0,0.0,0.0,0.0,-262.49,140.52,0.0,0.0,0.0,276370.0,-2090.1,8.125,-0.014116,9.37e-06,0.923656,-0.37937,0.442429,52.419867266,12.0,6.0,0,0,0,0,0,0,0,0,0,0,0,0,0,0,0,0,0.0,0.0,HHOSMYBYIHNXNO-UHFFFAOYSA-N
286,"2,2,6-trimethyloctane",62016-28-8,HC,1289,C11H24,156.30826,0.7484,349.06,19.81,0.419,174,156.30826,634.5,Classic,1374.6,36.54003,-0.034802404,0.000116811,-1.3e-07,5.254448e-11,none,0.0,0.0,0.0,0.0,0.0,1.8,0.076,0.235662374,0.0,2.52,809.1,0.0,3,-27.952757828,4665.22592993,0.052323342,-3.8356e-05,-229000.0,-19.2905,29814.5,-0.019678,0.000132,-3.11e-07,0,solvent,0.0,0.0,0.0,0.0,0.054783425,0.094678512,-2.267329403,-0.384,0.00525,-6.37e-06,52.8786226,13309,1000.0,0.00611,201.15,201.15,-292200,544.6,0.0,0.0,0.0,0.0,0.0,5.459,0.30542,647.13,0.081,0.0,52100000.0,0.32,-0.212,0.258,0.0,0.999,1.087,-0.638,0.635,0.0,0.0,0.0,0.168272437,0.908482584,5.240427372,4,4C,0.296941807,0.000718744,0.0692,16655.0,12277.0,1.4515,0.67359,13855.59696,1.456360879,0.664155324,0.046473789,1,17.38710706,-6141.762746,0.0,0.0,0.0,0.0,0.0,0.0,0.0,0.0,0.0,0.0,0.0,no,1.0656,3.0007,366.51,0.034868,20790.8198,2.52,809.1,0.0,1.0,0,0.0,0.0,0.0,0.0,0.0,0.0,0.0,0.0,-262.49,140.52,0.0,0.0,0.0,276370.0,-2090.1,8.125,-0.014116,9.37e-06,0.923656,-0.37937,0.442429,52.419867266,12.0,6.0,0,0,0,0,0,0,0,0,0,0,0,0,0,0,0,0,0.0,0.0,NBIHFQKVSFKHGH-UHFFFAOYSA-N
287,"2,2-dimethyloctane",15869-87-1,HC,1290,C10H22,142.28168,0.7479,328.85,21.6,0.429,154,142.28168,574,Classic,1374.6,36.54003,-0.034802404,0.000116811,-1.3e-07,5.254448e-11,none,0.0,0.0,0.0,0.0,0.0,1.8,0.076,0.235662374,0.0,2.52,809.1,0.0,3,-27.952757828,4665.22592993,0.052323342,-3.8356e-05,-229000.0,-19.2905,29814.5,-0.019678,0.000132,-3.11e-07,0,solvent,0.0,0.0,0.0,0.0,0.054783425,0.094678512,-2.267329403,-0.384,0.00525,-6.37e-06,52.8786226,14242,1000.0,0.00611,204.88,204.88,-206300,512.15,0.0,0.0,0.0,0.0,0.0,5.459,0.30542,647.13,0.081,0.0,52100000.0,0.32,-0.212,0.258,0.0,0.999,1.087,-0.638,0.635,0.0,0.0,0.0,0.168272437,0.908482584,5.240427372,4,4C,0.296941807,0.000718744,0.0692,16655.0,12277.0,1.4515,0.67359,13855.59696,1.456360879,0.664155324,0.046473789,1,17.38710706,-6141.762746,0.0,0.0,0.0,0.0,0.0,0.0,0.0,0.0,0.0,0.0,0.0,no,1.0656,3.0007,366.51,0.034868,20790.8198,2.52,809.1,0.0,1.0,0,0.0,0.0,0.0,0.0,0.0,0.0,0.0,0.0,-262.49,140.52,0.0,0.0,0.0,276370.0,-2090.1,8.125,-0.014116,9.37e-06,0.923656,-0.37937,0.442429,52.419867266,12.0,6.0,0,0,0,0,0,0,0,0,0,0,0,0,0,0,0,0,0.0,0.0,GPBUTTSWJNPYJL-UHFFFAOYSA-N
288,"2,3,3-trimethyl-1-butene",594-56-9,HC,1291,C7H14,98.18606,0.707846,259.85,28.97895,0.192,77.8,98.18606,400,Classic,1374.6,36.54003,-0.034802404,0.000116811,-1.3e-07,5.254448e-11,none,0.0,0.0,0.0,0.0,0.0,1.8,0.076,0.235662374,0.0,2.52,809.1,0.0,3,-27.952757828,4665.22592993,0.052323342,-3.8356e-05,-229000.0,-19.2905,29814.5,-0.019678,0.000132,-3.11e-07,0,solvent,0.0,0.0,0.0,0.0,0.054783425,0.094678512,-2.267329403,-0.384,0.00525,-6.37e-06,52.8786226,3882,1000.0,0.00611,163.2,163.2,-85500,376.47,0.0,0.0,0.0,0.0,0.0,5.459,0.30542,647.13,0.081,0.0,52100000.0,0.32,-0.212,0.258,0.0,0.999,1.087,-0.638,0.635,0.0,0.0,0.0,0.168272437,0.908482584,5.240427372,4,4C,0.296941807,0.000718744,0.0692,16655.0,12277.0,1.4515,0.67359,13855.59696,1.456360879,0.664155324,0.046473789,1,17.38710706,-6141.762746,0.0,0.0,0.0,0.0,0.0,0.0,0.0,0.0,0.0,0.0,0.0,no,1.0656,3.0007,366.51,0.034868,20790.8198,2.52,809.1,0.0,1.0,0,0.0,0.0,0.0,0.0,0.0,0.0,0.0,0.0,-262.49,140.52,0.0,0.0,0.0,276370.0,-2090.1,8.125,-0.014116,9.37e-06,0.923656,-0.37937,0.442429,52.419867266,12.0,6.0,0,0,0,0,0,0,0,0,0,0,0,0,0,0,0,0,0.0,0.0,AUYRUAVCWOAHQN-UHFFFAOYSA-N
289,"2,3,3-trimethyloctane",62016-30-2,HC,1292,C11H24,156.30826,0.7514,360.19,19.81,0.419,182,156.30826,634.5,Classic,1374.6,36.54003,-0.034802404,0.000116811,-1.3e-07,5.254448e-11,none,0.0,0.0,0.0,0.0,0.0,1.8,0.076,0.235662374,0.0,2.52,809.1,0.0,3,-27.952757828,4665.22592993,0.052323342,-3.8356e-05,-229000.0,-19.2905,29814.5,-0.019678,0.000132,-3.11e-07,0,solvent,0.0,0.0,0.0,0.0,0.054783425,0.094678512,-2.267329403,-0.384,0.00525,-6.37e-06,52.8786226,13309,1000.0,0.00611,201.15,201.15,-279600,543.93,0.0,0.0,0.0,0.0,0.0,5.459,0.30542,647.13,0.081,0.0,52100000.0,0.32,-0.212,0.258,0.0,0.999,1.087,-0.638,0.635,0.0,0.0,0.0,0.168272437,0.908482584,5.240427372,4,4C,0.296941807,0.000718744,0.0692,16655.0,12277.0,1.4515,0.67359,13855.59696,1.456360879,0.664155324,0.046473789,1,17.38710706,-6141.762746,0.0,0.0,0.0,0.0,0.0,0.0,0.0,0.0,0.0,0.0,0.0,no,1.0656,3.0007,366.51,0.034868,20790.8198,2.52,809.1,0.0,1.0,0,0.0,0.0,0.0,0.0,0.0,0.0,0.0,0.0,-262.49,140.52,0.0,0.0,0.0,276370.0,-2090.1,8.125,-0.014116,9.37e-06,0.923656,-0.37937,0.442429,52.419867266,12.0,6.0,0,0,0,0,0,0,0,0,0,0,0,0,0,0,0,0,0.0,0.0,KFYWDCDWVPXXCA-UHFFFAOYSA-N
290,"2,3,3-trimethylpentane",560-21-4,HC,1293,C8H18,114.22852,0.729041,300.35,28.2,0.2867,114.7,114.22852,455,Classic,1374.6,36.54003,-0.034802404,0.000116811,-1.3e-07,5.254448e-11,none,0.0,0.0,0.0,0.0,0.0,1.8,0.076,0.235662374,0.0,2.52,809.1,0.0,3,-27.952757828,4665.22592993,0.052323342,-3.8356e-05,-229000.0,-19.2905,29814.5,-0.019678,0.000132,-3.11e-07,0,solvent,0.0,0.0,0.0,0.0,0.054783425,0.094678512,-2.267329403,-0.384,0.00525,-6.37e-06,52.8786226,5539,1000.0,0.00611,172.2,172.2,-216300,426.8,0.0,0.0,0.0,0.0,0.0,5.459,0.30542,647.13,0.081,0.0,52100000.0,0.32,-0.212,0.258,0.0,0.999,1.087,-0.638,0.635,0.0,0.0,0.0,0.168272437,0.908482584,5.240427372,4,4C,0.296941807,0.000718744,0.0692,16655.0,12277.0,1.4515,0.67359,13855.59696,1.456360879,0.664155324,0.046473789,1,17.38710706,-6141.762746,0.0,0.0,0.0,0.0,0.0,0.0,0.0,0.0,0.0,0.0,0.0,no,1.0656,3.0007,366.51,0.034868,20790.8198,2.52,809.1,0.0,1.0,0,0.0,0.0,0.0,0.0,0.0,0.0,0.0,0.0,-262.49,140.52,0.0,0.0,0.0,276370.0,-2090.1,8.125,-0.014116,9.37e-06,0.923656,-0.37937,0.442429,52.419867266,12.0,6.0,0,0,0,0,0,0,0,0,0,0,0,0,0,0,0,0,0.0,0.0,OKVWYBALHQFVFP-UHFFFAOYSA-N
291,"2,3,4-trimethyl-1,4-pentadiene",72014-90-5,HC,1294,C8H14,110.19676,0.7247,283.64396,28.173331,0.28001368,102.17,110.19676,441.5,Classic,1374.6,36.54003,-0.034802404,0.000116811,-1.3e-07,5.254448e-11,none,0.0,0.0,0.0,0.0,0.0,1.8,0.076,0.235662374,0.0,2.52,809.1,0.0,3,-27.952757828,4665.22592993,0.052323342,-3.8356e-05,-229000.0,-19.2905,29814.5,-0.019678,0.000132,-3.11e-07,0,solvent,0.0,0.0,0.0,0.0,0.054783425,0.094678512,-2.267329403,-0.384,0.00525,-6.37e-06,52.8786226,7773,1000.0,0.00611,133.48,133.48,17550,189.0,0.0,0.0,0.0,0.0,0.0,5.459,0.30542,647.13,0.081,0.0,52100000.0,0.32,-0.212,0.258,0.0,0.999,1.087,-0.638,0.635,0.0,0.0,0.0,0.168272437,0.908482584,5.240427372,4,4C,0.296941807,0.000718744,0.0692,16655.0,12277.0,1.4515,0.67359,13855.59696,1.456360879,0.664155324,0.046473789,1,17.38710706,-6141.762746,0.0,0.0,0.0,0.0,0.0,0.0,0.0,0.0,0.0,0.0,0.0,no,1.0656,3.0007,366.51,0.034868,20790.8198,2.52,809.1,0.0,1.0,0,0.0,0.0,0.0,0.0,0.0,0.0,0.0,0.0,-262.49,140.52,0.0,0.0,0.0,276370.0,-2090.1,8.125,-0.014116,9.37e-06,0.923656,-0.37937,0.442429,52.419867266,12.0,6.0,0,0,0,0,0,0,0,0,0,0,0,0,0,0,0,0,0.0,0.0,AFQPKTBBNYINMQ-UHFFFAOYSA-N
292,"2,3,5-trimethylhexane",1069-53-0,HC,1295,C9H20,128.2551,0.7476,306.05,24.01,0.364,131,128.2551,509,Classic,1374.6,36.54003,-0.034802404,0.000116811,-1.3e-07,5.254448e-11,none,0.0,0.0,0.0,0.0,0.0,1.8,0.076,0.235662374,0.0,2.52,809.1,0.0,3,-27.952757828,4665.22592993,0.052323342,-3.8356e-05,-229000.0,-19.2905,29814.5,-0.019678,0.000132,-3.11e-07,0,solvent,0.0,0.0,0.0,0.0,0.054783425,0.094678512,-2.267329403,-0.384,0.00525,-6.37e-06,52.8786226,8497,1000.0,0.00611,145.2,145.2,-242600,475.01,0.0,0.0,0.0,0.0,0.0,5.459,0.30542,647.13,0.081,0.0,52100000.0,0.32,-0.212,0.258,0.0,0.999,1.087,-0.638,0.635,0.0,0.0,0.0,0.168272437,0.908482584,5.240427372,4,4C,0.296941807,0.000718744,0.0692,16655.0,12277.0,1.4515,0.67359,13855.59696,1.456360879,0.664155324,0.046473789,1,17.38710706,-6141.762746,0.0,0.0,0.0,0.0,0.0,0.0,0.0,0.0,0.0,0.0,0.0,no,1.0656,3.0007,366.51,0.034868,20790.8198,2.52,809.1,0.0,1.0,0,0.0,0.0,0.0,0.0,0.0,0.0,0.0,0.0,-262.49,140.52,0.0,0.0,0.0,276370.0,-2090.1,8.125,-0.014116,9.37e-06,0.923656,-0.37937,0.442429,52.419867266,12.0,6.0,0,0,0,0,0,0,0,0,0,0,0,0,0,0,0,0,0.0,0.0,ODGLTLJZCVNPBU-UHFFFAOYSA-N
293,"2,3-dimethyl-1-hexene",16746-86-4,HC,1296,C8H16,112.21264,0.725051,287.85,27.6,0.325,111,112.21264,445,Classic,1374.6,36.54003,-0.034802404,0.000116811,-1.3e-07,5.254448e-11,none,0.0,0.0,0.0,0.0,0.0,1.8,0.076,0.235662374,0.0,2.52,809.1,0.0,3,-27.952757828,4665.22592993,0.052323342,-3.8356e-05,-229000.0,-19.2905,29814.5,-0.019678,0.000132,-3.11e-07,0,solvent,0.0,0.0,0.0,0.0,0.054783425,0.094678512,-2.267329403,-0.384,0.00525,-6.37e-06,52.8786226,10363,1000.0,0.00611,149.2,149.2,-103010,449.3,0.0,0.0,0.0,0.0,0.0,5.459,0.30542,647.13,0.081,0.0,52100000.0,0.32,-0.212,0.258,0.0,0.999,1.087,-0.638,0.635,0.0,0.0,0.0,0.168272437,0.908482584,5.240427372,4,4C,0.296941807,0.000718744,0.0692,16655.0,12277.0,1.4515,0.67359,13855.59696,1.456360879,0.664155324,0.046473789,1,17.38710706,-6141.762746,0.0,0.0,0.0,0.0,0.0,0.0,0.0,0.0,0.0,0.0,0.0,no,1.0656,3.0007,366.51,0.034868,20790.8198,2.52,809.1,0.0,1.0,0,0.0,0.0,0.0,0.0,0.0,0.0,0.0,0.0,-262.49,140.52,0.0,0.0,0.0,276370.0,-2090.1,8.125,-0.014116,9.37e-06,0.923656,-0.37937,0.442429,52.419867266,12.0,6.0,0,0,0,0,0,0,0,0,0,0,0,0,0,0,0,0,0.0,0.0,LVLXQRZPKUFJJQ-UHFFFAOYSA-N
294,"2,3-dimethyl-2-heptene",3074-64-4,HC,1297,C9H18,126.23922,0.737416,320.47,23.72,0.411,145.45815,126.23922,524.8,Classic,1374.6,36.54003,-0.034802404,0.000116811,-1.3e-07,5.254448e-11,none,0.0,0.0,0.0,0.0,0.0,1.8,0.076,0.235662374,0.0,2.52,809.1,0.0,3,-27.952757828,4665.22592993,0.052323342,-3.8356e-05,-229000.0,-19.2905,29814.5,-0.019678,0.000132,-3.11e-07,0,solvent,0.0,0.0,0.0,0.0,0.054783425,0.094678512,-2.267329403,-0.384,0.00525,-6.37e-06,52.8786226,16648,1000.0,0.00611,164.7,164.7,-131450,189.0,0.0,0.0,0.0,0.0,0.0,5.459,0.30542,647.13,0.081,0.0,52100000.0,0.32,-0.212,0.258,0.0,0.999,1.087,-0.638,0.635,0.0,0.0,0.0,0.168272437,0.908482584,5.240427372,4,4C,0.296941807,0.000718744,0.0692,16655.0,12277.0,1.4515,0.67359,13855.59696,1.456360879,0.664155324,0.046473789,1,17.38710706,-6141.762746,0.0,0.0,0.0,0.0,0.0,0.0,0.0,0.0,0.0,0.0,0.0,no,1.0656,3.0007,366.51,0.034868,20790.8198,2.52,809.1,0.0,1.0,0,0.0,0.0,0.0,0.0,0.0,0.0,0.0,0.0,-262.49,140.52,0.0,0.0,0.0,276370.0,-2090.1,8.125,-0.014116,9.37e-06,0.923656,-0.37937,0.442429,52.419867266,12.0,6.0,0,0,0,0,0,0,0,0,0,0,0,0,0,0,0,0,0.0,0.0,PTUNZAOKLBTUBF-UHFFFAOYSA-N
295,"2,3-dimethyl-2-octene",19781-18-1,HC,1298,C10H20,140.2658,0.7329,335.91282,22.334111,0.40175837,163.8094,140.2658,577.5,Classic,1374.6,36.54003,-0.034802404,0.000116811,-1.3e-07,5.254448e-11,none,0.0,0.0,0.0,0.0,0.0,1.8,0.076,0.235662374,0.0,2.52,809.1,0.0,3,-27.952757828,4665.22592993,0.052323342,-3.8356e-05,-229000.0,-19.2905,29814.5,-0.019678,0.000132,-3.11e-07,0,solvent,0.0,0.0,0.0,0.0,0.054783425,0.094678512,-2.267329403,-0.384,0.00525,-6.37e-06,52.8786226,19238,1000.0,0.00611,187.09246,187.09246,-152090,189.0,0.0,0.0,0.0,0.0,0.0,5.459,0.30542,647.13,0.081,0.0,52100000.0,0.32,-0.212,0.258,0.0,0.999,1.087,-0.638,0.635,0.0,0.0,0.0,0.168272437,0.908482584,5.240427372,4,4C,0.296941807,0.000718744,0.0692,16655.0,12277.0,1.4515,0.67359,13855.59696,1.456360879,0.664155324,0.046473789,1,17.38710706,-6141.762746,0.0,0.0,0.0,0.0,0.0,0.0,0.0,0.0,0.0,0.0,0.0,no,1.0656,3.0007,366.51,0.034868,20790.8198,2.52,809.1,0.0,1.0,0,0.0,0.0,0.0,0.0,0.0,0.0,0.0,0.0,-262.49,140.52,0.0,0.0,0.0,276370.0,-2090.1,8.125,-0.014116,9.37e-06,0.923656,-0.37937,0.442429,52.419867266,12.0,6.0,0,0,0,0,0,0,0,0,0,0,0,0,0,0,0,0,0.0,0.0,ZFMOZNIUEPVNCV-UHFFFAOYSA-N
296,"2,3-dimethyl-2-pentene",10574-37-5,HC,1299,C7H14,98.18606,0.6951,280.32,29.93,0.282,96,98.18606,409.5,Classic,1374.6,36.54003,-0.034802404,0.000116811,-1.3e-07,5.254448e-11,none,0.0,0.0,0.0,0.0,0.0,1.8,0.076,0.235662374,0.0,2.52,809.1,0.0,3,-27.952757828,4665.22592993,0.052323342,-3.8356e-05,-229000.0,-19.2905,29814.5,-0.019678,0.000132,-3.11e-07,0,solvent,0.0,0.0,0.0,0.0,0.054783425,0.094678512,-2.267329403,-0.384,0.00525,-6.37e-06,52.8786226,11468,1000.0,0.00611,155,155,-78540,422.05,0.0,0.0,0.0,0.0,0.0,5.459,0.30542,647.13,0.081,0.0,52100000.0,0.32,-0.212,0.258,0.0,0.999,1.087,-0.638,0.635,0.0,0.0,0.0,0.168272437,0.908482584,5.240427372,4,4C,0.296941807,0.000718744,0.0692,16655.0,12277.0,1.4515,0.67359,13855.59696,1.456360879,0.664155324,0.046473789,1,17.38710706,-6141.762746,0.0,0.0,0.0,0.0,0.0,0.0,0.0,0.0,0.0,0.0,0.0,no,1.0656,3.0007,366.51,0.034868,20790.8198,2.52,809.1,0.0,1.0,0,0.0,0.0,0.0,0.0,0.0,0.0,0.0,0.0,-262.49,140.52,0.0,0.0,0.0,276370.0,-2090.1,8.125,-0.014116,9.37e-06,0.923656,-0.37937,0.442429,52.419867266,12.0,6.0,0,0,0,0,0,0,0,0,0,0,0,0,0,0,0,0,0.0,0.0,WFHALSLYRWWUGH-UHFFFAOYSA-N
297,"2,3-dimethylheptane",3074-71-3,HC,1300,C9H20,128.2551,0.728664,315.65,23.9,0.385,140.6,128.2551,533,Classic,1374.6,36.54003,-0.034802404,0.000116811,-1.3e-07,5.254448e-11,none,0.0,0.0,0.0,0.0,0.0,1.8,0.076,0.235662374,0.0,2.52,809.1,0.0,3,-27.952757828,4665.22592993,0.052323342,-3.8356e-05,-229000.0,-19.2905,29814.5,-0.019678,0.000132,-3.11e-07,0,solvent,0.0,0.0,0.0,0.0,0.054783425,0.094678512,-2.267329403,-0.384,0.00525,-6.37e-06,52.8786226,12020,1000.0,0.00611,157.15,157.15,-179200,492.79,0.0,0.0,0.0,0.0,0.0,5.459,0.30542,647.13,0.081,0.0,52100000.0,0.32,-0.212,0.258,0.0,0.999,1.087,-0.638,0.635,0.0,0.0,0.0,0.168272437,0.908482584,5.240427372,4,4C,0.296941807,0.000718744,0.0692,16655.0,12277.0,1.4515,0.67359,13855.59696,1.456360879,0.664155324,0.046473789,1,17.38710706,-6141.762746,0.0,0.0,0.0,0.0,0.0,0.0,0.0,0.0,0.0,0.0,0.0,no,1.0656,3.0007,366.51,0.034868,20790.8198,2.52,809.1,0.0,1.0,0,0.0,0.0,0.0,0.0,0.0,0.0,0.0,0.0,-262.49,140.52,0.0,0.0,0.0,276370.0,-2090.1,8.125,-0.014116,9.37e-06,0.923656,-0.37937,0.442429,52.419867266,12.0,6.0,0,0,0,0,0,0,0,0,0,0,0,0,0,0,0,0,0.0,0.0,WBRFDUJXCLCKPX-UHFFFAOYSA-N
298,"2,3-dimethyloctane",7146-60-3,HC,1301,C10H22,142.28168,0.7201,339.95,21.73,0.433,164,142.28168,599,Classic,1374.6,36.54003,-0.034802404,0.000116811,-1.3e-07,5.254448e-11,none,0.0,0.0,0.0,0.0,0.0,1.8,0.076,0.235662374,0.0,2.52,809.1,0.0,3,-27.952757828,4665.22592993,0.052323342,-3.8356e-05,-229000.0,-19.2905,29814.5,-0.019678,0.000132,-3.11e-07,0,solvent,0.0,0.0,0.0,0.0,0.054783425,0.094678512,-2.267329403,-0.384,0.00525,-6.37e-06,52.8786226,14610,1000.0,0.00611,172.46,172.46,-194900,532.61,0.0,0.0,0.0,0.0,0.0,5.459,0.30542,647.13,0.081,0.0,52100000.0,0.32,-0.212,0.258,0.0,0.999,1.087,-0.638,0.635,0.0,0.0,0.0,0.168272437,0.908482584,5.240427372,4,4C,0.296941807,0.000718744,0.0692,16655.0,12277.0,1.4515,0.67359,13855.59696,1.456360879,0.664155324,0.046473789,1,17.38710706,-6141.762746,0.0,0.0,0.0,0.0,0.0,0.0,0.0,0.0,0.0,0.0,0.0,no,1.0656,3.0007,366.51,0.034868,20790.8198,2.52,809.1,0.0,1.0,0,0.0,0.0,0.0,0.0,0.0,0.0,0.0,0.0,-262.49,140.52,0.0,0.0,0.0,276370.0,-2090.1,8.125,-0.014116,9.37e-06,0.923656,-0.37937,0.442429,52.419867266,12.0,6.0,0,0,0,0,0,0,0,0,0,0,0,0,0,0,0,0,0.0,0.0,YPMNDMUOGQJCLW-UHFFFAOYSA-N
299,"2,4-dimethyl-1-heptene",19549-87-2,HC,1302,C9H18,126.23922,0.7256,301.93472,24.338427,0.37012315,128.49,126.23922,515.5,Classic,1374.6,36.54003,-0.034802404,0.000116811,-1.3e-07,5.254448e-11,none,0.0,0.0,0.0,0.0,0.0,1.8,0.076,0.235662374,0.0,2.52,809.1,0.0,3,-27.952757828,4665.22592993,0.052323342,-3.8356e-05,-229000.0,-19.2905,29814.5,-0.019678,0.000132,-3.11e-07,0,solvent,0.0,0.0,0.0,0.0,0.054783425,0.094678512,-2.267329403,-0.384,0.00525,-6.37e-06,52.8786226,12953,1000.0,0.00611,160.47,160.47,-118730,189.0,0.0,0.0,0.0,0.0,0.0,5.459,0.30542,647.13,0.081,0.0,52100000.0,0.32,-0.212,0.258,0.0,0.999,1.087,-0.638,0.635,0.0,0.0,0.0,0.168272437,0.908482584,5.240427372,4,4C,0.296941807,0.000718744,0.0692,16655.0,12277.0,1.4515,0.67359,13855.59696,1.456360879,0.664155324,0.046473789,1,17.38710706,-6141.762746,0.0,0.0,0.0,0.0,0.0,0.0,0.0,0.0,0.0,0.0,0.0,no,1.0656,3.0007,366.51,0.034868,20790.8198,2.52,809.1,0.0,1.0,0,0.0,0.0,0.0,0.0,0.0,0.0,0.0,0.0,-262.49,140.52,0.0,0.0,0.0,276370.0,-2090.1,8.125,-0.014116,9.37e-06,0.923656,-0.37937,0.442429,52.419867266,12.0,6.0,0,0,0,0,0,0,0,0,0,0,0,0,0,0,0,0,0.0,0.0,CZGAOHSMVSIJJZ-UHFFFAOYSA-N
300,"2,4-dimethylheptane",2213-23-2,HC,1303,C9H20,128.2551,0.717921,303.65,23.41,0.39,132,128.2551,517,Classic,1374.6,36.54003,-0.034802404,0.000116811,-1.3e-07,5.254448e-11,none,0.0,0.0,0.0,0.0,0.0,1.8,0.076,0.235662374,0.0,2.52,809.1,0.0,3,-27.952757828,4665.22592993,0.052323342,-3.8356e-05,-229000.0,-19.2905,29814.5,-0.019678,0.000132,-3.11e-07,0,solvent,0.0,0.0,0.0,0.0,0.054783425,0.094678512,-2.267329403,-0.384,0.00525,-6.37e-06,52.8786226,12020,1000.0,0.00611,161.19,161.19,-184600,485.07,0.0,0.0,0.0,0.0,0.0,5.459,0.30542,647.13,0.081,0.0,52100000.0,0.32,-0.212,0.258,0.0,0.999,1.087,-0.638,0.635,0.0,0.0,0.0,0.168272437,0.908482584,5.240427372,4,4C,0.296941807,0.000718744,0.0692,16655.0,12277.0,1.4515,0.67359,13855.59696,1.456360879,0.664155324,0.046473789,1,17.38710706,-6141.762746,0.0,0.0,0.0,0.0,0.0,0.0,0.0,0.0,0.0,0.0,0.0,no,1.0656,3.0007,366.51,0.034868,20790.8198,2.52,809.1,0.0,1.0,0,0.0,0.0,0.0,0.0,0.0,0.0,0.0,0.0,-262.49,140.52,0.0,0.0,0.0,276370.0,-2090.1,8.125,-0.014116,9.37e-06,0.923656,-0.37937,0.442429,52.419867266,12.0,6.0,0,0,0,0,0,0,0,0,0,0,0,0,0,0,0,0,0.0,0.0,AUKVIBNBLXQNIZ-UHFFFAOYSA-N
301,"2,4-dimethyloctane",4032-94-4,HC,1304,C10H22,142.28168,0.729041,326.85,21.7,0.435,154,142.28168,575,Classic,1374.6,36.54003,-0.034802404,0.000116811,-1.3e-07,5.254448e-11,none,0.0,0.0,0.0,0.0,0.0,1.8,0.076,0.235662374,0.0,2.52,809.1,0.0,3,-27.952757828,4665.22592993,0.052323342,-3.8356e-05,-229000.0,-19.2905,29814.5,-0.019678,0.000132,-3.11e-07,0,solvent,0.0,0.0,0.0,0.0,0.054783425,0.094678512,-2.267329403,-0.384,0.00525,-6.37e-06,52.8786226,14610,1000.0,0.00611,172.46,172.46,-200600,528.69,0.0,0.0,0.0,0.0,0.0,5.459,0.30542,647.13,0.081,0.0,52100000.0,0.32,-0.212,0.258,0.0,0.999,1.087,-0.638,0.635,0.0,0.0,0.0,0.168272437,0.908482584,5.240427372,4,4C,0.296941807,0.000718744,0.0692,16655.0,12277.0,1.4515,0.67359,13855.59696,1.456360879,0.664155324,0.046473789,1,17.38710706,-6141.762746,0.0,0.0,0.0,0.0,0.0,0.0,0.0,0.0,0.0,0.0,0.0,no,1.0656,3.0007,366.51,0.034868,20790.8198,2.52,809.1,0.0,1.0,0,0.0,0.0,0.0,0.0,0.0,0.0,0.0,0.0,-262.49,140.52,0.0,0.0,0.0,276370.0,-2090.1,8.125,-0.014116,9.37e-06,0.923656,-0.37937,0.442429,52.419867266,12.0,6.0,0,0,0,0,0,0,0,0,0,0,0,0,0,0,0,0,0.0,0.0,IXAVTTRPEXFVSX-UHFFFAOYSA-N
302,"2,5,6-trimethyloctane",62016-14-2,HC,1305,C11H24,156.30826,0.7522,350.75,19.75,0.449,178,156.30826,633.5,Classic,1374.6,36.54003,-0.034802404,0.000116811,-1.3e-07,5.254448e-11,none,0.0,0.0,0.0,0.0,0.0,1.8,0.076,0.235662374,0.0,2.52,809.1,0.0,3,-27.952757828,4665.22592993,0.052323342,-3.8356e-05,-229000.0,-19.2905,29814.5,-0.019678,0.000132,-3.11e-07,0,solvent,0.0,0.0,0.0,0.0,0.054783425,0.094678512,-2.267329403,-0.384,0.00525,-6.37e-06,52.8786226,13677,1000.0,0.00611,168.73,168.73,-281300,559.69,0.0,0.0,0.0,0.0,0.0,5.459,0.30542,647.13,0.081,0.0,52100000.0,0.32,-0.212,0.258,0.0,0.999,1.087,-0.638,0.635,0.0,0.0,0.0,0.168272437,0.908482584,5.240427372,4,4C,0.296941807,0.000718744,0.0692,16655.0,12277.0,1.4515,0.67359,13855.59696,1.456360879,0.664155324,0.046473789,1,17.38710706,-6141.762746,0.0,0.0,0.0,0.0,0.0,0.0,0.0,0.0,0.0,0.0,0.0,no,1.0656,3.0007,366.51,0.034868,20790.8198,2.52,809.1,0.0,1.0,0,0.0,0.0,0.0,0.0,0.0,0.0,0.0,0.0,-262.49,140.52,0.0,0.0,0.0,276370.0,-2090.1,8.125,-0.014116,9.37e-06,0.923656,-0.37937,0.442429,52.419867266,12.0,6.0,0,0,0,0,0,0,0,0,0,0,0,0,0,0,0,0,0.0,0.0,VHBZECSWMWWTMQ-UHFFFAOYSA-N
303,"2,5-dimethylheptane",2216-30-0,HC,1306,C9H20,128.2551,0.71975,307.95,23.51,0.393,135,128.2551,522,Classic,1374.6,36.54003,-0.034802404,0.000116811,-1.3e-07,5.254448e-11,none,0.0,0.0,0.0,0.0,0.0,1.8,0.076,0.235662374,0.0,2.52,809.1,0.0,3,-27.952757828,4665.22592993,0.052323342,-3.8356e-05,-229000.0,-19.2905,29814.5,-0.019678,0.000132,-3.11e-07,0,solvent,0.0,0.0,0.0,0.0,0.054783425,0.094678512,-2.267329403,-0.384,0.00525,-6.37e-06,52.8786226,12020,1000.0,0.00611,161.19,161.19,-183700,494.13,0.0,0.0,0.0,0.0,0.0,5.459,0.30542,647.13,0.081,0.0,52100000.0,0.32,-0.212,0.258,0.0,0.999,1.087,-0.638,0.635,0.0,0.0,0.0,0.168272437,0.908482584,5.240427372,4,4C,0.296941807,0.000718744,0.0692,16655.0,12277.0,1.4515,0.67359,13855.59696,1.456360879,0.664155324,0.046473789,1,17.38710706,-6141.762746,0.0,0.0,0.0,0.0,0.0,0.0,0.0,0.0,0.0,0.0,0.0,no,1.0656,3.0007,366.51,0.034868,20790.8198,2.52,809.1,0.0,1.0,0,0.0,0.0,0.0,0.0,0.0,0.0,0.0,0.0,-262.49,140.52,0.0,0.0,0.0,276370.0,-2090.1,8.125,-0.014116,9.37e-06,0.923656,-0.37937,0.442429,52.419867266,12.0,6.0,0,0,0,0,0,0,0,0,0,0,0,0,0,0,0,0,0.0,0.0,HQZHQNKZOYIKQC-UHFFFAOYSA-N
304,"2,5-dimethyloctane",15869-89-3,HC,1307,C10H22,142.28168,0.732822,329.85,21.7,0.44,157,142.28168,575,Classic,1374.6,36.54003,-0.034802404,0.000116811,-1.3e-07,5.254448e-11,none,0.0,0.0,0.0,0.0,0.0,1.8,0.076,0.235662374,0.0,2.52,809.1,0.0,3,-27.952757828,4665.22592993,0.052323342,-3.8356e-05,-229000.0,-19.2905,29814.5,-0.019678,0.000132,-3.11e-07,0,solvent,0.0,0.0,0.0,0.0,0.054783425,0.094678512,-2.267329403,-0.384,0.00525,-6.37e-06,52.8786226,14610,1000.0,0.00611,172.46,172.46,-199500,528.72,0.0,0.0,0.0,0.0,0.0,5.459,0.30542,647.13,0.081,0.0,52100000.0,0.32,-0.212,0.258,0.0,0.999,1.087,-0.638,0.635,0.0,0.0,0.0,0.168272437,0.908482584,5.240427372,4,4C,0.296941807,0.000718744,0.0692,16655.0,12277.0,1.4515,0.67359,13855.59696,1.456360879,0.664155324,0.046473789,1,17.38710706,-6141.762746,0.0,0.0,0.0,0.0,0.0,0.0,0.0,0.0,0.0,0.0,0.0,no,1.0656,3.0007,366.51,0.034868,20790.8198,2.52,809.1,0.0,1.0,0,0.0,0.0,0.0,0.0,0.0,0.0,0.0,0.0,-262.49,140.52,0.0,0.0,0.0,276370.0,-2090.1,8.125,-0.014116,9.37e-06,0.923656,-0.37937,0.442429,52.419867266,12.0,6.0,0,0,0,0,0,0,0,0,0,0,0,0,0,0,0,0,0.0,0.0,HOAAQUNESXYFDT-UHFFFAOYSA-N
305,"2,6-dimethyl-3-heptene",2738-18-3,HC,1308,C9H18,126.23922,0.7219,320.47,23.72,0.411,117.9500,126.23922,524.8,Classic,1374.6,36.54003,-0.034802404,0.000116811,-1.3e-07,5.254448e-11,none,0.0,0.0,0.0,0.0,0.0,1.8,0.076,0.235662374,0.0,2.52,809.1,0.0,3,-27.952757828,4665.22592993,0.052323342,-3.8356e-05,-229000.0,-19.2905,29814.5,-0.019678,0.000132,-3.11e-07,0,solvent,0.0,0.0,0.0,0.0,0.054783425,0.094678512,-2.267329403,-0.384,0.00525,-6.37e-06,52.8786226,12222,1000.0,0.00611,156.11,156.11,-122430,189.0,0.0,0.0,0.0,0.0,0.0,5.459,0.30542,647.13,0.081,0.0,52100000.0,0.32,-0.212,0.258,0.0,0.999,1.087,-0.638,0.635,0.0,0.0,0.0,0.168272437,0.908482584,5.240427372,4,4C,0.296941807,0.000718744,0.0692,16655.0,12277.0,1.4515,0.67359,13855.59696,1.456360879,0.664155324,0.046473789,1,17.38710706,-6141.762746,0.0,0.0,0.0,0.0,0.0,0.0,0.0,0.0,0.0,0.0,0.0,no,1.0656,3.0007,366.51,0.034868,20790.8198,2.52,809.1,0.0,1.0,0,0.0,0.0,0.0,0.0,0.0,0.0,0.0,0.0,-262.49,140.52,0.0,0.0,0.0,276370.0,-2090.1,8.125,-0.014116,9.37e-06,0.923656,-0.37937,0.442429,52.419867266,12.0,6.0,0,0,0,0,0,0,0,0,0,0,0,0,0,0,0,0,0.0,0.0,KDISTZUHDQPXDE-UHFFFAOYSA-N
306,"2,6-dimethyloctane",2051-30-1,HC,1309,C10H22,142.28168,0.730549,329.95,21.49995,0.4442,158,142.28168,576,Classic,1374.6,36.54003,-0.034802404,0.000116811,-1.3e-07,5.254448e-11,none,0.0,0.0,0.0,0.0,0.0,1.8,0.076,0.235662374,0.0,2.52,809.1,0.0,3,-27.952757828,4665.22592993,0.052323342,-3.8356e-05,-229000.0,-19.2905,29814.5,-0.019678,0.000132,-3.11e-07,0,solvent,0.0,0.0,0.0,0.0,0.054783425,0.094678512,-2.267329403,-0.384,0.00525,-6.37e-06,52.8786226,14610,1000.0,0.00611,172.46,172.46,-199300,528.72,0.0,0.0,0.0,0.0,0.0,5.459,0.30542,647.13,0.081,0.0,52100000.0,0.32,-0.212,0.258,0.0,0.999,1.087,-0.638,0.635,0.0,0.0,0.0,0.168272437,0.908482584,5.240427372,4,4C,0.296941807,0.000718744,0.0692,16655.0,12277.0,1.4515,0.67359,13855.59696,1.456360879,0.664155324,0.046473789,1,17.38710706,-6141.762746,0.0,0.0,0.0,0.0,0.0,0.0,0.0,0.0,0.0,0.0,0.0,no,1.0656,3.0007,366.51,0.034868,20790.8198,2.52,809.1,0.0,1.0,0,0.0,0.0,0.0,0.0,0.0,0.0,0.0,0.0,-262.49,140.52,0.0,0.0,0.0,276370.0,-2090.1,8.125,-0.014116,9.37e-06,0.923656,-0.37937,0.442429,52.419867266,12.0,6.0,0,0,0,0,0,0,0,0,0,0,0,0,0,0,0,0,0.0,0.0,ZALHPSXXQIPKTQ-UHFFFAOYSA-N
307,2-hexene,4050-45-7,HC,1310,C6H12,84.15948,0.68121,235.85,31.6,0.299,67.85,84.15948,353,Classic,1374.6,36.54003,-0.034802404,0.000116811,-1.3e-07,5.254448e-11,none,0.0,0.0,0.0,0.0,0.0,1.8,0.076,0.235662374,0.0,2.52,809.1,0.0,3,-27.952757828,4665.22592993,0.052323342,-3.8356e-05,-229000.0,-19.2905,29814.5,-0.019678,0.000132,-3.11e-07,0,solvent,0.0,0.0,0.0,0.0,0.054783425,0.094678512,-2.267329403,-0.384,0.00525,-6.37e-06,52.8786226,11498,1000.0,0.00611,140.15,140.15,-53900,383.84,0.0,0.0,0.0,0.0,0.0,5.459,0.30542,647.13,0.081,0.0,52100000.0,0.32,-0.212,0.258,0.0,0.999,1.087,-0.638,0.635,0.0,0.0,0.0,0.168272437,0.908482584,5.240427372,4,4C,0.296941807,0.000718744,0.0692,16655.0,12277.0,1.4515,0.67359,13855.59696,1.456360879,0.664155324,0.046473789,1,17.38710706,-6141.762746,0.0,0.0,0.0,0.0,0.0,0.0,0.0,0.0,0.0,0.0,0.0,no,1.0656,3.0007,366.51,0.034868,20790.8198,2.52,809.1,0.0,1.0,0,0.0,0.0,0.0,0.0,0.0,0.0,0.0,0.0,-262.49,140.52,0.0,0.0,0.0,276370.0,-2090.1,8.125,-0.014116,9.37e-06,0.923656,-0.37937,0.442429,52.419867266,12.0,6.0,0,0,0,0,0,0,0,0,0,0,0,0,0,0,0,0,0.0,0.0,RYPKRALMXUUNKS-UHFFFAOYSA-N
308,2-methyl-1-butene,563-46-2,HC,1311,C5H10,70.1329,0.65438,191.85,34.4505,0.232,31.1,70.1329,294,Classic,1374.6,36.54003,-0.034802404,0.000116811,-1.3e-07,5.254448e-11,none,0.0,0.0,0.0,0.0,0.0,0.509647324052,0.076,0.235662374,0.0,2.52,809.1,0.0,3,-27.952757828,4665.22592993,0.052323342,-3.8356e-05,-229000.0,-19.2905,29814.5,-0.019678,0.000132,-3.11e-07,0,solvent,0.0,0.0,0.0,0.0,0.054783425,0.094678512,-2.267329403,-0.384,0.00525,-6.37e-06,52.8786226,7910,1000.0,0.00611,135.634064,135.9,-35200,339.65,0.0,0.0,0.0,0.0,0.0,5.459,0.30542,647.13,0.081,0.0,52100000.0,0.32,-0.212,0.258,0.0,0.999,1.087,-0.638,0.635,0.0,0.0,0.0,0.168272437,0.908482584,5.240427372,4,4C,0.296941807,0.000718744,0.0692,16655.0,12277.0,1.4515,0.67359,13855.59696,1.456360879,0.664155324,0.046473789,1,17.38710706,-6141.762746,0.0,0.0,0.0,0.0,0.0,0.0,0.0,0.0,0.0,0.0,0.0,no,1.0656,3.0007,366.51,0.034868,20790.8198,2.52,809.1,0.0,1.0,0,0.0,0.0,0.0,0.0,0.0,0.0,0.0,0.0,-262.49,140.52,0.0,0.0,0.0,276370.0,-2090.1,8.125,-0.014116,9.37e-06,0.923656,-0.37937,0.442429,52.419867266,12.0,6.0,0,0,0,0,0,0,0,0,0,0,0,0,0,0,0,0,0.0,0.0,MHNNAWXXUZQSNM-UHFFFAOYSA-N
309,2-methyl-1-heptene,15870-10-7,HC,1312,C8H16,112.21264,0.723439,294.35,26,0.355,119,112.21264,466,Classic,1374.6,36.54003,-0.034802404,0.000116811,-1.3e-07,5.254448e-11,none,0.0,0.0,0.0,0.0,0.0,1.8,0.076,0.235662374,0.0,2.52,809.1,0.0,3,-27.952757828,4665.22592993,0.052323342,-3.8356e-05,-229000.0,-19.2905,29814.5,-0.019678,0.000132,-3.11e-07,0,solvent,0.0,0.0,0.0,0.0,0.054783425,0.094678512,-2.267329403,-0.384,0.00525,-6.37e-06,52.8786226,13886,1000.0,0.00611,183.15,183.15,-96940,458.86,0.0,0.0,0.0,0.0,0.0,5.459,0.30542,647.13,0.081,0.0,52100000.0,0.32,-0.212,0.258,0.0,0.999,1.087,-0.638,0.635,0.0,0.0,0.0,0.168272437,0.908482584,5.240427372,4,4C,0.296941807,0.000718744,0.0692,16655.0,12277.0,1.4515,0.67359,13855.59696,1.456360879,0.664155324,0.046473789,1,17.38710706,-6141.762746,0.0,0.0,0.0,0.0,0.0,0.0,0.0,0.0,0.0,0.0,0.0,no,1.0656,3.0007,366.51,0.034868,20790.8198,2.52,809.1,0.0,1.0,0,0.0,0.0,0.0,0.0,0.0,0.0,0.0,0.0,-262.49,140.52,0.0,0.0,0.0,276370.0,-2090.1,8.125,-0.014116,9.37e-06,0.923656,-0.37937,0.442429,52.419867266,12.0,6.0,0,0,0,0,0,0,0,0,0,0,0,0,0,0,0,0,0.0,0.0,RCBGGJURENJHKV-UHFFFAOYSA-N
310,2-methyl-1-hexene,6094-02-6,HC,1313,C7H14,98.18606,0.70677,268.85,29,0.309,92,98.18606,407,Classic,1374.6,36.54003,-0.034802404,0.000116811,-1.3e-07,5.254448e-11,none,0.0,0.0,0.0,0.0,0.0,1.8,0.076,0.235662374,0.0,2.52,809.1,0.0,3,-27.952757828,4665.22592993,0.052323342,-3.8356e-05,-229000.0,-19.2905,29814.5,-0.019678,0.000132,-3.11e-07,0,solvent,0.0,0.0,0.0,0.0,0.054783425,0.094678512,-2.267329403,-0.384,0.00525,-6.37e-06,52.8786226,11296,1000.0,0.00611,170.25,170.25,-76230,400.69,0.0,0.0,0.0,0.0,0.0,5.459,0.30542,647.13,0.081,0.0,52100000.0,0.32,-0.212,0.258,0.0,0.999,1.087,-0.638,0.635,0.0,0.0,0.0,0.168272437,0.908482584,5.240427372,4,4C,0.296941807,0.000718744,0.0692,16655.0,12277.0,1.4515,0.67359,13855.59696,1.456360879,0.664155324,0.046473789,1,17.38710706,-6141.762746,0.0,0.0,0.0,0.0,0.0,0.0,0.0,0.0,0.0,0.0,0.0,no,1.0656,3.0007,366.51,0.034868,20790.8198,2.52,809.1,0.0,1.0,0,0.0,0.0,0.0,0.0,0.0,0.0,0.0,0.0,-262.49,140.52,0.0,0.0,0.0,276370.0,-2090.1,8.125,-0.014116,9.37e-06,0.923656,-0.37937,0.442429,52.419867266,12.0,6.0,0,0,0,0,0,0,0,0,0,0,0,0,0,0,0,0,0.0,0.0,IRUDSQHLKGNCGF-UHFFFAOYSA-N
311,2-methyl-1-pentene,763-29-1,HC,1314,C6H12,84.15948,0.684583,231.85,32.93063,0.274,62.1,84.15948,351,Classic,1374.6,36.54003,-0.034802404,0.000116811,-1.3e-07,5.254448e-11,none,0.0,0.0,0.0,0.0,0.0,1.8,0.076,0.235662374,0.0,2.52,809.1,0.0,3,-27.952757828,4665.22592993,0.052323342,-3.8356e-05,-229000.0,-19.2905,29814.5,-0.019678,0.000132,-3.11e-07,0,solvent,0.0,0.0,0.0,0.0,0.054783425,0.094678512,-2.267329403,-0.384,0.00525,-6.37e-06,52.8786226,8706,1000.0,0.00611,137.15,137.15,-59400,381.83,0.0,0.0,0.0,0.0,0.0,5.459,0.30542,647.13,0.081,0.0,52100000.0,0.32,-0.212,0.258,0.0,0.999,1.087,-0.638,0.635,0.0,0.0,0.0,0.168272437,0.908482584,5.240427372,4,4C,0.296941807,0.000718744,0.0692,16655.0,12277.0,1.4515,0.67359,13855.59696,1.456360879,0.664155324,0.046473789,1,17.38710706,-6141.762746,0.0,0.0,0.0,0.0,0.0,0.0,0.0,0.0,0.0,0.0,0.0,no,1.0656,3.0007,366.51,0.034868,20790.8198,2.52,809.1,0.0,1.0,0,0.0,0.0,0.0,0.0,0.0,0.0,0.0,0.0,-262.49,140.52,0.0,0.0,0.0,276370.0,-2090.1,8.125,-0.014116,9.37e-06,0.923656,-0.37937,0.442429,52.419867266,12.0,6.0,0,0,0,0,0,0,0,0,0,0,0,0,0,0,0,0,0.0,0.0,WWUVJRULCWHUSA-UHFFFAOYSA-N
312,2-methyl-2-butene,513-35-9,HC,1315,C5H10,70.1329,0.666109,196.85,34.2,0.285,38.5,70.1329,299,Classic,1374.6,36.54003,-0.034802404,0.000116811,-1.3e-07,5.254448e-11,none,0.0,0.0,0.0,0.0,0.0,0.338765574223,0.076,0.235662374,0.0,2.52,809.1,0.0,3,-27.952757828,4665.22592993,0.052323342,-3.8356e-05,-229000.0,-19.2905,29814.5,-0.019678,0.000132,-3.11e-07,0,solvent,0.0,0.0,0.0,0.0,0.054783425,0.094678512,-2.267329403,-0.384,0.00525,-6.37e-06,52.8786226,7600,1000.0,0.00611,139.434009,139.15,-41700,338.65,0.0,0.0,0.0,0.0,0.0,5.459,0.30542,647.13,0.081,0.0,52100000.0,0.32,-0.212,0.258,0.0,0.999,1.087,-0.638,0.635,0.0,0.0,0.0,0.168272437,0.908482584,5.240427372,4,4C,0.296941807,0.000718744,0.0692,16655.0,12277.0,1.4515,0.67359,13855.59696,1.456360879,0.664155324,0.046473789,1,17.38710706,-6141.762746,0.0,0.0,0.0,0.0,0.0,0.0,0.0,0.0,0.0,0.0,0.0,no,1.0656,3.0007,366.51,0.034868,20790.8198,2.52,809.1,0.0,1.0,0,0.0,0.0,0.0,0.0,0.0,0.0,0.0,0.0,-262.49,140.52,0.0,0.0,0.0,276370.0,-2090.1,8.125,-0.014116,9.37e-06,0.923656,-0.37937,0.442429,52.419867266,12.0,6.0,0,0,0,0,0,0,0,0,0,0,0,0,0,0,0,0,0.0,0.0,BKOOMYPCSUNDGP-UHFFFAOYSA-N
313,2-methyl-2-hexene,2738-19-4,HC,1316,C7H14,98.18606,0.6964,273.62,29.76,0.307,95,98.18606,408.5,Classic,1374.6,36.54003,-0.034802404,0.000116811,-1.3e-07,5.254448e-11,none,0.0,0.0,0.0,0.0,0.0,1.8,0.076,0.235662374,0.0,2.52,809.1,0.0,3,-27.952757828,4665.22592993,0.052323342,-3.8356e-05,-229000.0,-19.2905,29814.5,-0.019678,0.000132,-3.11e-07,0,solvent,0.0,0.0,0.0,0.0,0.054783425,0.094678512,-2.267329403,-0.384,0.00525,-6.37e-06,52.8786226,12778,1000.0,0.00611,143.15,143.15,-87950,399.75,0.0,0.0,0.0,0.0,0.0,5.459,0.30542,647.13,0.081,0.0,52100000.0,0.32,-0.212,0.258,0.0,0.999,1.087,-0.638,0.635,0.0,0.0,0.0,0.168272437,0.908482584,5.240427372,4,4C,0.296941807,0.000718744,0.0692,16655.0,12277.0,1.4515,0.67359,13855.59696,1.456360879,0.664155324,0.046473789,1,17.38710706,-6141.762746,0.0,0.0,0.0,0.0,0.0,0.0,0.0,0.0,0.0,0.0,0.0,no,1.0656,3.0007,366.51,0.034868,20790.8198,2.52,809.1,0.0,1.0,0,0.0,0.0,0.0,0.0,0.0,0.0,0.0,0.0,-262.49,140.52,0.0,0.0,0.0,276370.0,-2090.1,8.125,-0.014116,9.37e-06,0.923656,-0.37937,0.442429,52.419867266,12.0,6.0,0,0,0,0,0,0,0,0,0,0,0,0,0,0,0,0,0.0,0.0,BWEKDYGHDCHWEN-UHFFFAOYSA-N
314,2-methyl-2-octene,16993-86-5,HC,1317,C9H18,126.23922,0.7307,310.92922,24.386526,0.49009629,144.85,126.23922,520.5,Classic,1374.6,36.54003,-0.034802404,0.000116811,-1.3e-07,5.254448e-11,none,0.0,0.0,0.0,0.0,0.0,1.8,0.076,0.235662374,0.0,2.52,809.1,0.0,3,-27.952757828,4665.22592993,0.052323342,-3.8356e-05,-229000.0,-19.2905,29814.5,-0.019678,0.000132,-3.11e-07,0,solvent,0.0,0.0,0.0,0.0,0.054783425,0.094678512,-2.267329403,-0.384,0.00525,-6.37e-06,52.8786226,17958,1000.0,0.00611,172.15,172.15,-121660,189.0,0.0,0.0,0.0,0.0,0.0,5.459,0.30542,647.13,0.081,0.0,52100000.0,0.32,-0.212,0.258,0.0,0.999,1.087,-0.638,0.635,0.0,0.0,0.0,0.168272437,0.908482584,5.240427372,4,4C,0.296941807,0.000718744,0.0692,16655.0,12277.0,1.4515,0.67359,13855.59696,1.456360879,0.664155324,0.046473789,1,17.38710706,-6141.762746,0.0,0.0,0.0,0.0,0.0,0.0,0.0,0.0,0.0,0.0,0.0,no,1.0656,3.0007,366.51,0.034868,20790.8198,2.52,809.1,0.0,1.0,0,0.0,0.0,0.0,0.0,0.0,0.0,0.0,0.0,-262.49,140.52,0.0,0.0,0.0,276370.0,-2090.1,8.125,-0.014116,9.37e-06,0.923656,-0.37937,0.442429,52.419867266,12.0,6.0,0,0,0,0,0,0,0,0,0,0,0,0,0,0,0,0,0.0,0.0,YBOZNTGUYASNRA-UHFFFAOYSA-N
315,2-methyl-2-pentene,625-27-4,HC,1318,C6H12,84.15948,0.689864,236.15,32.6,0.229,67.3,84.15948,348,Classic,1374.6,36.54003,-0.034802404,0.000116811,-1.3e-07,5.254448e-11,none,0.0,0.0,0.0,0.0,0.0,1.8,0.076,0.235662374,0.0,2.52,809.1,0.0,3,-27.952757828,4665.22592993,0.052323342,-3.8356e-05,-229000.0,-19.2905,29814.5,-0.019678,0.000132,-3.11e-07,0,solvent,0.0,0.0,0.0,0.0,0.054783425,0.094678512,-2.267329403,-0.384,0.00525,-6.37e-06,52.8786226,10188,1000.0,0.00611,138.15,138.15,-66900,379.14,0.0,0.0,0.0,0.0,0.0,5.459,0.30542,647.13,0.081,0.0,52100000.0,0.32,-0.212,0.258,0.0,0.999,1.087,-0.638,0.635,0.0,0.0,0.0,0.168272437,0.908482584,5.240427372,4,4C,0.296941807,0.000718744,0.0692,16655.0,12277.0,1.4515,0.67359,13855.59696,1.456360879,0.664155324,0.046473789,1,17.38710706,-6141.762746,0.0,0.0,0.0,0.0,0.0,0.0,0.0,0.0,0.0,0.0,0.0,no,1.0656,3.0007,366.51,0.034868,20790.8198,2.52,809.1,0.0,1.0,0,0.0,0.0,0.0,0.0,0.0,0.0,0.0,0.0,-262.49,140.52,0.0,0.0,0.0,276370.0,-2090.1,8.125,-0.014116,9.37e-06,0.923656,-0.37937,0.442429,52.419867266,12.0,6.0,0,0,0,0,0,0,0,0,0,0,0,0,0,0,0,0,0.0,0.0,JMMZCWZIJXAGKW-UHFFFAOYSA-N
316,2-methylnaphthalene,91-57-6,HC,1319,C11H10,142.1971,1.0049,487.85,33.7,0.3464,241.1,142.1971,464,Classic,1374.6,36.54003,-0.034802404,0.000116811,-1.3e-07,5.254448e-11,none,0.0,0.0,0.0,0.0,0.0,0.4,0.076,0.235662374,0.0,2.52,809.1,0.0,3,-27.952757828,4665.22592993,0.052323342,-3.8356e-05,-229000.0,-19.2905,29814.5,-0.019678,0.000132,-3.11e-07,0,solvent,0.0,0.0,0.0,0.0,0.054783425,0.094678512,-2.267329403,-0.384,0.00525,-6.37e-06,52.8786226,12130,1000.0,0.00611,307.70106,306.85,106700,381,0.0,0.0,0.0,0.0,0.0,5.459,0.30542,647.13,0.081,0.0,52100000.0,0.32,-0.212,0.258,0.0,0.999,1.087,-0.638,0.635,0.0,0.0,0.0,0.168272437,0.908482584,5.240427372,4,4C,0.296941807,0.000718744,0.0692,16655.0,12277.0,1.4515,0.67359,13855.59696,1.456360879,0.664155324,0.046473789,1,17.38710706,-6141.762746,0.0,0.0,0.0,0.0,0.0,0.0,0.0,0.0,0.0,0.0,0.0,no,1.0656,3.0007,366.51,0.034868,20790.8198,2.52,809.1,0.0,1.0,0,0.0,0.0,0.0,0.0,0.0,0.0,0.0,0.0,-262.49,140.52,0.0,0.0,0.0,276370.0,-2090.1,8.125,-0.014116,9.37e-06,0.923656,-0.37937,0.442429,52.419867266,12.0,6.0,0,0,0,0,0,0,0,0,0,0,0,0,0,0,0,0,0.0,0.0,QIMMUPPBPVKWKM-UHFFFAOYSA-N
317,"3,3-dimethyl-1-butene",558-37-2,HC,1320,C6H12,84.15948,0.657119,204.25,31.8,0.1207,41.24,84.15948,348,Classic,1374.6,36.54003,-0.034802404,0.000116811,-1.3e-07,5.254448e-11,none,0.0,0.0,0.0,0.0,0.0,1.8,0.076,0.235662374,0.0,2.52,809.1,0.0,3,-27.952757828,4665.22592993,0.052323342,-3.8356e-05,-229000.0,-19.2905,29814.5,-0.019678,0.000132,-3.11e-07,0,solvent,0.0,0.0,0.0,0.0,0.054783425,0.094678512,-2.267329403,-0.384,0.00525,-6.37e-06,52.8786226,2602,1000.0,0.00611,158.4,158.15,-60300,343.76,0.0,0.0,0.0,0.0,0.0,5.459,0.30542,647.13,0.081,0.0,52100000.0,0.32,-0.212,0.258,0.0,0.999,1.087,-0.638,0.635,0.0,0.0,0.0,0.168272437,0.908482584,5.240427372,4,4C,0.296941807,0.000718744,0.0692,16655.0,12277.0,1.4515,0.67359,13855.59696,1.456360879,0.664155324,0.046473789,1,17.38710706,-6141.762746,0.0,0.0,0.0,0.0,0.0,0.0,0.0,0.0,0.0,0.0,0.0,no,1.0656,3.0007,366.51,0.034868,20790.8198,2.52,809.1,0.0,1.0,0,0.0,0.0,0.0,0.0,0.0,0.0,0.0,0.0,-262.49,140.52,0.0,0.0,0.0,276370.0,-2090.1,8.125,-0.014116,9.37e-06,0.923656,-0.37937,0.442429,52.419867266,12.0,6.0,0,0,0,0,0,0,0,0,0,0,0,0,0,0,0,0,0.0,0.0,PKXHXOTZMFCXSH-UHFFFAOYSA-N
318,"3,3-dimethyl-1-pentene",3404-73-7,HC,1321,C7H14,98.18606,0.7024,254.59,29.89,0.253,77,98.18606,397.5,Classic,1374.6,36.54003,-0.034802404,0.000116811,-1.3e-07,5.254448e-11,none,0.0,0.0,0.0,0.0,0.0,1.8,0.076,0.235662374,0.0,2.52,809.1,0.0,3,-27.952757828,4665.22592993,0.052323342,-3.8356e-05,-229000.0,-19.2905,29814.5,-0.019678,0.000132,-3.11e-07,0,solvent,0.0,0.0,0.0,0.0,0.054783425,0.094678512,-2.267329403,-0.384,0.00525,-6.37e-06,52.8786226,5192,1000.0,0.00611,139,139,-78080,378.25,0.0,0.0,0.0,0.0,0.0,5.459,0.30542,647.13,0.081,0.0,52100000.0,0.32,-0.212,0.258,0.0,0.999,1.087,-0.638,0.635,0.0,0.0,0.0,0.168272437,0.908482584,5.240427372,4,4C,0.296941807,0.000718744,0.0692,16655.0,12277.0,1.4515,0.67359,13855.59696,1.456360879,0.664155324,0.046473789,1,17.38710706,-6141.762746,0.0,0.0,0.0,0.0,0.0,0.0,0.0,0.0,0.0,0.0,0.0,no,1.0656,3.0007,366.51,0.034868,20790.8198,2.52,809.1,0.0,1.0,0,0.0,0.0,0.0,0.0,0.0,0.0,0.0,0.0,-262.49,140.52,0.0,0.0,0.0,276370.0,-2090.1,8.125,-0.014116,9.37e-06,0.923656,-0.37937,0.442429,52.419867266,12.0,6.0,0,0,0,0,0,0,0,0,0,0,0,0,0,0,0,0,0.0,0.0,TXBZITDWMURSEF-UHFFFAOYSA-N
319,"3,5-dimethyl-3-heptene",59643-68-4,HC,1322,C9H18,126.23922,0.7304,314.50655,24.580358,0.36005516,135.97,126.23922,514.5,Classic,1374.6,36.54003,-0.034802404,0.000116811,-1.3e-07,5.254448e-11,none,0.0,0.0,0.0,0.0,0.0,1.8,0.076,0.235662374,0.0,2.52,809.1,0.0,3,-27.952757828,4665.22592993,0.052323342,-3.8356e-05,-229000.0,-19.2905,29814.5,-0.019678,0.000132,-3.11e-07,0,solvent,0.0,0.0,0.0,0.0,0.054783425,0.094678512,-2.267329403,-0.384,0.00525,-6.37e-06,52.8786226,14435,1000.0,0.00611,157.15,157.15,-126940,189.0,0.0,0.0,0.0,0.0,0.0,5.459,0.30542,647.13,0.081,0.0,52100000.0,0.32,-0.212,0.258,0.0,0.999,1.087,-0.638,0.635,0.0,0.0,0.0,0.168272437,0.908482584,5.240427372,4,4C,0.296941807,0.000718744,0.0692,16655.0,12277.0,1.4515,0.67359,13855.59696,1.456360879,0.664155324,0.046473789,1,17.38710706,-6141.762746,0.0,0.0,0.0,0.0,0.0,0.0,0.0,0.0,0.0,0.0,0.0,no,1.0656,3.0007,366.51,0.034868,20790.8198,2.52,809.1,0.0,1.0,0,0.0,0.0,0.0,0.0,0.0,0.0,0.0,0.0,-262.49,140.52,0.0,0.0,0.0,276370.0,-2090.1,8.125,-0.014116,9.37e-06,0.923656,-0.37937,0.442429,52.419867266,12.0,6.0,0,0,0,0,0,0,0,0,0,0,0,0,0,0,0,0,0.0,0.0,OXOLZWHOQAEIAW-UHFFFAOYSA-N
320,"3,5-dimethylcyclopentene",7459-71-4,HC,1323,C7H12,96.17018,0.7714,291.88576,34.318868,0.091511693,79.85,96.17018,353.5,Classic,1374.6,36.54003,-0.034802404,0.000116811,-1.3e-07,5.254448e-11,none,0.0,0.0,0.0,0.0,0.0,1.8,0.076,0.235662374,0.0,2.52,809.1,0.0,3,-27.952757828,4665.22592993,0.052323342,-3.8356e-05,-229000.0,-19.2905,29814.5,-0.019678,0.000132,-3.11e-07,0,solvent,0.0,0.0,0.0,0.0,0.054783425,0.094678512,-2.267329403,-0.384,0.00525,-6.37e-06,52.8786226,10114,1000.0,0.00611,176.07,176.07,-89890,189.0,0.0,0.0,0.0,0.0,0.0,5.459,0.30542,647.13,0.081,0.0,52100000.0,0.32,-0.212,0.258,0.0,0.999,1.087,-0.638,0.635,0.0,0.0,0.0,0.168272437,0.908482584,5.240427372,4,4C,0.296941807,0.000718744,0.0692,16655.0,12277.0,1.4515,0.67359,13855.59696,1.456360879,0.664155324,0.046473789,1,17.38710706,-6141.762746,0.0,0.0,0.0,0.0,0.0,0.0,0.0,0.0,0.0,0.0,0.0,no,1.0656,3.0007,366.51,0.034868,20790.8198,2.52,809.1,0.0,1.0,0,0.0,0.0,0.0,0.0,0.0,0.0,0.0,0.0,-262.49,140.52,0.0,0.0,0.0,276370.0,-2090.1,8.125,-0.014116,9.37e-06,0.923656,-0.37937,0.442429,52.419867266,12.0,6.0,0,0,0,0,0,0,0,0,0,0,0,0,0,0,0,0,0.0,0.0,PUPAPFTXLYVYPX-UHFFFAOYSA-N
321,3-ethyl-2-pentene,816-79-5,HC,1324,C7H14,98.18606,0.6968,274.51,29.76,0.307,95,98.18606,408.5,Classic,1374.6,36.54003,-0.034802404,0.000116811,-1.3e-07,5.254448e-11,none,0.0,0.0,0.0,0.0,0.0,1.8,0.076,0.235662374,0.0,2.52,809.1,0.0,3,-27.952757828,4665.22592993,0.052323342,-3.8356e-05,-229000.0,-19.2905,29814.5,-0.019678,0.000132,-3.11e-07,0,solvent,0.0,0.0,0.0,0.0,0.054783425,0.094678512,-2.267329403,-0.384,0.00525,-6.37e-06,52.8786226,12778,1000.0,0.00611,149.61,149.61,-87950,408.47,0.0,0.0,0.0,0.0,0.0,5.459,0.30542,647.13,0.081,0.0,52100000.0,0.32,-0.212,0.258,0.0,0.999,1.087,-0.638,0.635,0.0,0.0,0.0,0.168272437,0.908482584,5.240427372,4,4C,0.296941807,0.000718744,0.0692,16655.0,12277.0,1.4515,0.67359,13855.59696,1.456360879,0.664155324,0.046473789,1,17.38710706,-6141.762746,0.0,0.0,0.0,0.0,0.0,0.0,0.0,0.0,0.0,0.0,0.0,no,1.0656,3.0007,366.51,0.034868,20790.8198,2.52,809.1,0.0,1.0,0,0.0,0.0,0.0,0.0,0.0,0.0,0.0,0.0,-262.49,140.52,0.0,0.0,0.0,276370.0,-2090.1,8.125,-0.014116,9.37e-06,0.923656,-0.37937,0.442429,52.419867266,12.0,6.0,0,0,0,0,0,0,0,0,0,0,0,0,0,0,0,0,0.0,0.0,XMYFZAWUNVHVGI-UHFFFAOYSA-N
322,3-ethyl-3-hexene,16789-51-8,HC,1325,C8H16,112.21264,0.7109,292.48,26.87,0.351,116,112.21264,464.5,Classic,1374.6,36.54003,-0.034802404,0.000116811,-1.3e-07,5.254448e-11,none,0.0,0.0,0.0,0.0,0.0,1.8,0.076,0.235662374,0.0,2.52,809.1,0.0,3,-27.952757828,4665.22592993,0.052323342,-3.8356e-05,-229000.0,-19.2905,29814.5,-0.019678,0.000132,-3.11e-07,0,solvent,0.0,0.0,0.0,0.0,0.054783425,0.094678512,-2.267329403,-0.384,0.00525,-6.37e-06,52.8786226,15368,1000.0,0.00611,160.88,160.88,-104000,446.89,0.0,0.0,0.0,0.0,0.0,5.459,0.30542,647.13,0.081,0.0,52100000.0,0.32,-0.212,0.258,0.0,0.999,1.087,-0.638,0.635,0.0,0.0,0.0,0.168272437,0.908482584,5.240427372,4,4C,0.296941807,0.000718744,0.0692,16655.0,12277.0,1.4515,0.67359,13855.59696,1.456360879,0.664155324,0.046473789,1,17.38710706,-6141.762746,0.0,0.0,0.0,0.0,0.0,0.0,0.0,0.0,0.0,0.0,0.0,no,1.0656,3.0007,366.51,0.034868,20790.8198,2.52,809.1,0.0,1.0,0,0.0,0.0,0.0,0.0,0.0,0.0,0.0,0.0,-262.49,140.52,0.0,0.0,0.0,276370.0,-2090.1,8.125,-0.014116,9.37e-06,0.923656,-0.37937,0.442429,52.419867266,12.0,6.0,0,0,0,0,0,0,0,0,0,0,0,0,0,0,0,0,0.0,0.0,AUJLDZJNMXNESO-UHFFFAOYSA-N
323,3-ethylcyclopentene,694-35-9,HC,1326,C7H12,96.17018,0.7902,292.2,35.69,0.27,97.8,96.17018,354.5,Classic,1374.6,36.54003,-0.034802404,0.000116811,-1.3e-07,5.254448e-11,none,0.0,0.0,0.0,0.0,0.0,1.8,0.076,0.235662374,0.0,2.52,809.1,0.0,3,-27.952757828,4665.22592993,0.052323342,-3.8356e-05,-229000.0,-19.2905,29814.5,-0.019678,0.000132,-3.11e-07,0,solvent,0.0,0.0,0.0,0.0,0.054783425,0.094678512,-2.267329403,-0.384,0.00525,-6.37e-06,52.8786226,9043,1000.0,0.00611,180.31,180.31,-43770,394.61,0.0,0.0,0.0,0.0,0.0,5.459,0.30542,647.13,0.081,0.0,52100000.0,0.32,-0.212,0.258,0.0,0.999,1.087,-0.638,0.635,0.0,0.0,0.0,0.168272437,0.908482584,5.240427372,4,4C,0.296941807,0.000718744,0.0692,16655.0,12277.0,1.4515,0.67359,13855.59696,1.456360879,0.664155324,0.046473789,1,17.38710706,-6141.762746,0.0,0.0,0.0,0.0,0.0,0.0,0.0,0.0,0.0,0.0,0.0,no,1.0656,3.0007,366.51,0.034868,20790.8198,2.52,809.1,0.0,1.0,0,0.0,0.0,0.0,0.0,0.0,0.0,0.0,0.0,-262.49,140.52,0.0,0.0,0.0,276370.0,-2090.1,8.125,-0.014116,9.37e-06,0.923656,-0.37937,0.442429,52.419867266,12.0,6.0,0,0,0,0,0,0,0,0,0,0,0,0,0,0,0,0,0.0,0.0,HICUGGYRYZOXJI-UHFFFAOYSA-N
324,3-ethylheptane,15869-80-4,HC,1327,C9H20,128.2551,0.729416,316.85,23.9,0.408,143.1,128.2551,528,Classic,1374.6,36.54003,-0.034802404,0.000116811,-1.3e-07,5.254448e-11,none,0.0,0.0,0.0,0.0,0.0,1.8,0.076,0.235662374,0.0,2.52,809.1,0.0,3,-27.952757828,4665.22592993,0.052323342,-3.8356e-05,-229000.0,-19.2905,29814.5,-0.019678,0.000132,-3.11e-07,0,solvent,0.0,0.0,0.0,0.0,0.054783425,0.094678512,-2.267329403,-0.384,0.00525,-6.37e-06,52.8786226,15543,1000.0,0.00611,158.25,158.25,-231460,497.82,0.0,0.0,0.0,0.0,0.0,5.459,0.30542,647.13,0.081,0.0,52100000.0,0.32,-0.212,0.258,0.0,0.999,1.087,-0.638,0.635,0.0,0.0,0.0,0.168272437,0.908482584,5.240427372,4,4C,0.296941807,0.000718744,0.0692,16655.0,12277.0,1.4515,0.67359,13855.59696,1.456360879,0.664155324,0.046473789,1,17.38710706,-6141.762746,0.0,0.0,0.0,0.0,0.0,0.0,0.0,0.0,0.0,0.0,0.0,no,1.0656,3.0007,366.51,0.034868,20790.8198,2.52,809.1,0.0,1.0,0,0.0,0.0,0.0,0.0,0.0,0.0,0.0,0.0,-262.49,140.52,0.0,0.0,0.0,276370.0,-2090.1,8.125,-0.014116,9.37e-06,0.923656,-0.37937,0.442429,52.419867266,12.0,6.0,0,0,0,0,0,0,0,0,0,0,0,0,0,0,0,0,0.0,0.0,PSVQKOKKLWHNRP-UHFFFAOYSA-N
325,3-ethylnonane,17302-11-3,HC,1328,C11H24,156.30826,0.7437,356.98,19.48,0.507,188,156.30826,645.5,Classic,1374.6,36.54003,-0.034802404,0.000116811,-1.3e-07,5.254448e-11,none,0.0,0.0,0.0,0.0,0.0,1.8,0.076,0.235662374,0.0,2.52,809.1,0.0,3,-27.952757828,4665.22592993,0.052323342,-3.8356e-05,-229000.0,-19.2905,29814.5,-0.019678,0.000132,-3.11e-07,0,solvent,0.0,0.0,0.0,0.0,0.054783425,0.094678512,-2.267329403,-0.384,0.00525,-6.37e-06,52.8786226,20723,1000.0,0.00611,198.73,198.73,-272700,576.8,0.0,0.0,0.0,0.0,0.0,5.459,0.30542,647.13,0.081,0.0,52100000.0,0.32,-0.212,0.258,0.0,0.999,1.087,-0.638,0.635,0.0,0.0,0.0,0.168272437,0.908482584,5.240427372,4,4C,0.296941807,0.000718744,0.0692,16655.0,12277.0,1.4515,0.67359,13855.59696,1.456360879,0.664155324,0.046473789,1,17.38710706,-6141.762746,0.0,0.0,0.0,0.0,0.0,0.0,0.0,0.0,0.0,0.0,0.0,no,1.0656,3.0007,366.51,0.034868,20790.8198,2.52,809.1,0.0,1.0,0,0.0,0.0,0.0,0.0,0.0,0.0,0.0,0.0,-262.49,140.52,0.0,0.0,0.0,276370.0,-2090.1,8.125,-0.014116,9.37e-06,0.923656,-0.37937,0.442429,52.419867266,12.0,6.0,0,0,0,0,0,0,0,0,0,0,0,0,0,0,0,0,0.0,0.0,FKJSIWPQZCKMIL-UHFFFAOYSA-N
326,3-ethyloctane,5881-17-4,HC,1329,C10H22,142.28168,0.7700,340.45,21.89,0.446,165,142.28168,561,Classic,1374.6,36.54003,-0.034802404,0.000116811,-1.3e-07,5.254448e-11,none,0.0,0.0,0.0,0.0,0.0,1.8,0.076,0.235662374,0.0,2.52,809.1,0.0,3,-27.952757828,4665.22592993,0.052323342,-3.8356e-05,-229000.0,-19.2905,29814.5,-0.019678,0.000132,-3.11e-07,0,solvent,0.0,0.0,0.0,0.0,0.054783425,0.094678512,-2.267329403,-0.384,0.00525,-6.37e-06,52.8786226,18133,1000.0,0.00611,187.46,187.46,-193300,536,0.0,0.0,0.0,0.0,0.0,5.459,0.30542,647.13,0.081,0.0,52100000.0,0.32,-0.212,0.258,0.0,0.999,1.087,-0.638,0.635,0.0,0.0,0.0,0.168272437,0.908482584,5.240427372,4,4C,0.296941807,0.000718744,0.0692,16655.0,12277.0,1.4515,0.67359,13855.59696,1.456360879,0.664155324,0.046473789,1,17.38710706,-6141.762746,0.0,0.0,0.0,0.0,0.0,0.0,0.0,0.0,0.0,0.0,0.0,no,1.0656,3.0007,366.51,0.034868,20790.8198,2.52,809.1,0.0,1.0,0,0.0,0.0,0.0,0.0,0.0,0.0,0.0,0.0,-262.49,140.52,0.0,0.0,0.0,276370.0,-2090.1,8.125,-0.014116,9.37e-06,0.923656,-0.37937,0.442429,52.419867266,12.0,6.0,0,0,0,0,0,0,0,0,0,0,0,0,0,0,0,0,0.0,0.0,OEYGTUAKNZFCDJ-UHFFFAOYSA-N
327,3-ethylpentane,617-78-7,HC,1330,C7H16,100.20194,0.701168,267.45,28.9,0.31,93.4,100.20194,416,Classic,1374.6,36.54003,-0.034802404,0.000116811,-1.3e-07,5.254448e-11,none,0.0,0.0,0.0,0.0,0.0,0,0.076,0.235662374,0.0,2.52,809.1,0.0,3,-27.952757828,4665.22592993,0.052323342,-3.8356e-05,-229000.0,-19.2905,29814.5,-0.019678,0.000132,-3.11e-07,0,solvent,0.0,0.0,0.0,0.0,0.054783425,0.094678512,-2.267329403,-0.384,0.00525,-6.37e-06,52.8786226,9550,1000.0,0.00611,154.5,154.35,-189500,411.5,0.0,0.0,0.0,0.0,0.0,5.459,0.30542,647.13,0.081,0.0,52100000.0,0.32,-0.212,0.258,0.0,0.999,1.087,-0.638,0.635,0.0,0.0,0.0,0.168272437,0.908482584,5.240427372,4,4C,0.296941807,0.000718744,0.0692,16655.0,12277.0,1.4515,0.67359,13855.59696,1.456360879,0.664155324,0.046473789,1,17.38710706,-6141.762746,0.0,0.0,0.0,0.0,0.0,0.0,0.0,0.0,0.0,0.0,0.0,no,1.0656,3.0007,366.51,0.034868,20790.8198,2.52,809.1,0.0,1.0,0,0.0,0.0,0.0,0.0,0.0,0.0,0.0,0.0,-262.49,140.52,0.0,0.0,0.0,276370.0,-2090.1,8.125,-0.014116,9.37e-06,0.923656,-0.37937,0.442429,52.419867266,12.0,6.0,0,0,0,0,0,0,0,0,0,0,0,0,0,0,0,0,0.0,0.0,AORMDLNPRGXHHL-UHFFFAOYSA-N
328,3-methyl-1-butene,563-45-1,HC,1331,C5H10,70.1329,0.63127,179.55,35.3,0.2274,20.1,70.1329,304.9,Classic,2.6,37.978352,-0.07461815,0.000301881,-2.83e-07,9.070574e-11,pow10,3.7687,395.744,266.682,0.0,0.0,0.320778021609,0.0,0.0,0.0,2.52,155.809006022,0.406998625,3,-26.87,1150.0,0.187,-0.000521,-50500.0,2.0,0.0,0.0,0.0,0.0,0,solute,900.0,0.0,0.0,0.0,0.0,0.0,0.0,0.303,-0.000605,-3.2e-06,77.3,5360,452.0,0.116656057,104.7296,104.9,-27500,334.62,33.022,-0.01587,-0.000155,0.0,0.0,2.92,0.29,191.0,0.289,0.0,8170.0,0.0,0.0,0.0,0.0,0.1,0.5857,-0.7206,1.2899,0.0,0.0,0.0,0.122841598,0.914470789,2.741978611,0,0,0.0,0.0,0.0,0.0,0.0,0.0,0.0,0.0,0.0,0.0,4.18626,1,1.0,-6.68082,0.0,9700.0,1.5293e-05,0.04792,1594.0,0.01244,2952.0,0.002317,2777.0,1.076,1323.0,yes,1.0,3.703900119,150.029998779,0.0,0.0,3.190710941,155.809006022,0.406998625,1.0,0,900.0,0.000621,2760.0,0.421,1963.1,0.00404868,2636.75,0.29527,0.0,0.0,0.0,0.0,0.0,0.0,0.0,0.0,0.0,0.0,0.39234,0.0,0.0,77.3,12.0,6.0,0,0,0,0,0,0,0,0,0,0,0,0,0,0,0,0,0.0,0.0,YHQXBTXEYZIYOV-UHFFFAOYSA-N
329,3-methyl-1-hexene,3404-61-3,HC,1332,C7H14,98.18606,0.695179,254.85,29.5,0.306,84,98.18606,398,Classic,1374.6,36.54003,-0.034802404,0.000116811,-1.3e-07,5.254448e-11,none,0.0,0.0,0.0,0.0,0.0,1.8,0.076,0.235662374,0.0,2.52,809.1,0.0,3,-27.952757828,4665.22592993,0.052323342,-3.8356e-05,-229000.0,-19.2905,29814.5,-0.019678,0.000132,-3.11e-07,0,solvent,0.0,0.0,0.0,0.0,0.054783425,0.094678512,-2.267329403,-0.384,0.00525,-6.37e-06,52.8786226,9083,1000.0,0.00611,151.89,151.89,-63600,408.37,0.0,0.0,0.0,0.0,0.0,5.459,0.30542,647.13,0.081,0.0,52100000.0,0.32,-0.212,0.258,0.0,0.999,1.087,-0.638,0.635,0.0,0.0,0.0,0.168272437,0.908482584,5.240427372,4,4C,0.296941807,0.000718744,0.0692,16655.0,12277.0,1.4515,0.67359,13855.59696,1.456360879,0.664155324,0.046473789,1,17.38710706,-6141.762746,0.0,0.0,0.0,0.0,0.0,0.0,0.0,0.0,0.0,0.0,0.0,no,1.0656,3.0007,366.51,0.034868,20790.8198,2.52,809.1,0.0,1.0,0,0.0,0.0,0.0,0.0,0.0,0.0,0.0,0.0,-262.49,140.52,0.0,0.0,0.0,276370.0,-2090.1,8.125,-0.014116,9.37e-06,0.923656,-0.37937,0.442429,52.419867266,12.0,6.0,0,0,0,0,0,0,0,0,0,0,0,0,0,0,0,0,0.0,0.0,RITONZMLZWYPHW-UHFFFAOYSA-N
330,3-methyl-1-pentene,760-20-3,HC,1333,C6H12,84.15948,0.672351,221.85,32.9,0.264,54,84.15948,343.3,Classic,1374.6,36.54003,-0.034802404,0.000116811,-1.3e-07,5.254448e-11,none,0.0,0.0,0.0,0.0,0.0,1.8,0.076,0.235662374,0.0,2.52,809.1,0.0,3,-27.952757828,4665.22592993,0.052323342,-3.8356e-05,-229000.0,-19.2905,29814.5,-0.019678,0.000132,-3.11e-07,0,solvent,0.0,0.0,0.0,0.0,0.054783425,0.094678512,-2.267329403,-0.384,0.00525,-6.37e-06,52.8786226,6493,1000.0,0.00611,120.15,120.15,-49500,377.13,0.0,0.0,0.0,0.0,0.0,5.459,0.30542,647.13,0.081,0.0,52100000.0,0.32,-0.212,0.258,0.0,0.999,1.087,-0.638,0.635,0.0,0.0,0.0,0.168272437,0.908482584,5.240427372,4,4C,0.296941807,0.000718744,0.0692,16655.0,12277.0,1.4515,0.67359,13855.59696,1.456360879,0.664155324,0.046473789,1,17.38710706,-6141.762746,0.0,0.0,0.0,0.0,0.0,0.0,0.0,0.0,0.0,0.0,0.0,no,1.0656,3.0007,366.51,0.034868,20790.8198,2.52,809.1,0.0,1.0,0,0.0,0.0,0.0,0.0,0.0,0.0,0.0,0.0,-262.49,140.52,0.0,0.0,0.0,276370.0,-2090.1,8.125,-0.014116,9.37e-06,0.923656,-0.37937,0.442429,52.419867266,12.0,6.0,0,0,0,0,0,0,0,0,0,0,0,0,0,0,0,0,0.0,0.0,LDTAOIUHUHHCMU-UHFFFAOYSA-N
331,3-methyl-2-hexene,17618-77-8,HC,1334,C7H14,98.18606,0.6962,266.55383,29.762888,0.33690735,93.85,98.18606,408.5,Classic,1374.6,36.54003,-0.034802404,0.000116811,-1.3e-07,5.254448e-11,none,0.0,0.0,0.0,0.0,0.0,1.8,0.076,0.235662374,0.0,2.52,809.1,0.0,3,-27.952757828,4665.22592993,0.052323342,-3.8356e-05,-229000.0,-19.2905,29814.5,-0.019678,0.000132,-3.11e-07,0,solvent,0.0,0.0,0.0,0.0,0.054783425,0.094678512,-2.267329403,-0.384,0.00525,-6.37e-06,52.8786226,12778,1000.0,0.00611,154.15,154.15,-88750,189.0,0.0,0.0,0.0,0.0,0.0,5.459,0.30542,647.13,0.081,0.0,52100000.0,0.32,-0.212,0.258,0.0,0.999,1.087,-0.638,0.635,0.0,0.0,0.0,0.168272437,0.908482584,5.240427372,4,4C,0.296941807,0.000718744,0.0692,16655.0,12277.0,1.4515,0.67359,13855.59696,1.456360879,0.664155324,0.046473789,1,17.38710706,-6141.762746,0.0,0.0,0.0,0.0,0.0,0.0,0.0,0.0,0.0,0.0,0.0,no,1.0656,3.0007,366.51,0.034868,20790.8198,2.52,809.1,0.0,1.0,0,0.0,0.0,0.0,0.0,0.0,0.0,0.0,0.0,-262.49,140.52,0.0,0.0,0.0,276370.0,-2090.1,8.125,-0.014116,9.37e-06,0.923656,-0.37937,0.442429,52.419867266,12.0,6.0,0,0,0,0,0,0,0,0,0,0,0,0,0,0,0,0,0.0,0.0,JZMUUSXQSKCZNO-UHFFFAOYSA-N
332,3-methylnonane,5911-04-6,HC,1335,C10H22,142.28168,0.735879,340.45,21.6,0.465,168,142.28168,583,Classic,1374.6,36.54003,-0.034802404,0.000116811,-1.3e-07,5.254448e-11,none,0.0,0.0,0.0,0.0,0.0,1.8,0.076,0.235662374,0.0,2.52,809.1,0.0,3,-27.952757828,4665.22592993,0.052323342,-3.8356e-05,-229000.0,-19.2905,29814.5,-0.019678,0.000132,-3.11e-07,0,solvent,0.0,0.0,0.0,0.0,0.054783425,0.094678512,-2.267329403,-0.384,0.00525,-6.37e-06,52.8786226,18133,1000.0,0.00611,188.5,188.25,-254390,543.01,0.0,0.0,0.0,0.0,0.0,5.459,0.30542,647.13,0.081,0.0,52100000.0,0.32,-0.212,0.258,0.0,0.999,1.087,-0.638,0.635,0.0,0.0,0.0,0.168272437,0.908482584,5.240427372,4,4C,0.296941807,0.000718744,0.0692,16655.0,12277.0,1.4515,0.67359,13855.59696,1.456360879,0.664155324,0.046473789,1,17.38710706,-6141.762746,0.0,0.0,0.0,0.0,0.0,0.0,0.0,0.0,0.0,0.0,0.0,no,1.0656,3.0007,366.51,0.034868,20790.8198,2.52,809.1,0.0,1.0,0,0.0,0.0,0.0,0.0,0.0,0.0,0.0,0.0,-262.49,140.52,0.0,0.0,0.0,276370.0,-2090.1,8.125,-0.014116,9.37e-06,0.923656,-0.37937,0.442429,52.419867266,12.0,6.0,0,0,0,0,0,0,0,0,0,0,0,0,0,0,0,0,0.0,0.0,PLZDDPSCZHRBOY-UHFFFAOYSA-N
333,4-ethylheptane,2216-32-2,HC,1336,C9H20,128.2551,0.730927,311.8,23.25,0.416,141,128.2551,533.5,Classic,1374.6,36.54003,-0.034802404,0.000116811,-1.3e-07,5.254448e-11,none,0.0,0.0,0.0,0.0,0.0,1.8,0.076,0.235662374,0.0,2.52,809.1,0.0,3,-27.952757828,4665.22592993,0.052323342,-3.8356e-05,-229000.0,-19.2905,29814.5,-0.019678,0.000132,-3.11e-07,0,solvent,0.0,0.0,0.0,0.0,0.054783425,0.094678512,-2.267329403,-0.384,0.00525,-6.37e-06,52.8786226,15543,1000.0,0.00611,176.19,176.19,-177700,495.47,0.0,0.0,0.0,0.0,0.0,5.459,0.30542,647.13,0.081,0.0,52100000.0,0.32,-0.212,0.258,0.0,0.999,1.087,-0.638,0.635,0.0,0.0,0.0,0.168272437,0.908482584,5.240427372,4,4C,0.296941807,0.000718744,0.0692,16655.0,12277.0,1.4515,0.67359,13855.59696,1.456360879,0.664155324,0.046473789,1,17.38710706,-6141.762746,0.0,0.0,0.0,0.0,0.0,0.0,0.0,0.0,0.0,0.0,0.0,no,1.0656,3.0007,366.51,0.034868,20790.8198,2.52,809.1,0.0,1.0,0,0.0,0.0,0.0,0.0,0.0,0.0,0.0,0.0,-262.49,140.52,0.0,0.0,0.0,276370.0,-2090.1,8.125,-0.014116,9.37e-06,0.923656,-0.37937,0.442429,52.419867266,12.0,6.0,0,0,0,0,0,0,0,0,0,0,0,0,0,0,0,0,0.0,0.0,XMROPFQWHHUFFS-UHFFFAOYSA-N
334,4-methyl-1-hexene,3769-23-1,HC,1337,C7H14,98.18606,0.702289,260.85,30.4,0.302,87,98.18606,398,Classic,1374.6,36.54003,-0.034802404,0.000116811,-1.3e-07,5.254448e-11,none,0.0,0.0,0.0,0.0,0.0,1.8,0.076,0.235662374,0.0,2.52,809.1,0.0,3,-27.952757828,4665.22592993,0.052323342,-3.8356e-05,-229000.0,-19.2905,29814.5,-0.019678,0.000132,-3.11e-07,0,solvent,0.0,0.0,0.0,0.0,0.054783425,0.094678512,-2.267329403,-0.384,0.00525,-6.37e-06,52.8786226,9083,1000.0,0.00611,131.9,131.9,-70670,412.39,0.0,0.0,0.0,0.0,0.0,5.459,0.30542,647.13,0.081,0.0,52100000.0,0.32,-0.212,0.258,0.0,0.999,1.087,-0.638,0.635,0.0,0.0,0.0,0.168272437,0.908482584,5.240427372,4,4C,0.296941807,0.000718744,0.0692,16655.0,12277.0,1.4515,0.67359,13855.59696,1.456360879,0.664155324,0.046473789,1,17.38710706,-6141.762746,0.0,0.0,0.0,0.0,0.0,0.0,0.0,0.0,0.0,0.0,0.0,no,1.0656,3.0007,366.51,0.034868,20790.8198,2.52,809.1,0.0,1.0,0,0.0,0.0,0.0,0.0,0.0,0.0,0.0,0.0,-262.49,140.52,0.0,0.0,0.0,276370.0,-2090.1,8.125,-0.014116,9.37e-06,0.923656,-0.37937,0.442429,52.419867266,12.0,6.0,0,0,0,0,0,0,0,0,0,0,0,0,0,0,0,0,0.0,0.0,SUWJESCICIOQHO-UHFFFAOYSA-N
335,4-methylheptane,589-53-7,HC,1338,C8H18,114.22852,0.707491,288.55,25.4,0.369,117.7,114.22852,476,Classic,1374.6,36.54003,-0.034802404,0.000116811,-1.3e-07,5.254448e-11,none,0.0,0.0,0.0,0.0,0.0,1.8,0.076,0.235662374,0.0,2.52,809.1,0.0,3,-27.952757828,4665.22592993,0.052323342,-3.8356e-05,-229000.0,-19.2905,29814.5,-0.019678,0.000132,-3.11e-07,0,solvent,0.0,0.0,0.0,0.0,0.054783425,0.094678512,-2.267329403,-0.384,0.00525,-6.37e-06,52.8786226,10800,1000.0,0.00611,152.15,152.15,-211900,457.32,0.0,0.0,0.0,0.0,0.0,5.459,0.30542,647.13,0.081,0.0,52100000.0,0.32,-0.212,0.258,0.0,0.999,1.087,-0.638,0.635,0.0,0.0,0.0,0.168272437,0.908482584,5.240427372,4,4C,0.296941807,0.000718744,0.0692,16655.0,12277.0,1.4515,0.67359,13855.59696,1.456360879,0.664155324,0.046473789,1,17.38710706,-6141.762746,0.0,0.0,0.0,0.0,0.0,0.0,0.0,0.0,0.0,0.0,0.0,no,1.0656,3.0007,366.51,0.034868,20790.8198,2.52,809.1,0.0,1.0,0,0.0,0.0,0.0,0.0,0.0,0.0,0.0,0.0,-262.49,140.52,0.0,0.0,0.0,276370.0,-2090.1,8.125,-0.014116,9.37e-06,0.923656,-0.37937,0.442429,52.419867266,12.0,6.0,0,0,0,0,0,0,0,0,0,0,0,0,0,0,0,0,0.0,0.0,CHBAWFGIXDBEBT-UHFFFAOYSA-N
336,4-methylnonane,17301-94-9,HC,1339,C10H22,142.28168,0.734729,336.85,21.6,0.465,166,142.28168,583,Classic,1374.6,36.54003,-0.034802404,0.000116811,-1.3e-07,5.254448e-11,none,0.0,0.0,0.0,0.0,0.0,1.8,0.076,0.235662374,0.0,2.52,809.1,0.0,3,-27.952757828,4665.22592993,0.052323342,-3.8356e-05,-229000.0,-19.2905,29814.5,-0.019678,0.000132,-3.11e-07,0,solvent,0.0,0.0,0.0,0.0,0.054783425,0.094678512,-2.267329403,-0.384,0.00525,-6.37e-06,52.8786226,18133,1000.0,0.00611,174.7,174.15,-254720,541.74,0.0,0.0,0.0,0.0,0.0,5.459,0.30542,647.13,0.081,0.0,52100000.0,0.32,-0.212,0.258,0.0,0.999,1.087,-0.638,0.635,0.0,0.0,0.0,0.168272437,0.908482584,5.240427372,4,4C,0.296941807,0.000718744,0.0692,16655.0,12277.0,1.4515,0.67359,13855.59696,1.456360879,0.664155324,0.046473789,1,17.38710706,-6141.762746,0.0,0.0,0.0,0.0,0.0,0.0,0.0,0.0,0.0,0.0,0.0,no,1.0656,3.0007,366.51,0.034868,20790.8198,2.52,809.1,0.0,1.0,0,0.0,0.0,0.0,0.0,0.0,0.0,0.0,0.0,-262.49,140.52,0.0,0.0,0.0,276370.0,-2090.1,8.125,-0.014116,9.37e-06,0.923656,-0.37937,0.442429,52.419867266,12.0,6.0,0,0,0,0,0,0,0,0,0,0,0,0,0,0,0,0,0.0,0.0,IALRSQMWHFKJJA-UHFFFAOYSA-N
337,5-ethyltetralin,42775-75-7,HC,1340,C12H16,160.25544,0.9177,464.47,27.73,0.424,248.02,160.25544,548.5,Classic,1374.6,36.54003,-0.034802404,0.000116811,-1.3e-07,5.254448e-11,none,0.0,0.0,0.0,0.0,0.0,1.8,0.076,0.235662374,0.0,2.52,809.1,0.0,3,-27.952757828,4665.22592993,0.052323342,-3.8356e-05,-229000.0,-19.2905,29814.5,-0.019678,0.000132,-3.11e-07,0,solvent,0.0,0.0,0.0,0.0,0.054783425,0.094678512,-2.267329403,-0.384,0.00525,-6.37e-06,52.8786226,15063,1000.0,0.00611,228.65,228.65,9560,189.0,0.0,0.0,0.0,0.0,0.0,5.459,0.30542,647.13,0.081,0.0,52100000.0,0.32,-0.212,0.258,0.0,0.999,1.087,-0.638,0.635,0.0,0.0,0.0,0.168272437,0.908482584,5.240427372,4,4C,0.296941807,0.000718744,0.0692,16655.0,12277.0,1.4515,0.67359,13855.59696,1.456360879,0.664155324,0.046473789,1,17.38710706,-6141.762746,0.0,0.0,0.0,0.0,0.0,0.0,0.0,0.0,0.0,0.0,0.0,no,1.0656,3.0007,366.51,0.034868,20790.8198,2.52,809.1,0.0,1.0,0,0.0,0.0,0.0,0.0,0.0,0.0,0.0,0.0,-262.49,140.52,0.0,0.0,0.0,276370.0,-2090.1,8.125,-0.014116,9.37e-06,0.923656,-0.37937,0.442429,52.419867266,12.0,6.0,0,0,0,0,0,0,0,0,0,0,0,0,0,0,0,0,0.0,0.0,WHCKFZOMBDMRLO-UHFFFAOYSA-N
338,5-methyl-3-heptene,13172-91-3,HC,1341,C8H16,112.21264,0.7175,291.59,26.94,0.328,112,112.21264,458.8,Classic,1374.6,36.54003,-0.034802404,0.000116811,-1.3e-07,5.254448e-11,none,0.0,0.0,0.0,0.0,0.0,1.8,0.076,0.235662374,0.0,2.52,809.1,0.0,3,-27.952757828,4665.22592993,0.052323342,-3.8356e-05,-229000.0,-19.2905,29814.5,-0.019678,0.000132,-3.11e-07,0,solvent,0.0,0.0,0.0,0.0,0.054783425,0.094678512,-2.267329403,-0.384,0.00525,-6.37e-06,52.8786226,13155,1000.0,0.00611,159.84,159.84,-96510,189.0,0.0,0.0,0.0,0.0,0.0,5.459,0.30542,647.13,0.081,0.0,52100000.0,0.32,-0.212,0.258,0.0,0.999,1.087,-0.638,0.635,0.0,0.0,0.0,0.168272437,0.908482584,5.240427372,4,4C,0.296941807,0.000718744,0.0692,16655.0,12277.0,1.4515,0.67359,13855.59696,1.456360879,0.664155324,0.046473789,1,17.38710706,-6141.762746,0.0,0.0,0.0,0.0,0.0,0.0,0.0,0.0,0.0,0.0,0.0,no,1.0656,3.0007,366.51,0.034868,20790.8198,2.52,809.1,0.0,1.0,0,0.0,0.0,0.0,0.0,0.0,0.0,0.0,0.0,-262.49,140.52,0.0,0.0,0.0,276370.0,-2090.1,8.125,-0.014116,9.37e-06,0.923656,-0.37937,0.442429,52.419867266,12.0,6.0,0,0,0,0,0,0,0,0,0,0,0,0,0,0,0,0,0.0,0.0,YMNTZRCUPAYGLG-UHFFFAOYSA-N
339,5-methyl-3-heptyne,61228-09-9,HC,1342,C8H14,110.19676,0.7386,309.96276,30.256051,0.28866083,118.05,110.19676,439.5,Classic,1374.6,36.54003,-0.034802404,0.000116811,-1.3e-07,5.254448e-11,none,0.0,0.0,0.0,0.0,0.0,1.8,0.076,0.235662374,0.0,2.52,809.1,0.0,3,-27.952757828,4665.22592993,0.052323342,-3.8356e-05,-229000.0,-19.2905,29814.5,-0.019678,0.000132,-3.11e-07,0,solvent,0.0,0.0,0.0,0.0,0.054783425,0.094678512,-2.267329403,-0.384,0.00525,-6.37e-06,52.8786226,16075,1000.0,0.00611,271.02,271.02,58570,189.0,0.0,0.0,0.0,0.0,0.0,5.459,0.30542,647.13,0.081,0.0,52100000.0,0.32,-0.212,0.258,0.0,0.999,1.087,-0.638,0.635,0.0,0.0,0.0,0.168272437,0.908482584,5.240427372,4,4C,0.296941807,0.000718744,0.0692,16655.0,12277.0,1.4515,0.67359,13855.59696,1.456360879,0.664155324,0.046473789,1,17.38710706,-6141.762746,0.0,0.0,0.0,0.0,0.0,0.0,0.0,0.0,0.0,0.0,0.0,no,1.0656,3.0007,366.51,0.034868,20790.8198,2.52,809.1,0.0,1.0,0,0.0,0.0,0.0,0.0,0.0,0.0,0.0,0.0,-262.49,140.52,0.0,0.0,0.0,276370.0,-2090.1,8.125,-0.014116,9.37e-06,0.923656,-0.37937,0.442429,52.419867266,12.0,6.0,0,0,0,0,0,0,0,0,0,0,0,0,0,0,0,0,0.0,0.0,UCTGGLKZKKZBNO-UHFFFAOYSA-N
340,5-methylnonane,15869-85-9,HC,1343,C10H22,142.28168,0.735111,336.65,21.6,0.456,164,142.28168,583,Classic,1374.6,36.54003,-0.034802404,0.000116811,-1.3e-07,5.254448e-11,none,0.0,0.0,0.0,0.0,0.0,1.8,0.076,0.235662374,0.0,2.52,809.1,0.0,3,-27.952757828,4665.22592993,0.052323342,-3.8356e-05,-229000.0,-19.2905,29814.5,-0.019678,0.000132,-3.11e-07,0,solvent,0.0,0.0,0.0,0.0,0.054783425,0.094678512,-2.267329403,-0.384,0.00525,-6.37e-06,52.8786226,18133,1000.0,0.00611,186.7,185.3,-258600,536,0.0,0.0,0.0,0.0,0.0,5.459,0.30542,647.13,0.081,0.0,52100000.0,0.32,-0.212,0.258,0.0,0.999,1.087,-0.638,0.635,0.0,0.0,0.0,0.168272437,0.908482584,5.240427372,4,4C,0.296941807,0.000718744,0.0692,16655.0,12277.0,1.4515,0.67359,13855.59696,1.456360879,0.664155324,0.046473789,1,17.38710706,-6141.762746,0.0,0.0,0.0,0.0,0.0,0.0,0.0,0.0,0.0,0.0,0.0,no,1.0656,3.0007,366.51,0.034868,20790.8198,2.52,809.1,0.0,1.0,0,0.0,0.0,0.0,0.0,0.0,0.0,0.0,0.0,-262.49,140.52,0.0,0.0,0.0,276370.0,-2090.1,8.125,-0.014116,9.37e-06,0.923656,-0.37937,0.442429,52.419867266,12.0,6.0,0,0,0,0,0,0,0,0,0,0,0,0,0,0,0,0,0.0,0.0,TYSIILFJZXHVPU-UHFFFAOYSA-N
341,5-undecene,764-96-5,HC,1344,C11H22,154.29238,0.7447,364.69,20.23,0.504,192.3,154.29238,637.8,Classic,1374.6,36.54003,-0.034802404,0.000116811,-1.3e-07,5.254448e-11,none,0.0,0.0,0.0,0.0,0.0,1.8,0.076,0.235662374,0.0,2.52,809.1,0.0,3,-27.952757828,4665.22592993,0.052323342,-3.8356e-05,-229000.0,-19.2905,29814.5,-0.019678,0.000132,-3.11e-07,0,solvent,0.0,0.0,0.0,0.0,0.054783425,0.094678512,-2.267329403,-0.384,0.00525,-6.37e-06,52.8786226,24448,1000.0,0.00611,189.35,189.35,-153150,189.0,0.0,0.0,0.0,0.0,0.0,5.459,0.30542,647.13,0.081,0.0,52100000.0,0.32,-0.212,0.258,0.0,0.999,1.087,-0.638,0.635,0.0,0.0,0.0,0.168272437,0.908482584,5.240427372,4,4C,0.296941807,0.000718744,0.0692,16655.0,12277.0,1.4515,0.67359,13855.59696,1.456360879,0.664155324,0.046473789,1,17.38710706,-6141.762746,0.0,0.0,0.0,0.0,0.0,0.0,0.0,0.0,0.0,0.0,0.0,no,1.0656,3.0007,366.51,0.034868,20790.8198,2.52,809.1,0.0,1.0,0,0.0,0.0,0.0,0.0,0.0,0.0,0.0,0.0,-262.49,140.52,0.0,0.0,0.0,276370.0,-2090.1,8.125,-0.014116,9.37e-06,0.923656,-0.37937,0.442429,52.419867266,12.0,6.0,0,0,0,0,0,0,0,0,0,0,0,0,0,0,0,0,0.0,0.0,NGCRXXLKJAAUQQ-UHFFFAOYSA-N
342,1-butyl-2-methylbenzene,1595-11-5,HC,1345,C11H16,148.24474,0.8467,410.52,26.08,0.442,204.4250,148.24474,543.5,Classic,1374.6,36.54003,-0.034802404,0.000116811,-1.3e-07,5.254448e-11,none,0.0,0.0,0.0,0.0,0.0,1.8,0.076,0.235662374,0.0,2.52,809.1,0.0,3,-27.952757828,4665.22592993,0.052323342,-3.8356e-05,-229000.0,-19.2905,29814.5,-0.019678,0.000132,-3.11e-07,0,solvent,0.0,0.0,0.0,0.0,0.054783425,0.094678512,-2.267329403,-0.384,0.00525,-6.37e-06,52.8786226,17898,1000.0,0.00611,252.67,252.67,-41700,472.32,0.0,0.0,0.0,0.0,0.0,5.459,0.30542,647.13,0.081,0.0,52100000.0,0.32,-0.212,0.258,0.0,0.999,1.087,-0.638,0.635,0.0,0.0,0.0,0.168272437,0.908482584,5.240427372,4,4C,0.296941807,0.000718744,0.0692,16655.0,12277.0,1.4515,0.67359,13855.59696,1.456360879,0.664155324,0.046473789,1,17.38710706,-6141.762746,0.0,0.0,0.0,0.0,0.0,0.0,0.0,0.0,0.0,0.0,0.0,no,1.0656,3.0007,366.51,0.034868,20790.8198,2.52,809.1,0.0,1.0,0,0.0,0.0,0.0,0.0,0.0,0.0,0.0,0.0,-262.49,140.52,0.0,0.0,0.0,276370.0,-2090.1,8.125,-0.014116,9.37e-06,0.923656,-0.37937,0.442429,52.419867266,12.0,6.0,0,0,0,0,0,0,0,0,0,0,0,0,0,0,0,0,0.0,0.0,NUJILYKLNKQOOX-UHFFFAOYSA-N
343,"2-ethyl-1,3-dimethylbenzene",2870-04-4,HC,1346,C10H14,134.21816,0.9283,391.95,29.29306,0.4359,190,134.21816,446.2,Classic,1374.6,36.54003,-0.034802404,0.000116811,-1.3e-07,5.254448e-11,none,0.0,0.0,0.0,0.0,0.0,1.8,0.076,0.235662374,0.0,2.52,809.1,0.0,3,-27.952757828,4665.22592993,0.052323342,-3.8356e-05,-229000.0,-19.2905,29814.5,-0.019678,0.000132,-3.11e-07,0,solvent,0.0,0.0,0.0,0.0,0.054783425,0.094678512,-2.267329403,-0.384,0.00525,-6.37e-06,52.8786226,14919,1000.0,0.00611,257.05,257.05,-26230,421.67,0.0,0.0,0.0,0.0,0.0,5.459,0.30542,647.13,0.081,0.0,52100000.0,0.32,-0.212,0.258,0.0,0.999,1.087,-0.638,0.635,0.0,0.0,0.0,0.168272437,0.908482584,5.240427372,4,4C,0.296941807,0.000718744,0.0692,16655.0,12277.0,1.4515,0.67359,13855.59696,1.456360879,0.664155324,0.046473789,1,17.38710706,-6141.762746,0.0,0.0,0.0,0.0,0.0,0.0,0.0,0.0,0.0,0.0,0.0,no,1.0656,3.0007,366.51,0.034868,20790.8198,2.52,809.1,0.0,1.0,0,0.0,0.0,0.0,0.0,0.0,0.0,0.0,0.0,-262.49,140.52,0.0,0.0,0.0,276370.0,-2090.1,8.125,-0.014116,9.37e-06,0.923656,-0.37937,0.442429,52.419867266,12.0,6.0,0,0,0,0,0,0,0,0,0,0,0,0,0,0,0,0,0.0,0.0,CHIKRULMSSADAF-UHFFFAOYSA-N
344,biphenyl,92-52-4,HC,1347,C12H10,154.2078,1.02944,499.85,33.8,0.403,255.2,154.2078,497,Classic,1374.6,36.54003,-0.034802404,0.000116811,-1.3e-07,5.254448e-11,none,0.0,0.0,0.0,0.0,0.0,0,0.076,0.235662374,0.0,2.52,809.1,0.0,3,-27.952757828,4665.22592993,0.052323342,-3.8356e-05,-229000.0,-19.2905,29814.5,-0.019678,0.000132,-3.11e-07,0,solvent,0.0,0.0,0.0,0.0,0.054783425,0.094678512,-2.267329403,-0.384,0.00525,-6.37e-06,52.8786226,18570,1000.0,0.00611,342.08942,342.575,181400,391.24,0.0,0.0,0.0,0.0,0.0,5.459,0.30542,647.13,0.081,0.0,52100000.0,0.32,-0.212,0.258,0.0,0.999,1.087,-0.638,0.635,0.0,0.0,0.0,0.168272437,0.908482584,5.240427372,4,4C,0.296941807,0.000718744,0.0692,16655.0,12277.0,1.4515,0.67359,13855.59696,1.456360879,0.664155324,0.046473789,1,17.38710706,-6141.762746,0.0,0.0,0.0,0.0,0.0,0.0,0.0,0.0,0.0,0.0,0.0,no,1.0656,3.0007,366.51,0.034868,20790.8198,2.52,809.1,0.0,1.0,0,0.0,0.0,0.0,0.0,0.0,0.0,0.0,0.0,-262.49,140.52,0.0,0.0,0.0,276370.0,-2090.1,8.125,-0.014116,9.37e-06,0.923656,-0.37937,0.442429,52.419867266,12.0,6.0,0,0,0,0,0,0,0,0,0,0,0,0,0,0,0,0,0.0,0.0,ZUOUZKKEUPVFJK-UHFFFAOYSA-N
345,butylbenzene,104-51-8,HC,1348,C10H14,134.21816,0.863174,387.35,28.9,0.392,183.3,134.21816,497,Classic,1374.6,36.54003,-0.034802404,0.000116811,-1.3e-07,5.254448e-11,none,0.0,0.0,0.0,0.0,0.0,0.4,0.076,0.235662374,0.0,2.52,809.1,0.0,3,-27.952757828,4665.22592993,0.052323342,-3.8356e-05,-229000.0,-19.2905,29814.5,-0.019678,0.000132,-3.11e-07,0,solvent,0.0,0.0,0.0,0.0,0.054783425,0.094678512,-2.267329403,-0.384,0.00525,-6.37e-06,52.8786226,11220,1000.0,0.00611,185.21631,185.15,-11800,437.86,0.0,0.0,0.0,0.0,0.0,5.459,0.30542,647.13,0.081,0.0,52100000.0,0.32,-0.212,0.258,0.0,0.999,1.087,-0.638,0.635,0.0,0.0,0.0,0.168272437,0.908482584,5.240427372,4,4C,0.296941807,0.000718744,0.0692,16655.0,12277.0,1.4515,0.67359,13855.59696,1.456360879,0.664155324,0.046473789,1,17.38710706,-6141.762746,0.0,0.0,0.0,0.0,0.0,0.0,0.0,0.0,0.0,0.0,0.0,no,1.0656,3.0007,366.51,0.034868,20790.8198,2.52,809.1,0.0,1.0,0,0.0,0.0,0.0,0.0,0.0,0.0,0.0,0.0,-262.49,140.52,0.0,0.0,0.0,276370.0,-2090.1,8.125,-0.014116,9.37e-06,0.923656,-0.37937,0.442429,52.419867266,12.0,6.0,0,0,0,0,0,0,0,0,0,0,0,0,0,0,0,0,0.0,0.0,OCKPCBLVNKHBMX-UHFFFAOYSA-N
346,cis-2-Octene,7642-04-8,HC,1349,C8H16,112.21264,0.7201,298.85,25.9,0.389,125.6,112.21264,462,Classic,1374.6,36.54003,-0.034802404,0.000116811,-1.3e-07,5.254448e-11,none,0.0,0.0,0.0,0.0,0.0,1.8,0.076,0.235662374,0.0,2.52,809.1,0.0,3,-27.952757828,4665.22592993,0.052323342,-3.8356e-05,-229000.0,-19.2905,29814.5,-0.019678,0.000132,-3.11e-07,0,solvent,0.0,0.0,0.0,0.0,0.054783425,0.094678512,-2.267329403,-0.384,0.00525,-6.37e-06,52.8786226,16678,1000.0,0.00611,171.85,171.85,-94510,466.84,0.0,0.0,0.0,0.0,0.0,5.459,0.30542,647.13,0.081,0.0,52100000.0,0.32,-0.212,0.258,0.0,0.999,1.087,-0.638,0.635,0.0,0.0,0.0,0.168272437,0.908482584,5.240427372,4,4C,0.296941807,0.000718744,0.0692,16655.0,12277.0,1.4515,0.67359,13855.59696,1.456360879,0.664155324,0.046473789,1,17.38710706,-6141.762746,0.0,0.0,0.0,0.0,0.0,0.0,0.0,0.0,0.0,0.0,0.0,no,1.0656,3.0007,366.51,0.034868,20790.8198,2.52,809.1,0.0,1.0,0,0.0,0.0,0.0,0.0,0.0,0.0,0.0,0.0,-262.49,140.52,0.0,0.0,0.0,276370.0,-2090.1,8.125,-0.014116,9.37e-06,0.923656,-0.37937,0.442429,52.419867266,12.0,6.0,0,0,0,0,0,0,0,0,0,0,0,0,0,0,0,0,0.0,0.0,ILPBINAXDRFYPL-HYXAFXHYSA-N
347,cis-2-heptene,6443-92-1,HC,1350,C7H14,98.18606,0.711166,275.35,30,0.294,97,98.18606,410,Classic,1374.6,36.54003,-0.034802404,0.000116811,-1.3e-07,5.254448e-11,none,0.0,0.0,0.0,0.0,0.0,1.8,0.076,0.235662374,0.0,2.52,809.1,0.0,3,-27.952757828,4665.22592993,0.052323342,-3.8356e-05,-229000.0,-19.2905,29814.5,-0.019678,0.000132,-3.11e-07,0,solvent,0.0,0.0,0.0,0.0,0.054783425,0.094678512,-2.267329403,-0.384,0.00525,-6.37e-06,52.8786226,14088,1000.0,0.00611,163.9,163.9,-69200,422.66,0.0,0.0,0.0,0.0,0.0,5.459,0.30542,647.13,0.081,0.0,52100000.0,0.32,-0.212,0.258,0.0,0.999,1.087,-0.638,0.635,0.0,0.0,0.0,0.168272437,0.908482584,5.240427372,4,4C,0.296941807,0.000718744,0.0692,16655.0,12277.0,1.4515,0.67359,13855.59696,1.456360879,0.664155324,0.046473789,1,17.38710706,-6141.762746,0.0,0.0,0.0,0.0,0.0,0.0,0.0,0.0,0.0,0.0,0.0,no,1.0656,3.0007,366.51,0.034868,20790.8198,2.52,809.1,0.0,1.0,0,0.0,0.0,0.0,0.0,0.0,0.0,0.0,0.0,-262.49,140.52,0.0,0.0,0.0,276370.0,-2090.1,8.125,-0.014116,9.37e-06,0.923656,-0.37937,0.442429,52.419867266,12.0,6.0,0,0,0,0,0,0,0,0,0,0,0,0,0,0,0,0,0.0,0.0,OTTZHAVKAVGASB-UHFFFAOYSA-N
348,cis-2-pentene,627-20-3,HC,1351,C5H10,70.1329,0.659575,201.85,36.9,0.233,36.9,70.1329,301,Classic,1374.6,36.54003,-0.034802404,0.000116811,-1.3e-07,5.254448e-11,none,0.0,0.0,0.0,0.0,0.0,0.28,0.076,0.235662374,0.0,2.52,809.1,0.0,3,-27.952757828,4665.22592993,0.052323342,-3.8356e-05,-229000.0,-19.2905,29814.5,-0.019678,0.000132,-3.11e-07,0,solvent,0.0,0.0,0.0,0.0,0.054783425,0.094678512,-2.267329403,-0.384,0.00525,-6.37e-06,52.8786226,7110,1000.0,0.00611,121.813254,127.55,-27600,347.37,0.0,0.0,0.0,0.0,0.0,5.459,0.30542,647.13,0.081,0.0,52100000.0,0.32,-0.212,0.258,0.0,0.999,1.087,-0.638,0.635,0.0,0.0,0.0,0.168272437,0.908482584,5.240427372,4,4C,0.296941807,0.000718744,0.0692,16655.0,12277.0,1.4515,0.67359,13855.59696,1.456360879,0.664155324,0.046473789,1,17.38710706,-6141.762746,0.0,0.0,0.0,0.0,0.0,0.0,0.0,0.0,0.0,0.0,0.0,no,1.0656,3.0007,366.51,0.034868,20790.8198,2.52,809.1,0.0,1.0,0,0.0,0.0,0.0,0.0,0.0,0.0,0.0,0.0,-262.49,140.52,0.0,0.0,0.0,276370.0,-2090.1,8.125,-0.014116,9.37e-06,0.923656,-0.37937,0.442429,52.419867266,12.0,6.0,0,0,0,0,0,0,0,0,0,0,0,0,0,0,0,0,0.0,0.0,QMMOXUPEWRXHJS-UHFFFAOYSA-N
349,cis-3-hexene,13269-52-8,HC,1352,C6H12,84.15948,0.6739,233.85,31.8,0.292,67.06,84.15948,352,Classic,1374.6,36.54003,-0.034802404,0.000116811,-1.3e-07,5.254448e-11,none,0.0,0.0,0.0,0.0,0.0,0,0.076,0.235662374,0.0,2.52,809.1,0.0,3,-27.952757828,4665.22592993,0.052323342,-3.8356e-05,-229000.0,-19.2905,29814.5,-0.019678,0.000132,-3.11e-07,0,solvent,0.0,0.0,0.0,0.0,0.054783425,0.094678512,-2.267329403,-0.384,0.00525,-6.37e-06,52.8786226,11498,1000.0,0.00611,158.95,158.95,-54400,189.0,0.0,0.0,0.0,0.0,0.0,5.459,0.30542,647.13,0.081,0.0,52100000.0,0.32,-0.212,0.258,0.0,0.999,1.087,-0.638,0.635,0.0,0.0,0.0,0.168272437,0.908482584,5.240427372,4,4C,0.296941807,0.000718744,0.0692,16655.0,12277.0,1.4515,0.67359,13855.59696,1.456360879,0.664155324,0.046473789,1,17.38710706,-6141.762746,0.0,0.0,0.0,0.0,0.0,0.0,0.0,0.0,0.0,0.0,0.0,no,1.0656,3.0007,366.51,0.034868,20790.8198,2.52,809.1,0.0,1.0,0,0.0,0.0,0.0,0.0,0.0,0.0,0.0,0.0,-262.49,140.52,0.0,0.0,0.0,276370.0,-2090.1,8.125,-0.014116,9.37e-06,0.923656,-0.37937,0.442429,52.419867266,12.0,6.0,0,0,0,0,0,0,0,0,0,0,0,0,0,0,0,0,0.0,0.0,ZQDPJFUHLCOCRG-UHFFFAOYSA-N
350,cis-3-octene,14850-22-7,HC,1353,C8H16,112.21264,0.724977,295.85,25.9,0.38,123,112.21264,461,Classic,1374.6,36.54003,-0.034802404,0.000116811,-1.3e-07,5.254448e-11,none,0.0,0.0,0.0,0.0,0.0,1.8,0.076,0.235662374,0.0,2.52,809.1,0.0,3,-27.952757828,4665.22592993,0.052323342,-3.8356e-05,-229000.0,-19.2905,29814.5,-0.019678,0.000132,-3.11e-07,0,solvent,0.0,0.0,0.0,0.0,0.054783425,0.094678512,-2.267329403,-0.384,0.00525,-6.37e-06,52.8786226,16678,1000.0,0.00611,163.15,163.15,-93710,482.27,0.0,0.0,0.0,0.0,0.0,5.459,0.30542,647.13,0.081,0.0,52100000.0,0.32,-0.212,0.258,0.0,0.999,1.087,-0.638,0.635,0.0,0.0,0.0,0.168272437,0.908482584,5.240427372,4,4C,0.296941807,0.000718744,0.0692,16655.0,12277.0,1.4515,0.67359,13855.59696,1.456360879,0.664155324,0.046473789,1,17.38710706,-6141.762746,0.0,0.0,0.0,0.0,0.0,0.0,0.0,0.0,0.0,0.0,0.0,no,1.0656,3.0007,366.51,0.034868,20790.8198,2.52,809.1,0.0,1.0,0,0.0,0.0,0.0,0.0,0.0,0.0,0.0,0.0,-262.49,140.52,0.0,0.0,0.0,276370.0,-2090.1,8.125,-0.014116,9.37e-06,0.923656,-0.37937,0.442429,52.419867266,12.0,6.0,0,0,0,0,0,0,0,0,0,0,0,0,0,0,0,0,0.0,0.0,YCTDZYMMFQCTEO-UHFFFAOYSA-N
351,cis-4-octene,14850-23-8,HC,1354,C8H16,112.21264,0.6988,292.85,25.5,0.339,122.4,112.21264,472,Classic,1374.6,36.54003,-0.034802404,0.000116811,-1.3e-07,5.254448e-11,none,0.0,0.0,0.0,0.0,0.0,1.8,0.076,0.235662374,0.0,2.52,809.1,0.0,3,-27.952757828,4665.22592993,0.052323342,-3.8356e-05,-229000.0,-19.2905,29814.5,-0.019678,0.000132,-3.11e-07,0,solvent,0.0,0.0,0.0,0.0,0.054783425,0.094678512,-2.267329403,-0.384,0.00525,-6.37e-06,52.8786226,16678,1000.0,0.00611,166.8,166.8,-94600,459.13,0.0,0.0,0.0,0.0,0.0,5.459,0.30542,647.13,0.081,0.0,52100000.0,0.32,-0.212,0.258,0.0,0.999,1.087,-0.638,0.635,0.0,0.0,0.0,0.168272437,0.908482584,5.240427372,4,4C,0.296941807,0.000718744,0.0692,16655.0,12277.0,1.4515,0.67359,13855.59696,1.456360879,0.664155324,0.046473789,1,17.38710706,-6141.762746,0.0,0.0,0.0,0.0,0.0,0.0,0.0,0.0,0.0,0.0,0.0,no,1.0656,3.0007,366.51,0.034868,20790.8198,2.52,809.1,0.0,1.0,0,0.0,0.0,0.0,0.0,0.0,0.0,0.0,0.0,-262.49,140.52,0.0,0.0,0.0,276370.0,-2090.1,8.125,-0.014116,9.37e-06,0.923656,-0.37937,0.442429,52.419867266,12.0,6.0,0,0,0,0,0,0,0,0,0,0,0,0,0,0,0,0,0.0,0.0,IRUCBBFNLDIMIK-UHFFFAOYSA-N
352,cumene,98-82-8,HC,1355,C9H12,120.19158,0.864757,357.85,32.09,0.3261,152.4,120.19158,423,Classic,1374.6,36.54003,-0.034802404,0.000116811,-1.3e-07,5.254448e-11,none,0.0,0.0,0.0,0.0,0.0,0.8,0.076,0.235662374,0.0,2.52,809.1,0.0,3,-27.952757828,4665.22592993,0.052323342,-3.8356e-05,-229000.0,-19.2905,29814.5,-0.019678,0.000132,-3.11e-07,0,solvent,0.0,0.0,0.0,0.0,0.054783425,0.094678512,-2.267329403,-0.384,0.00525,-6.37e-06,52.8786226,7330,1000.0,0.00611,177.13,177.15,4000,386.53,0.0,0.0,0.0,0.0,0.0,5.459,0.30542,647.13,0.081,0.0,52100000.0,0.32,-0.212,0.258,0.0,0.999,1.087,-0.638,0.635,0.0,0.0,0.0,0.168272437,0.908482584,5.240427372,4,4C,0.296941807,0.000718744,0.0692,16655.0,12277.0,1.4515,0.67359,13855.59696,1.456360879,0.664155324,0.046473789,1,17.38710706,-6141.762746,0.0,0.0,0.0,0.0,0.0,0.0,0.0,0.0,0.0,0.0,0.0,no,1.0656,3.0007,366.51,0.034868,20790.8198,2.52,809.1,0.0,1.0,0,0.0,0.0,0.0,0.0,0.0,0.0,0.0,0.0,-262.49,140.52,0.0,0.0,0.0,276370.0,-2090.1,8.125,-0.014116,9.37e-06,0.923656,-0.37937,0.442429,52.419867266,12.0,6.0,0,0,0,0,0,0,0,0,0,0,0,0,0,0,0,0,0.0,0.0,RWGFKTVRMDUZSP-UHFFFAOYSA-N
353,cyclohexene,110-83-8,HC,1356,C6H10,82.1436,0.814854,287.25,44.3,0.2741,82.9,82.1436,290,Classic,1374.6,36.54003,-0.034802404,0.000116811,-1.3e-07,5.254448e-11,none,0.0,0.0,0.0,0.0,0.0,0.33,0.076,0.235662374,0.0,2.52,809.1,0.0,3,-27.952757828,4665.22592993,0.052323342,-3.8356e-05,-229000.0,-19.2905,29814.5,-0.019678,0.000132,-3.11e-07,0,solvent,0.0,0.0,0.0,0.0,0.054783425,0.094678512,-2.267329403,-0.384,0.00525,-6.37e-06,52.8786226,3290,1000.0,0.00611,169.683043,169.15,-5000,310.45,0.0,0.0,0.0,0.0,0.0,5.459,0.30542,647.13,0.081,0.0,52100000.0,0.32,-0.212,0.258,0.0,0.999,1.087,-0.638,0.635,0.0,0.0,0.0,0.168272437,0.908482584,5.240427372,4,4C,0.296941807,0.000718744,0.0692,16655.0,12277.0,1.4515,0.67359,13855.59696,1.456360879,0.664155324,0.046473789,1,17.38710706,-6141.762746,0.0,0.0,0.0,0.0,0.0,0.0,0.0,0.0,0.0,0.0,0.0,no,1.0656,3.0007,366.51,0.034868,20790.8198,2.52,809.1,0.0,1.0,0,0.0,0.0,0.0,0.0,0.0,0.0,0.0,0.0,-262.49,140.52,0.0,0.0,0.0,276370.0,-2090.1,8.125,-0.014116,9.37e-06,0.923656,-0.37937,0.442429,52.419867266,12.0,6.0,0,0,0,0,0,0,0,0,0,0,0,0,0,0,0,0,0.0,0.0,HGCIXCUEYOPUTN-UHFFFAOYSA-N
354,1-methylcyclohexene,591-49-1,HC,1357,C7H12,96.17018,0.7984,311.05,35.6664,0.2576,110.3,96.17018,353.6,Classic,1374.6,36.54003,-0.034802404,0.000116811,-1.3e-07,5.254448e-11,none,0.0,0.0,0.0,0.0,0.0,1.8,0.076,0.235662374,0.0,2.52,809.1,0.0,3,-27.952757828,4665.22592993,0.052323342,-3.8356e-05,-229000.0,-19.2905,29814.5,-0.019678,0.000132,-3.11e-07,0,solvent,0.0,0.0,0.0,0.0,0.054783425,0.094678512,-2.267329403,-0.384,0.00525,-6.37e-06,52.8786226,5483,1000.0,0.00611,152.75,152.75,-36320,189.0,0.0,0.0,0.0,0.0,0.0,5.459,0.30542,647.13,0.081,0.0,52100000.0,0.32,-0.212,0.258,0.0,0.999,1.087,-0.638,0.635,0.0,0.0,0.0,0.168272437,0.908482584,5.240427372,4,4C,0.296941807,0.000718744,0.0692,16655.0,12277.0,1.4515,0.67359,13855.59696,1.456360879,0.664155324,0.046473789,1,17.38710706,-6141.762746,0.0,0.0,0.0,0.0,0.0,0.0,0.0,0.0,0.0,0.0,0.0,no,1.0656,3.0007,366.51,0.034868,20790.8198,2.52,809.1,0.0,1.0,0,0.0,0.0,0.0,0.0,0.0,0.0,0.0,0.0,-262.49,140.52,0.0,0.0,0.0,276370.0,-2090.1,8.125,-0.014116,9.37e-06,0.923656,-0.37937,0.442429,52.419867266,12.0,6.0,0,0,0,0,0,0,0,0,0,0,0,0,0,0,0,0,0.0,0.0,CTMHWPIWNRWQEG-UHFFFAOYSA-N
355,"1,2,3-trimethylcyclopentane",2815-57-8,HC,1358,C8H16,112.21264,0.7784,307.11696,28.535686,0.2594502,115.43,112.21264,422.5,Classic,1374.6,36.54003,-0.034802404,0.000116811,-1.3e-07,5.254448e-11,none,0.0,0.0,0.0,0.0,0.0,1.8,0.076,0.235662374,0.0,2.52,809.1,0.0,3,-27.952757828,4665.22592993,0.052323342,-3.8356e-05,-229000.0,-19.2905,29814.5,-0.019678,0.000132,-3.11e-07,0,solvent,0.0,0.0,0.0,0.0,0.054783425,0.094678512,-2.267329403,-0.384,0.00525,-6.37e-06,52.8786226,12553,1000.0,0.00611,158.95,158.95,-188650,189.0,0.0,0.0,0.0,0.0,0.0,5.459,0.30542,647.13,0.081,0.0,52100000.0,0.32,-0.212,0.258,0.0,0.999,1.087,-0.638,0.635,0.0,0.0,0.0,0.168272437,0.908482584,5.240427372,4,4C,0.296941807,0.000718744,0.0692,16655.0,12277.0,1.4515,0.67359,13855.59696,1.456360879,0.664155324,0.046473789,1,17.38710706,-6141.762746,0.0,0.0,0.0,0.0,0.0,0.0,0.0,0.0,0.0,0.0,0.0,no,1.0656,3.0007,366.51,0.034868,20790.8198,2.52,809.1,0.0,1.0,0,0.0,0.0,0.0,0.0,0.0,0.0,0.0,0.0,-262.49,140.52,0.0,0.0,0.0,276370.0,-2090.1,8.125,-0.014116,9.37e-06,0.923656,-0.37937,0.442429,52.419867266,12.0,6.0,0,0,0,0,0,0,0,0,0,0,0,0,0,0,0,0,0.0,0.0,VCWNHOPGKQCXIQ-UHFFFAOYSA-N
356,1-ethyl-3-methylcyclopentane,3726-47-4,HC,1359,C8H16,112.21264,0.7793,312.12,29.47,0.276,121.04008,112.21264,423.9,Classic,1374.6,36.54003,-0.034802404,0.000116811,-1.3e-07,5.254448e-11,none,0.0,0.0,0.0,0.0,0.0,1.8,0.076,0.235662374,0.0,2.52,809.1,0.0,3,-27.952757828,4665.22592993,0.052323342,-3.8356e-05,-229000.0,-19.2905,29814.5,-0.019678,0.000132,-3.11e-07,0,solvent,0.0,0.0,0.0,0.0,0.054783425,0.094678512,-2.267329403,-0.384,0.00525,-6.37e-06,52.8786226,11482,1000.0,0.00611,165.15,165.15,-168310,189.0,0.0,0.0,0.0,0.0,0.0,5.459,0.30542,647.13,0.081,0.0,52100000.0,0.32,-0.212,0.258,0.0,0.999,1.087,-0.638,0.635,0.0,0.0,0.0,0.168272437,0.908482584,5.240427372,4,4C,0.296941807,0.000718744,0.0692,16655.0,12277.0,1.4515,0.67359,13855.59696,1.456360879,0.664155324,0.046473789,1,17.38710706,-6141.762746,0.0,0.0,0.0,0.0,0.0,0.0,0.0,0.0,0.0,0.0,0.0,no,1.0656,3.0007,366.51,0.034868,20790.8198,2.52,809.1,0.0,1.0,0,0.0,0.0,0.0,0.0,0.0,0.0,0.0,0.0,-262.49,140.52,0.0,0.0,0.0,276370.0,-2090.1,8.125,-0.014116,9.37e-06,0.923656,-0.37937,0.442429,52.419867266,12.0,6.0,0,0,0,0,0,0,0,0,0,0,0,0,0,0,0,0,0.0,0.0,PQXAPVOKLYINEI-UHFFFAOYSA-N
357,cyclopentene,142-29-0,HC,1360,C5H8,68.11702,0.776516,233.35,48,0.194,44.2,68.11702,245,Classic,1374.6,36.54003,-0.034802404,0.000116811,-1.3e-07,5.254448e-11,none,0.0,0.0,0.0,0.0,0.0,0.19,0.076,0.235662374,0.0,2.52,809.1,0.0,3,-27.952757828,4665.22592993,0.052323342,-3.8356e-05,-229000.0,-19.2905,29814.5,-0.019678,0.000132,-3.11e-07,0,solvent,0.0,0.0,0.0,0.0,0.054783425,0.094678512,-2.267329403,-0.384,0.00525,-6.37e-06,52.8786226,3360,1000.0,0.00611,138.144029,138.15,34000,289.66,0.0,0.0,0.0,0.0,0.0,5.459,0.30542,647.13,0.081,0.0,52100000.0,0.32,-0.212,0.258,0.0,0.999,1.087,-0.638,0.635,0.0,0.0,0.0,0.168272437,0.908482584,5.240427372,4,4C,0.296941807,0.000718744,0.0692,16655.0,12277.0,1.4515,0.67359,13855.59696,1.456360879,0.664155324,0.046473789,1,17.38710706,-6141.762746,0.0,0.0,0.0,0.0,0.0,0.0,0.0,0.0,0.0,0.0,0.0,no,1.0656,3.0007,366.51,0.034868,20790.8198,2.52,809.1,0.0,1.0,0,0.0,0.0,0.0,0.0,0.0,0.0,0.0,0.0,-262.49,140.52,0.0,0.0,0.0,276370.0,-2090.1,8.125,-0.014116,9.37e-06,0.923656,-0.37937,0.442429,52.419867266,12.0,6.0,0,0,0,0,0,0,0,0,0,0,0,0,0,0,0,0,0.0,0.0,LPIQUOYDBNQMRZ-UHFFFAOYSA-N
358,isobutylbenzene,538-93-2,HC,1361,C10H14,134.21816,0.8309,376.85,30.5,0.3694,172.7,134.21816,493,Classic,1374.6,36.54003,-0.034802404,0.000116811,-1.3e-07,5.254448e-11,none,0.0,0.0,0.0,0.0,0.0,0.3,0.076,0.235662374,0.0,2.52,809.1,0.0,3,-27.952757828,4665.22592993,0.052323342,-3.8356e-05,-229000.0,-19.2905,29814.5,-0.019678,0.000132,-3.11e-07,0,solvent,0.0,0.0,0.0,0.0,0.054783425,0.094678512,-2.267329403,-0.384,0.00525,-6.37e-06,52.8786226,12174,1000.0,0.00611,222.15,222.15,-21900,434.38,0.0,0.0,0.0,0.0,0.0,5.459,0.30542,647.13,0.081,0.0,52100000.0,0.32,-0.212,0.258,0.0,0.999,1.087,-0.638,0.635,0.0,0.0,0.0,0.168272437,0.908482584,5.240427372,4,4C,0.296941807,0.000718744,0.0692,16655.0,12277.0,1.4515,0.67359,13855.59696,1.456360879,0.664155324,0.046473789,1,17.38710706,-6141.762746,0.0,0.0,0.0,0.0,0.0,0.0,0.0,0.0,0.0,0.0,0.0,no,1.0656,3.0007,366.51,0.034868,20790.8198,2.52,809.1,0.0,1.0,0,0.0,0.0,0.0,0.0,0.0,0.0,0.0,0.0,-262.49,140.52,0.0,0.0,0.0,276370.0,-2090.1,8.125,-0.014116,9.37e-06,0.923656,-0.37937,0.442429,52.419867266,12.0,6.0,0,0,0,0,0,0,0,0,0,0,0,0,0,0,0,0,0.0,0.0,KXUHSQYYJYAXGZ-UHFFFAOYSA-N
359,isobutylcyclohexane,1678-98-4,HC,1362,C10H20,140.2658,0.7722,368.95,26.1,0.3189,171.3,140.2658,550,Classic,1374.6,36.54003,-0.034802404,0.000116811,-1.3e-07,5.254448e-11,none,0.0,0.0,0.0,0.0,0.0,1.8,0.076,0.235662374,0.0,2.52,809.1,0.0,3,-27.952757828,4665.22592993,0.052323342,-3.8356e-05,-229000.0,-19.2905,29814.5,-0.019678,0.000132,-3.11e-07,0,solvent,0.0,0.0,0.0,0.0,0.054783425,0.094678512,-2.267329403,-0.384,0.00525,-6.37e-06,52.8786226,9968,1000.0,0.00611,178.15,178.15,-136740,189.0,0.0,0.0,0.0,0.0,0.0,5.459,0.30542,647.13,0.081,0.0,52100000.0,0.32,-0.212,0.258,0.0,0.999,1.087,-0.638,0.635,0.0,0.0,0.0,0.168272437,0.908482584,5.240427372,4,4C,0.296941807,0.000718744,0.0692,16655.0,12277.0,1.4515,0.67359,13855.59696,1.456360879,0.664155324,0.046473789,1,17.38710706,-6141.762746,0.0,0.0,0.0,0.0,0.0,0.0,0.0,0.0,0.0,0.0,0.0,no,1.0656,3.0007,366.51,0.034868,20790.8198,2.52,809.1,0.0,1.0,0,0.0,0.0,0.0,0.0,0.0,0.0,0.0,0.0,-262.49,140.52,0.0,0.0,0.0,276370.0,-2090.1,8.125,-0.014116,9.37e-06,0.923656,-0.37937,0.442429,52.419867266,12.0,6.0,0,0,0,0,0,0,0,0,0,0,0,0,0,0,0,0,0.0,0.0,FFROMNOQCNVNIH-UHFFFAOYSA-N
360,isoprene,78-79-5,HC,1363,C5H8,68.11702,0.7154,210.15,37.39997,0.164,34,68.11702,266,Classic,1374.6,36.54003,-0.034802404,0.000116811,-1.3e-07,5.254448e-11,none,0.0,0.0,0.0,0.0,0.0,0.25,0.076,0.235662374,0.0,2.52,809.1,0.0,3,-27.952757828,4665.22592993,0.052323342,-3.8356e-05,-229000.0,-19.2905,29814.5,-0.019678,0.000132,-3.11e-07,0,solvent,0.0,0.0,0.0,0.0,0.054783425,0.094678512,-2.267329403,-0.384,0.00525,-6.37e-06,52.8786226,4930,1000.0,0.00611,127.25858,127.15,75500,314.76,0.0,0.0,0.0,0.0,0.0,5.459,0.30542,647.13,0.081,0.0,52100000.0,0.32,-0.212,0.258,0.0,0.999,1.087,-0.638,0.635,0.0,0.0,0.0,0.168272437,0.908482584,5.240427372,4,4C,0.296941807,0.000718744,0.0692,16655.0,12277.0,1.4515,0.67359,13855.59696,1.456360879,0.664155324,0.046473789,1,17.38710706,-6141.762746,0.0,0.0,0.0,0.0,0.0,0.0,0.0,0.0,0.0,0.0,0.0,no,1.0656,3.0007,366.51,0.034868,20790.8198,2.52,809.1,0.0,1.0,0,0.0,0.0,0.0,0.0,0.0,0.0,0.0,0.0,-262.49,140.52,0.0,0.0,0.0,276370.0,-2090.1,8.125,-0.014116,9.37e-06,0.923656,-0.37937,0.442429,52.419867266,12.0,6.0,0,0,0,0,0,0,0,0,0,0,0,0,0,0,0,0,0.0,0.0,RRHGJUQNOFWUDK-UHFFFAOYSA-N
361,mesitylene,108-67-8,HC,1364,C9H12,120.19158,0.867947,364.15,31.27,0.3796,164.7,120.19158,435,Classic,1374.6,36.54003,-0.034802404,0.000116811,-1.3e-07,5.254448e-11,none,0.0,0.0,0.0,0.0,0.0,0.1,0.076,0.235662374,0.0,2.52,809.1,0.0,3,-27.952757828,4665.22592993,0.052323342,-3.8356e-05,-229000.0,-19.2905,29814.5,-0.019678,0.000132,-3.11e-07,0,solvent,0.0,0.0,0.0,0.0,0.054783425,0.094678512,-2.267329403,-0.384,0.00525,-6.37e-06,52.8786226,9510,1000.0,0.00611,228.42,228.15,-15900,385.3,0.0,0.0,0.0,0.0,0.0,5.459,0.30542,647.13,0.081,0.0,52100000.0,0.32,-0.212,0.258,0.0,0.999,1.087,-0.638,0.635,0.0,0.0,0.0,0.168272437,0.908482584,5.240427372,4,4C,0.296941807,0.000718744,0.0692,16655.0,12277.0,1.4515,0.67359,13855.59696,1.456360879,0.664155324,0.046473789,1,17.38710706,-6141.762746,0.0,0.0,0.0,0.0,0.0,0.0,0.0,0.0,0.0,0.0,0.0,no,1.0656,3.0007,366.51,0.034868,20790.8198,2.52,809.1,0.0,1.0,0,0.0,0.0,0.0,0.0,0.0,0.0,0.0,0.0,-262.49,140.52,0.0,0.0,0.0,276370.0,-2090.1,8.125,-0.014116,9.37e-06,0.923656,-0.37937,0.442429,52.419867266,12.0,6.0,0,0,0,0,0,0,0,0,0,0,0,0,0,0,0,0,0.0,0.0,AUHZEENZYGFFBQ-UHFFFAOYSA-N
362,"2,7-dimethyloctane",1072-16-8,HC,1365,C10H22,142.28168,0.727164,329.75,20.97428,0.4459,160,142.28168,590,Classic,1374.6,36.54003,-0.034802404,0.000116811,-1.3e-07,5.254448e-11,none,0.0,0.0,0.0,0.0,0.0,1.8,0.076,0.235662374,0.0,2.52,809.1,0.0,3,-27.952757828,4665.22592993,0.052323342,-3.8356e-05,-229000.0,-19.2905,29814.5,-0.019678,0.000132,-3.11e-07,0,solvent,0.0,0.0,0.0,0.0,0.054783425,0.094678512,-2.267329403,-0.384,0.00525,-6.37e-06,52.8786226,14610,1000.0,0.00611,218.25,218.25,-263510,517.18,0.0,0.0,0.0,0.0,0.0,5.459,0.30542,647.13,0.081,0.0,52100000.0,0.32,-0.212,0.258,0.0,0.999,1.087,-0.638,0.635,0.0,0.0,0.0,0.168272437,0.908482584,5.240427372,4,4C,0.296941807,0.000718744,0.0692,16655.0,12277.0,1.4515,0.67359,13855.59696,1.456360879,0.664155324,0.046473789,1,17.38710706,-6141.762746,0.0,0.0,0.0,0.0,0.0,0.0,0.0,0.0,0.0,0.0,0.0,no,1.0656,3.0007,366.51,0.034868,20790.8198,2.52,809.1,0.0,1.0,0,0.0,0.0,0.0,0.0,0.0,0.0,0.0,0.0,-262.49,140.52,0.0,0.0,0.0,276370.0,-2090.1,8.125,-0.014116,9.37e-06,0.923656,-0.37937,0.442429,52.419867266,12.0,6.0,0,0,0,0,0,0,0,0,0,0,0,0,0,0,0,0,0.0,0.0,KEVMYFLMMDUPJE-UHFFFAOYSA-N
363,pentamethylbenzene,700-12-9,HC,1366,C11H16,148.24474,0.920174,446,28.7,0.464,232,148.24474,538,Classic,1374.6,36.54003,-0.034802404,0.000116811,-1.3e-07,5.254448e-11,none,0.0,0.0,0.0,0.0,0.0,1.8,0.076,0.235662374,0.0,2.52,809.1,0.0,3,-27.952757828,4665.22592993,0.052323342,-3.8356e-05,-229000.0,-19.2905,29814.5,-0.019678,0.000132,-3.11e-07,0,solvent,0.0,0.0,0.0,0.0,0.054783425,0.094678512,-2.267329403,-0.384,0.00525,-6.37e-06,52.8786226,16731,1000.0,0.00611,327.4,327.4,-67200,444.82,0.0,0.0,0.0,0.0,0.0,5.459,0.30542,647.13,0.081,0.0,52100000.0,0.32,-0.212,0.258,0.0,0.999,1.087,-0.638,0.635,0.0,0.0,0.0,0.168272437,0.908482584,5.240427372,4,4C,0.296941807,0.000718744,0.0692,16655.0,12277.0,1.4515,0.67359,13855.59696,1.456360879,0.664155324,0.046473789,1,17.38710706,-6141.762746,0.0,0.0,0.0,0.0,0.0,0.0,0.0,0.0,0.0,0.0,0.0,no,1.0656,3.0007,366.51,0.034868,20790.8198,2.52,809.1,0.0,1.0,0,0.0,0.0,0.0,0.0,0.0,0.0,0.0,0.0,-262.49,140.52,0.0,0.0,0.0,276370.0,-2090.1,8.125,-0.014116,9.37e-06,0.923656,-0.37937,0.442429,52.419867266,12.0,6.0,0,0,0,0,0,0,0,0,0,0,0,0,0,0,0,0,0.0,0.0,BEZDDPMMPIDMGJ-UHFFFAOYSA-N
364,"trans-1,3-Pentadiene",2004-70-8,HC,1367,C5H8,68.11702,0.6799,222.85,39.92205,0.175,42,68.11702,275,Classic,1374.6,36.54003,-0.034802404,0.000116811,-1.3e-07,5.254448e-11,none,0.0,0.0,0.0,0.0,0.0,0.58,0.076,0.235662374,0.0,2.52,809.1,0.0,3,-27.952757828,4665.22592993,0.052323342,-3.8356e-05,-229000.0,-19.2905,29814.5,-0.019678,0.000132,-3.11e-07,0,solvent,0.0,0.0,0.0,0.0,0.054783425,0.094678512,-2.267329403,-0.384,0.00525,-6.37e-06,52.8786226,7140,1000.0,0.00611,185.71,185.65,76100,315.6,0.0,0.0,0.0,0.0,0.0,5.459,0.30542,647.13,0.081,0.0,52100000.0,0.32,-0.212,0.258,0.0,0.999,1.087,-0.638,0.635,0.0,0.0,0.0,0.168272437,0.908482584,5.240427372,4,4C,0.296941807,0.000718744,0.0692,16655.0,12277.0,1.4515,0.67359,13855.59696,1.456360879,0.664155324,0.046473789,1,17.38710706,-6141.762746,0.0,0.0,0.0,0.0,0.0,0.0,0.0,0.0,0.0,0.0,0.0,no,1.0656,3.0007,366.51,0.034868,20790.8198,2.52,809.1,0.0,1.0,0,0.0,0.0,0.0,0.0,0.0,0.0,0.0,0.0,-262.49,140.52,0.0,0.0,0.0,276370.0,-2090.1,8.125,-0.014116,9.37e-06,0.923656,-0.37937,0.442429,52.419867266,12.0,6.0,0,0,0,0,0,0,0,0,0,0,0,0,0,0,0,0,0.0,0.0,PMJHHCWVYXUKFD-SNAWJCMRSA-N
365,trans-1-ethyl-2-methylcyclopentane,930-90-5,HC,1368,C8H16,112.21264,0.771668,313.99,29.57,0.29,121,112.21264,423.5,Classic,1374.6,36.54003,-0.034802404,0.000116811,-1.3e-07,5.254448e-11,none,0.0,0.0,0.0,0.0,0.0,1.8,0.076,0.235662374,0.0,2.52,809.1,0.0,3,-27.952757828,4665.22592993,0.052323342,-3.8356e-05,-229000.0,-19.2905,29814.5,-0.019678,0.000132,-3.11e-07,0,solvent,0.0,0.0,0.0,0.0,0.054783425,0.094678512,-2.267329403,-0.384,0.00525,-6.37e-06,52.8786226,11482,1000.0,0.00611,164.15,164.15,-156200,374.84,0.0,0.0,0.0,0.0,0.0,5.459,0.30542,647.13,0.081,0.0,52100000.0,0.32,-0.212,0.258,0.0,0.999,1.087,-0.638,0.635,0.0,0.0,0.0,0.168272437,0.908482584,5.240427372,4,4C,0.296941807,0.000718744,0.0692,16655.0,12277.0,1.4515,0.67359,13855.59696,1.456360879,0.664155324,0.046473789,1,17.38710706,-6141.762746,0.0,0.0,0.0,0.0,0.0,0.0,0.0,0.0,0.0,0.0,0.0,no,1.0656,3.0007,366.51,0.034868,20790.8198,2.52,809.1,0.0,1.0,0,0.0,0.0,0.0,0.0,0.0,0.0,0.0,0.0,-262.49,140.52,0.0,0.0,0.0,276370.0,-2090.1,8.125,-0.014116,9.37e-06,0.923656,-0.37937,0.442429,52.419867266,12.0,6.0,0,0,0,0,0,0,0,0,0,0,0,0,0,0,0,0,0.0,0.0,BSKOLJVTLRLTHE-HTQZYQBOSA-N
366,trans-2-nonene,6434-78-2,HC,1369,C9H18,126.23922,0.7227,323.95,23.7,0.411,144.5500,126.23922,525,Classic,1374.6,36.54003,-0.034802404,0.000116811,-1.3e-07,5.254448e-11,none,0.0,0.0,0.0,0.0,0.0,1.8,0.076,0.235662374,0.0,2.52,809.1,0.0,3,-27.952757828,4665.22592993,0.052323342,-3.8356e-05,-229000.0,-19.2905,29814.5,-0.019678,0.000132,-3.11e-07,0,solvent,0.0,0.0,0.0,0.0,0.054783425,0.094678512,-2.267329403,-0.384,0.00525,-6.37e-06,52.8786226,19268,1000.0,0.00611,186.11,186.11,-111870,189.0,0.0,0.0,0.0,0.0,0.0,5.459,0.30542,647.13,0.081,0.0,52100000.0,0.32,-0.212,0.258,0.0,0.999,1.087,-0.638,0.635,0.0,0.0,0.0,0.168272437,0.908482584,5.240427372,4,4C,0.296941807,0.000718744,0.0692,16655.0,12277.0,1.4515,0.67359,13855.59696,1.456360879,0.664155324,0.046473789,1,17.38710706,-6141.762746,0.0,0.0,0.0,0.0,0.0,0.0,0.0,0.0,0.0,0.0,0.0,no,1.0656,3.0007,366.51,0.034868,20790.8198,2.52,809.1,0.0,1.0,0,0.0,0.0,0.0,0.0,0.0,0.0,0.0,0.0,-262.49,140.52,0.0,0.0,0.0,276370.0,-2090.1,8.125,-0.014116,9.37e-06,0.923656,-0.37937,0.442429,52.419867266,12.0,6.0,0,0,0,0,0,0,0,0,0,0,0,0,0,0,0,0,0.0,0.0,IICQZTQZQSBHBY-UHFFFAOYSA-N
367,trans-3-Methyl-2-pentene,616-12-6,HC,1370,C6H12,84.15948,0.70082,248.333333333,32.9293608322,0.2072,70.4280,84.15948,343,Classic,1374.6,36.54003,-0.034802404,0.000116811,-1.3e-07,5.254448e-11,none,0.0,0.0,0.0,0.0,0.0,1.8,0.076,0.235662374,0.0,2.52,809.1,0.0,3,-27.952757828,4665.22592993,0.052323342,-3.8356e-05,-229000.0,-19.2905,29814.5,-0.019678,0.000132,-3.11e-07,0,solvent,0.0,0.0,0.0,0.0,0.054783425,0.094678512,-2.267329403,-0.384,0.00525,-6.37e-06,52.8786226,10188,1000.0,0.00611,134.65,134.65,-63100,381.83,0.0,0.0,0.0,0.0,0.0,5.459,0.30542,647.13,0.081,0.0,52100000.0,0.32,-0.212,0.258,0.0,0.999,1.087,-0.638,0.635,0.0,0.0,0.0,0.168272437,0.908482584,5.240427372,4,4C,0.296941807,0.000718744,0.0692,16655.0,12277.0,1.4515,0.67359,13855.59696,1.456360879,0.664155324,0.046473789,1,17.38710706,-6141.762746,0.0,0.0,0.0,0.0,0.0,0.0,0.0,0.0,0.0,0.0,0.0,no,1.0656,3.0007,366.51,0.034868,20790.8198,2.52,809.1,0.0,1.0,0,0.0,0.0,0.0,0.0,0.0,0.0,0.0,0.0,-262.49,140.52,0.0,0.0,0.0,276370.0,-2090.1,8.125,-0.014116,9.37e-06,0.923656,-0.37937,0.442429,52.419867266,12.0,6.0,0,0,0,0,0,0,0,0,0,0,0,0,0,0,0,0,0.0,0.0,BEQGRRJLJLVQAQ-GQCTYLIASA-N
368,trans-3-heptene,14686-14-7,HC,1371,C7H14,98.18606,0.70189,265.45,30,0.334,96,98.18606,411,Classic,1374.6,36.54003,-0.034802404,0.000116811,-1.3e-07,5.254448e-11,none,0.0,0.0,0.0,0.0,0.0,1.8,0.076,0.235662374,0.0,2.52,809.1,0.0,3,-27.952757828,4665.22592993,0.052323342,-3.8356e-05,-229000.0,-19.2905,29814.5,-0.019678,0.000132,-3.11e-07,0,solvent,0.0,0.0,0.0,0.0,0.054783425,0.094678512,-2.267329403,-0.384,0.00525,-6.37e-06,52.8786226,14088,1000.0,0.00611,136.55,136.55,-73233.785,423.33,0.0,0.0,0.0,0.0,0.0,5.459,0.30542,647.13,0.081,0.0,52100000.0,0.32,-0.212,0.258,0.0,0.999,1.087,-0.638,0.635,0.0,0.0,0.0,0.168272437,0.908482584,5.240427372,4,4C,0.296941807,0.000718744,0.0692,16655.0,12277.0,1.4515,0.67359,13855.59696,1.456360879,0.664155324,0.046473789,1,17.38710706,-6141.762746,0.0,0.0,0.0,0.0,0.0,0.0,0.0,0.0,0.0,0.0,0.0,no,1.0656,3.0007,366.51,0.034868,20790.8198,2.52,809.1,0.0,1.0,0,0.0,0.0,0.0,0.0,0.0,0.0,0.0,0.0,-262.49,140.52,0.0,0.0,0.0,276370.0,-2090.1,8.125,-0.014116,9.37e-06,0.923656,-0.37937,0.442429,52.419867266,12.0,6.0,0,0,0,0,0,0,0,0,0,0,0,0,0,0,0,0,0.0,0.0,WZHKDGJSXCTSCK-UHFFFAOYSA-N
369,trans-3-nonene,125146-82-9,HC,1372,C9H18,126.23922,0.7255,307.75018,24.266544,0.41439023,136.53,126.23922,519.5,Classic,1374.6,36.54003,-0.034802404,0.000116811,-1.3e-07,5.254448e-11,none,0.0,0.0,0.0,0.0,0.0,1.8,0.076,0.235662374,0.0,2.52,809.1,0.0,3,-27.952757828,4665.22592993,0.052323342,-3.8356e-05,-229000.0,-19.2905,29814.5,-0.019678,0.000132,-3.11e-07,0,solvent,0.0,0.0,0.0,0.0,0.054783425,0.094678512,-2.267329403,-0.384,0.00525,-6.37e-06,52.8786226,19268,1000.0,0.00611,186.11,186.11,-111870,189.0,0.0,0.0,0.0,0.0,0.0,5.459,0.30542,647.13,0.081,0.0,52100000.0,0.32,-0.212,0.258,0.0,0.999,1.087,-0.638,0.635,0.0,0.0,0.0,0.168272437,0.908482584,5.240427372,4,4C,0.296941807,0.000718744,0.0692,16655.0,12277.0,1.4515,0.67359,13855.59696,1.456360879,0.664155324,0.046473789,1,17.38710706,-6141.762746,0.0,0.0,0.0,0.0,0.0,0.0,0.0,0.0,0.0,0.0,0.0,no,1.0656,3.0007,366.51,0.034868,20790.8198,2.52,809.1,0.0,1.0,0,0.0,0.0,0.0,0.0,0.0,0.0,0.0,0.0,-262.49,140.52,0.0,0.0,0.0,276370.0,-2090.1,8.125,-0.014116,9.37e-06,0.923656,-0.37937,0.442429,52.419867266,12.0,6.0,0,0,0,0,0,0,0,0,0,0,0,0,0,0,0,0,0.0,0.0,YCBSHDKATAPNIA-UHFFFAOYSA-N
370,trans-4-Methyl-2-pentene,674-76-0,HC,1373,C6H12,84.15948,0.673515,227.85,32.2,0.255,58.58,84.15948,346,Classic,1374.6,36.54003,-0.034802404,0.000116811,-1.3e-07,5.254448e-11,none,0.0,0.0,0.0,0.0,0.0,1.8,0.076,0.235662374,0.0,2.52,809.1,0.0,3,-27.952757828,4665.22592993,0.052323342,-3.8356e-05,-229000.0,-19.2905,29814.5,-0.019678,0.000132,-3.11e-07,0,solvent,0.0,0.0,0.0,0.0,0.054783425,0.094678512,-2.267329403,-0.384,0.00525,-6.37e-06,52.8786226,7975,1000.0,0.00611,132.35,132.35,-61500,368.08,0.0,0.0,0.0,0.0,0.0,5.459,0.30542,647.13,0.081,0.0,52100000.0,0.32,-0.212,0.258,0.0,0.999,1.087,-0.638,0.635,0.0,0.0,0.0,0.168272437,0.908482584,5.240427372,4,4C,0.296941807,0.000718744,0.0692,16655.0,12277.0,1.4515,0.67359,13855.59696,1.456360879,0.664155324,0.046473789,1,17.38710706,-6141.762746,0.0,0.0,0.0,0.0,0.0,0.0,0.0,0.0,0.0,0.0,0.0,no,1.0656,3.0007,366.51,0.034868,20790.8198,2.52,809.1,0.0,1.0,0,0.0,0.0,0.0,0.0,0.0,0.0,0.0,0.0,-262.49,140.52,0.0,0.0,0.0,276370.0,-2090.1,8.125,-0.014116,9.37e-06,0.923656,-0.37937,0.442429,52.419867266,12.0,6.0,0,0,0,0,0,0,0,0,0,0,0,0,0,0,0,0,0.0,0.0,LGAQJENWWYGFSN-SNAWJCMRSA-N
371,"1,1-dimethylcyclohexane",590-66-9,GEN,76824,C8H16,112.21264,0.7852,317.85,29.38425,0.238,119.5,112.21264,450,Classic,1374.6,36.54003,-0.034802404,0.000116811,-1.3e-07,5.254448e-11,none,0.0,0.0,0.0,0.0,0.0,1.8,0.076,0.235662374,0.0,2.52,809.1,0.0,3,-27.952757828,4665.22592993,0.052323342,-3.8356e-05,-229000.0,-19.2905,29814.5,-0.019678,0.000132,-3.11e-07,0,solvent,0.0,0.0,0.0,0.0,0.054783425,0.094678512,-2.267329403,-0.384,0.00525,-6.37e-06,52.8786226,2070,1000.0,0.00611,239.817028,240,-180900,364.93,0.0,0.0,0.0,0.0,0.0,5.459,0.30542,647.13,0.081,0.0,52100000.0,0.32,-0.212,0.258,0.0,0.999,1.087,-0.638,0.635,0.0,0.0,0.0,0.168272437,0.908482584,5.240427372,4,4C,0.296941807,0.000718744,0.0692,16655.0,12277.0,1.4515,0.67359,13855.59696,1.456360879,0.664155324,0.046473789,1,17.38710706,-6141.762746,0.0,0.0,0.0,0.0,0.0,0.0,0.0,0.0,0.0,0.0,0.0,no,1.0656,3.0007,366.51,0.034868,20790.8198,2.52,809.1,0.0,1.0,0,0.0,0.0,0.0,0.0,0.0,0.0,0.0,0.0,-262.49,140.52,0.0,0.0,0.0,276370.0,-2090.1,8.125,-0.014116,9.37e-06,0.923656,-0.37937,0.442429,52.419867266,12.0,6.0,0,0,0,0,0,0,0,0,0,0,0,0,0,0,0,0,0.0,0.0,QEGNUYASOUJEHD-UHFFFAOYSA-N
372,"2,2,4-trimethylhexane",16747-26-5,GEN,16179,C9H20,128.2551,0.7201,300.55,23.71005,0.3471,127,128.2551,526,Classic,1374.6,36.54003,-0.034802404,0.000116811,-1.3e-07,5.254448e-11,none,0.0,0.0,0.0,0.0,0.0,1.8,0.076,0.235662374,0.0,2.52,809.1,0.0,3,-27.952757828,4665.22592993,0.052323342,-3.8356e-05,-229000.0,-19.2905,29814.5,-0.019678,0.000132,-3.11e-07,0,solvent,0.0,0.0,0.0,0.0,0.054783425,0.094678512,-2.267329403,-0.384,0.00525,-6.37e-06,52.8786226,8129,1000.0,0.00611,153.15,153.15,-243170,467.97,0.0,0.0,0.0,0.0,0.0,5.459,0.30542,647.13,0.081,0.0,52100000.0,0.32,-0.212,0.258,0.0,0.999,1.087,-0.638,0.635,0.0,0.0,0.0,0.168272437,0.908482584,5.240427372,4,4C,0.296941807,0.000718744,0.0692,16655.0,12277.0,1.4515,0.67359,13855.59696,1.456360879,0.664155324,0.046473789,1,17.38710706,-6141.762746,0.0,0.0,0.0,0.0,0.0,0.0,0.0,0.0,0.0,0.0,0.0,no,1.0656,3.0007,366.51,0.034868,20790.8198,2.52,809.1,0.0,1.0,0,0.0,0.0,0.0,0.0,0.0,0.0,0.0,0.0,-262.49,140.52,0.0,0.0,0.0,276370.0,-2090.1,8.125,-0.014116,9.37e-06,0.923656,-0.37937,0.442429,52.419867266,12.0,6.0,0,0,0,0,0,0,0,0,0,0,0,0,0,0,0,0,0.0,0.0,AFTPEBDOGXRMNQ-UHFFFAOYSA-N
373,2-propyltoluene,1074-17-5,GEN,1441,C10H14,134.21816,0.8420,388.95,28.87763,0.399,185,134.21816,489.8,Classic,1374.6,36.54003,-0.034802404,0.000116811,-1.3e-07,5.254448e-11,none,0.0,0.0,0.0,0.0,0.0,1.8,0.076,0.235662374,0.0,2.52,809.1,0.0,3,-27.952757828,4665.22592993,0.052323342,-3.8356e-05,-229000.0,-19.2905,29814.5,-0.019678,0.000132,-3.11e-07,0,solvent,0.0,0.0,0.0,0.0,0.054783425,0.094678512,-2.267329403,-0.384,0.00525,-6.37e-06,52.8786226,15308,1000.0,0.00611,213,213,-19780,432.9,0.0,0.0,0.0,0.0,0.0,5.459,0.30542,647.13,0.081,0.0,52100000.0,0.32,-0.212,0.258,0.0,0.999,1.087,-0.638,0.635,0.0,0.0,0.0,0.168272437,0.908482584,5.240427372,4,4C,0.296941807,0.000718744,0.0692,16655.0,12277.0,1.4515,0.67359,13855.59696,1.456360879,0.664155324,0.046473789,1,17.38710706,-6141.762746,0.0,0.0,0.0,0.0,0.0,0.0,0.0,0.0,0.0,0.0,0.0,no,1.0656,3.0007,366.51,0.034868,20790.8198,2.52,809.1,0.0,1.0,0,0.0,0.0,0.0,0.0,0.0,0.0,0.0,0.0,-262.49,140.52,0.0,0.0,0.0,276370.0,-2090.1,8.125,-0.014116,9.37e-06,0.923656,-0.37937,0.442429,52.419867266,12.0,6.0,0,0,0,0,0,0,0,0,0,0,0,0,0,0,0,0,0.0,0.0,YQZBFMJOASEONC-UHFFFAOYSA-N
374,"3,4-dimethylheptane",922-28-1,GEN,11431,C9H20,128.2551,0.7621,318.75,24.62,0.379,140,128.2551,503,Classic,1374.6,36.54003,-0.034802404,0.000116811,-1.3e-07,5.254448e-11,none,0.0,0.0,0.0,0.0,0.0,1.8,0.076,0.235662374,0.0,2.52,809.1,0.0,3,-27.952757828,4665.22592993,0.052323342,-3.8356e-05,-229000.0,-19.2905,29814.5,-0.019678,0.000132,-3.11e-07,0,solvent,0.0,0.0,0.0,0.0,0.054783425,0.094678512,-2.267329403,-0.384,0.00525,-6.37e-06,52.8786226,12020,1000.0,0.00611,161.19,161.19,-176300,495.14,0.0,0.0,0.0,0.0,0.0,5.459,0.30542,647.13,0.081,0.0,52100000.0,0.32,-0.212,0.258,0.0,0.999,1.087,-0.638,0.635,0.0,0.0,0.0,0.168272437,0.908482584,5.240427372,4,4C,0.296941807,0.000718744,0.0692,16655.0,12277.0,1.4515,0.67359,13855.59696,1.456360879,0.664155324,0.046473789,1,17.38710706,-6141.762746,0.0,0.0,0.0,0.0,0.0,0.0,0.0,0.0,0.0,0.0,0.0,no,1.0656,3.0007,366.51,0.034868,20790.8198,2.52,809.1,0.0,1.0,0,0.0,0.0,0.0,0.0,0.0,0.0,0.0,0.0,-262.49,140.52,0.0,0.0,0.0,276370.0,-2090.1,8.125,-0.014116,9.37e-06,0.923656,-0.37937,0.442429,52.419867266,12.0,6.0,0,0,0,0,0,0,0,0,0,0,0,0,0,0,0,0,0.0,0.0,MAKRYGRRIKSDES-UHFFFAOYSA-N
375,"3,4-dimethylhexane",583-48-2,GEN,76802,C8H18,114.22852,0.7214,295.65,26.9,0.338,117.7,114.22852,466,Classic,1374.6,36.54003,-0.034802404,0.000116811,-1.3e-07,5.254448e-11,none,0.0,0.0,0.0,0.0,0.0,1.8,0.076,0.235662374,0.0,2.52,809.1,0.0,3,-27.952757828,4665.22592993,0.052323342,-3.8356e-05,-229000.0,-19.2905,29814.5,-0.019678,0.000132,-3.11e-07,0,solvent,0.0,0.0,0.0,0.0,0.054783425,0.094678512,-2.267329403,-0.384,0.00525,-6.37e-06,52.8786226,9430,1000.0,0.00611,149.92,149.92,-212800,451.62,0.0,0.0,0.0,0.0,0.0,5.459,0.30542,647.13,0.081,0.0,52100000.0,0.32,-0.212,0.258,0.0,0.999,1.087,-0.638,0.635,0.0,0.0,0.0,0.168272437,0.908482584,5.240427372,4,4C,0.296941807,0.000718744,0.0692,16655.0,12277.0,1.4515,0.67359,13855.59696,1.456360879,0.664155324,0.046473789,1,17.38710706,-6141.762746,0.0,0.0,0.0,0.0,0.0,0.0,0.0,0.0,0.0,0.0,0.0,no,1.0656,3.0007,366.51,0.034868,20790.8198,2.52,809.1,0.0,1.0,0,0.0,0.0,0.0,0.0,0.0,0.0,0.0,0.0,-262.49,140.52,0.0,0.0,0.0,276370.0,-2090.1,8.125,-0.014116,9.37e-06,0.923656,-0.37937,0.442429,52.419867266,12.0,6.0,0,0,0,0,0,0,0,0,0,0,0,0,0,0,0,0,0.0,0.0,RNTWWGNZUXGTAX-UHFFFAOYSA-N
376,"3,5-dimethylheptane",926-82-9,GEN,11447,C9H20,128.2551,0.7492,310.05,24.01,0.385,135,128.2551,510,Classic,1374.6,36.54003,-0.034802404,0.000116811,-1.3e-07,5.254448e-11,none,0.0,0.0,0.0,0.0,0.0,1.8,0.076,0.235662374,0.0,2.52,809.1,0.0,3,-27.952757828,4665.22592993,0.052323342,-3.8356e-05,-229000.0,-19.2905,29814.5,-0.019678,0.000132,-3.11e-07,0,solvent,0.0,0.0,0.0,0.0,0.054783425,0.094678512,-2.267329403,-0.384,0.00525,-6.37e-06,52.8786226,12020,1000.0,0.00611,161.19,161.19,-182400,487.76,0.0,0.0,0.0,0.0,0.0,5.459,0.30542,647.13,0.081,0.0,52100000.0,0.32,-0.212,0.258,0.0,0.999,1.087,-0.638,0.635,0.0,0.0,0.0,0.168272437,0.908482584,5.240427372,4,4C,0.296941807,0.000718744,0.0692,16655.0,12277.0,1.4515,0.67359,13855.59696,1.456360879,0.664155324,0.046473789,1,17.38710706,-6141.762746,0.0,0.0,0.0,0.0,0.0,0.0,0.0,0.0,0.0,0.0,0.0,no,1.0656,3.0007,366.51,0.034868,20790.8198,2.52,809.1,0.0,1.0,0,0.0,0.0,0.0,0.0,0.0,0.0,0.0,0.0,-262.49,140.52,0.0,0.0,0.0,276370.0,-2090.1,8.125,-0.014116,9.37e-06,0.923656,-0.37937,0.442429,52.419867266,12.0,6.0,0,0,0,0,0,0,0,0,0,0,0,0,0,0,0,0,0.0,0.0,DZJTZGHZAWTWGA-UHFFFAOYSA-N
377,3-ethyl-2-methylpentane,609-26-7,GEN,1271,C8H18,114.22852,0.7590,293.95,27,0.3273,115.6,114.22852,442,Classic,1374.6,36.54003,-0.034802404,0.000116811,-1.3e-07,5.254448e-11,none,0.0,0.0,0.0,0.0,0.0,1.8,0.076,0.235662374,0.0,2.52,809.1,0.0,3,-27.952757828,4665.22592993,0.052323342,-3.8356e-05,-229000.0,-19.2905,29814.5,-0.019678,0.000132,-3.11e-07,0,solvent,0.0,0.0,0.0,0.0,0.054783425,0.094678512,-2.267329403,-0.384,0.00525,-6.37e-06,52.8786226,9430,1000.0,0.00611,158.2,158.2,-211000,443.91,0.0,0.0,0.0,0.0,0.0,5.459,0.30542,647.13,0.081,0.0,52100000.0,0.32,-0.212,0.258,0.0,0.999,1.087,-0.638,0.635,0.0,0.0,0.0,0.168272437,0.908482584,5.240427372,4,4C,0.296941807,0.000718744,0.0692,16655.0,12277.0,1.4515,0.67359,13855.59696,1.456360879,0.664155324,0.046473789,1,17.38710706,-6141.762746,0.0,0.0,0.0,0.0,0.0,0.0,0.0,0.0,0.0,0.0,0.0,no,1.0656,3.0007,366.51,0.034868,20790.8198,2.52,809.1,0.0,1.0,0,0.0,0.0,0.0,0.0,0.0,0.0,0.0,0.0,-262.49,140.52,0.0,0.0,0.0,276370.0,-2090.1,8.125,-0.014116,9.37e-06,0.923656,-0.37937,0.442429,52.419867266,12.0,6.0,0,0,0,0,0,0,0,0,0,0,0,0,0,0,0,0,0.0,0.0,DUPUVYJQZSLSJB-UHFFFAOYSA-N
378,3-ethyltoluene,620-14-4,GEN,1289,C9H12,120.19158,0.7445,371.95,32.4848,0.3319,161.3,120.19158,490,Classic,1374.6,36.54003,-0.034802404,0.000116811,-1.3e-07,5.254448e-11,none,0.0,0.0,0.0,0.0,0.0,1.8,0.076,0.235662374,0.0,2.52,809.1,0.0,3,-27.952757828,4665.22592993,0.052323342,-3.8356e-05,-229000.0,-19.2905,29814.5,-0.019678,0.000132,-3.11e-07,0,solvent,0.0,0.0,0.0,0.0,0.054783425,0.094678512,-2.267329403,-0.384,0.00525,-6.37e-06,52.8786226,7600,1000.0,0.00611,177.15,177.15,-1800,404.75,0.0,0.0,0.0,0.0,0.0,5.459,0.30542,647.13,0.081,0.0,52100000.0,0.32,-0.212,0.258,0.0,0.999,1.087,-0.638,0.635,0.0,0.0,0.0,0.168272437,0.908482584,5.240427372,4,4C,0.296941807,0.000718744,0.0692,16655.0,12277.0,1.4515,0.67359,13855.59696,1.456360879,0.664155324,0.046473789,1,17.38710706,-6141.762746,0.0,0.0,0.0,0.0,0.0,0.0,0.0,0.0,0.0,0.0,0.0,no,1.0656,3.0007,366.51,0.034868,20790.8198,2.52,809.1,0.0,1.0,0,0.0,0.0,0.0,0.0,0.0,0.0,0.0,0.0,-262.49,140.52,0.0,0.0,0.0,276370.0,-2090.1,8.125,-0.014116,9.37e-06,0.923656,-0.37937,0.442429,52.419867266,12.0,6.0,0,0,0,0,0,0,0,0,0,0,0,0,0,0,0,0,0.0,0.0,ZLCSFXXPPANWQY-UHFFFAOYSA-N
379,3-propyltoluene,1074-43-7,GEN,1442,C10H14,134.21816,0.8546,380.85,28.1,0.413,182,134.21816,482,Classic,1374.6,36.54003,-0.034802404,0.000116811,-1.3e-07,5.254448e-11,none,0.0,0.0,0.0,0.0,0.0,1.8,0.076,0.235662374,0.0,2.52,809.1,0.0,3,-27.952757828,4665.22592993,0.052323342,-3.8356e-05,-229000.0,-19.2905,29814.5,-0.019678,0.000132,-3.11e-07,0,solvent,0.0,0.0,0.0,0.0,0.054783425,0.094678512,-2.267329403,-0.384,0.00525,-6.37e-06,52.8786226,15308,1000.0,0.00611,190.65,190.65,-24140,437.73,0.0,0.0,0.0,0.0,0.0,5.459,0.30542,647.13,0.081,0.0,52100000.0,0.32,-0.212,0.258,0.0,0.999,1.087,-0.638,0.635,0.0,0.0,0.0,0.168272437,0.908482584,5.240427372,4,4C,0.296941807,0.000718744,0.0692,16655.0,12277.0,1.4515,0.67359,13855.59696,1.456360879,0.664155324,0.046473789,1,17.38710706,-6141.762746,0.0,0.0,0.0,0.0,0.0,0.0,0.0,0.0,0.0,0.0,0.0,no,1.0656,3.0007,366.51,0.034868,20790.8198,2.52,809.1,0.0,1.0,0,0.0,0.0,0.0,0.0,0.0,0.0,0.0,0.0,-262.49,140.52,0.0,0.0,0.0,276370.0,-2090.1,8.125,-0.014116,9.37e-06,0.923656,-0.37937,0.442429,52.419867266,12.0,6.0,0,0,0,0,0,0,0,0,0,0,0,0,0,0,0,0,0.0,0.0,QUEBYVKXYIKVSO-UHFFFAOYSA-N
380,4-ethyl-2-methylhexane,3074-75-7,GEN,13444,C9H20,128.2551,0.7571,306.85,24.01,0.386,134,128.2551,504,Classic,1374.6,36.54003,-0.034802404,0.000116811,-1.3e-07,5.254448e-11,none,0.0,0.0,0.0,0.0,0.0,1.8,0.076,0.235662374,0.0,2.52,809.1,0.0,3,-27.952757828,4665.22592993,0.052323342,-3.8356e-05,-229000.0,-19.2905,29814.5,-0.019678,0.000132,-3.11e-07,0,solvent,0.0,0.0,0.0,0.0,0.054783425,0.094678512,-2.267329403,-0.384,0.00525,-6.37e-06,52.8786226,12020,1000.0,0.00611,161.19,161.19,-179000,488.43,0.0,0.0,0.0,0.0,0.0,5.459,0.30542,647.13,0.081,0.0,52100000.0,0.32,-0.212,0.258,0.0,0.999,1.087,-0.638,0.635,0.0,0.0,0.0,0.168272437,0.908482584,5.240427372,4,4C,0.296941807,0.000718744,0.0692,16655.0,12277.0,1.4515,0.67359,13855.59696,1.456360879,0.664155324,0.046473789,1,17.38710706,-6141.762746,0.0,0.0,0.0,0.0,0.0,0.0,0.0,0.0,0.0,0.0,0.0,no,1.0656,3.0007,366.51,0.034868,20790.8198,2.52,809.1,0.0,1.0,0,0.0,0.0,0.0,0.0,0.0,0.0,0.0,0.0,-262.49,140.52,0.0,0.0,0.0,276370.0,-2090.1,8.125,-0.014116,9.37e-06,0.923656,-0.37937,0.442429,52.419867266,12.0,6.0,0,0,0,0,0,0,0,0,0,0,0,0,0,0,0,0,0.0,0.0,KYCZJIBOPKRSOV-UHFFFAOYSA-N
381,4-ethyl-o-xylene,934-80-5,GEN,1423,C10H14,134.21816,0.9164,389.45,28.99922,0.4472,189,134.21816,452.1,Classic,1374.6,36.54003,-0.034802404,0.000116811,-1.3e-07,5.254448e-11,none,0.0,0.0,0.0,0.0,0.0,1.8,0.076,0.235662374,0.0,2.52,809.1,0.0,3,-27.952757828,4665.22592993,0.052323342,-3.8356e-05,-229000.0,-19.2905,29814.5,-0.019678,0.000132,-3.11e-07,0,solvent,0.0,0.0,0.0,0.0,0.054783425,0.094678512,-2.267329403,-0.384,0.00525,-6.37e-06,52.8786226,14919,1000.0,0.00611,206.2,206.2,-32090,437.23,0.0,0.0,0.0,0.0,0.0,5.459,0.30542,647.13,0.081,0.0,52100000.0,0.32,-0.212,0.258,0.0,0.999,1.087,-0.638,0.635,0.0,0.0,0.0,0.168272437,0.908482584,5.240427372,4,4C,0.296941807,0.000718744,0.0692,16655.0,12277.0,1.4515,0.67359,13855.59696,1.456360879,0.664155324,0.046473789,1,17.38710706,-6141.762746,0.0,0.0,0.0,0.0,0.0,0.0,0.0,0.0,0.0,0.0,0.0,no,1.0656,3.0007,366.51,0.034868,20790.8198,2.52,809.1,0.0,1.0,0,0.0,0.0,0.0,0.0,0.0,0.0,0.0,0.0,-262.49,140.52,0.0,0.0,0.0,276370.0,-2090.1,8.125,-0.014116,9.37e-06,0.923656,-0.37937,0.442429,52.419867266,12.0,6.0,0,0,0,0,0,0,0,0,0,0,0,0,0,0,0,0,0.0,0.0,SBUYFICWQNHBCM-UHFFFAOYSA-N
382,4-ethyltoluene,622-96-8,GEN,1294,C9H12,120.19158,0.8201,367.05,32.3,0.3731,162,120.19158,446,Classic,1374.6,36.54003,-0.034802404,0.000116811,-1.3e-07,5.254448e-11,none,0.0,0.0,0.0,0.0,0.0,0,0.076,0.235662374,0.0,2.52,809.1,0.0,3,-27.952757828,4665.22592993,0.052323342,-3.8356e-05,-229000.0,-19.2905,29814.5,-0.019678,0.000132,-3.11e-07,0,solvent,0.0,0.0,0.0,0.0,0.054783425,0.094678512,-2.267329403,-0.384,0.00525,-6.37e-06,52.8786226,12700,1000.0,0.00611,211.15,211.15,-3200,399.38,0.0,0.0,0.0,0.0,0.0,5.459,0.30542,647.13,0.081,0.0,52100000.0,0.32,-0.212,0.258,0.0,0.999,1.087,-0.638,0.635,0.0,0.0,0.0,0.168272437,0.908482584,5.240427372,4,4C,0.296941807,0.000718744,0.0692,16655.0,12277.0,1.4515,0.67359,13855.59696,1.456360879,0.664155324,0.046473789,1,17.38710706,-6141.762746,0.0,0.0,0.0,0.0,0.0,0.0,0.0,0.0,0.0,0.0,0.0,no,1.0656,3.0007,366.51,0.034868,20790.8198,2.52,809.1,0.0,1.0,0,0.0,0.0,0.0,0.0,0.0,0.0,0.0,0.0,-262.49,140.52,0.0,0.0,0.0,276370.0,-2090.1,8.125,-0.014116,9.37e-06,0.923656,-0.37937,0.442429,52.419867266,12.0,6.0,0,0,0,0,0,0,0,0,0,0,0,0,0,0,0,0,0.0,0.0,JRLPEMVDPFPYPJ-UHFFFAOYSA-N
383,5-ethyl-m-xylene,934-74-7,GEN,1422,C10H14,134.21816,0.9026,375.95,28.00623,0.4692,184,134.21816,458,Classic,1374.6,36.54003,-0.034802404,0.000116811,-1.3e-07,5.254448e-11,none,0.0,0.0,0.0,0.0,0.0,1.8,0.076,0.235662374,0.0,2.52,809.1,0.0,3,-27.952757828,4665.22592993,0.052323342,-3.8356e-05,-229000.0,-19.2905,29814.5,-0.019678,0.000132,-3.11e-07,0,solvent,0.0,0.0,0.0,0.0,0.054783425,0.094678512,-2.267329403,-0.384,0.00525,-6.37e-06,52.8786226,14919,1000.0,0.00611,189,189,-35400,426.8,0.0,0.0,0.0,0.0,0.0,5.459,0.30542,647.13,0.081,0.0,52100000.0,0.32,-0.212,0.258,0.0,0.999,1.087,-0.638,0.635,0.0,0.0,0.0,0.168272437,0.908482584,5.240427372,4,4C,0.296941807,0.000718744,0.0692,16655.0,12277.0,1.4515,0.67359,13855.59696,1.456360879,0.664155324,0.046473789,1,17.38710706,-6141.762746,0.0,0.0,0.0,0.0,0.0,0.0,0.0,0.0,0.0,0.0,0.0,no,1.0656,3.0007,366.51,0.034868,20790.8198,2.52,809.1,0.0,1.0,0,0.0,0.0,0.0,0.0,0.0,0.0,0.0,0.0,-262.49,140.52,0.0,0.0,0.0,276370.0,-2090.1,8.125,-0.014116,9.37e-06,0.923656,-0.37937,0.442429,52.419867266,12.0,6.0,0,0,0,0,0,0,0,0,0,0,0,0,0,0,0,0,0.0,0.0,LMAUULKNZLEMGN-UHFFFAOYSA-N
384,"1,1,2-trimethylcyclopentane",4259-00-1,GEN,1758,C8H16,112.21264,0.7876,306.388888889,29.3854555835,0.2516,113.7,112.21264,417,Classic,1374.6,36.54003,-0.034802404,0.000116811,-1.3e-07,5.254448e-11,none,0.0,0.0,0.0,0.0,0.0,1.8,0.076,0.235662374,0.0,2.52,809.1,0.0,3,-27.952757828,4665.22592993,0.052323342,-3.8356e-05,-229000.0,-19.2905,29814.5,-0.019678,0.000132,-3.11e-07,0,solvent,0.0,0.0,0.0,0.0,0.054783425,0.094678512,-2.267329403,-0.384,0.00525,-6.37e-06,52.8786226,5184,1000.0,0.00611,251.35,251.35,-100160,444.37,0.0,0.0,0.0,0.0,0.0,5.459,0.30542,647.13,0.081,0.0,52100000.0,0.32,-0.212,0.258,0.0,0.999,1.087,-0.638,0.635,0.0,0.0,0.0,0.168272437,0.908482584,5.240427372,4,4C,0.296941807,0.000718744,0.0692,16655.0,12277.0,1.4515,0.67359,13855.59696,1.456360879,0.664155324,0.046473789,1,17.38710706,-6141.762746,0.0,0.0,0.0,0.0,0.0,0.0,0.0,0.0,0.0,0.0,0.0,no,1.0656,3.0007,366.51,0.034868,20790.8198,2.52,809.1,0.0,1.0,0,0.0,0.0,0.0,0.0,0.0,0.0,0.0,0.0,-262.49,140.52,0.0,0.0,0.0,276370.0,-2090.1,8.125,-0.014116,9.37e-06,0.923656,-0.37937,0.442429,52.419867266,12.0,6.0,0,0,0,0,0,0,0,0,0,0,0,0,0,0,0,0,0.0,0.0,WINCSBAYCULVDU-UHFFFAOYSA-N
385,"trans-1,3-dimethylcyclohexane",2207-03-6,GEN,2316,C8H16,112.21264,0.7163,324.85,29.38425,0.2118,124.4590,112.21264,460,Classic,1374.6,36.54003,-0.034802404,0.000116811,-1.3e-07,5.254448e-11,none,0.0,0.0,0.0,0.0,0.0,1.8,0.076,0.235662374,0.0,2.52,809.1,0.0,3,-27.952757828,4665.22592993,0.052323342,-3.8356e-05,-229000.0,-19.2905,29814.5,-0.019678,0.000132,-3.11e-07,0,solvent,0.0,0.0,0.0,0.0,0.054783425,0.094678512,-2.267329403,-0.384,0.00525,-6.37e-06,52.8786226,9870,1000.0,0.00611,183.071976,183.1,-176500,376.39,0.0,0.0,0.0,0.0,0.0,5.459,0.30542,647.13,0.081,0.0,52100000.0,0.32,-0.212,0.258,0.0,0.999,1.087,-0.638,0.635,0.0,0.0,0.0,0.168272437,0.908482584,5.240427372,4,4C,0.296941807,0.000718744,0.0692,16655.0,12277.0,1.4515,0.67359,13855.59696,1.456360879,0.664155324,0.046473789,1,17.38710706,-6141.762746,0.0,0.0,0.0,0.0,0.0,0.0,0.0,0.0,0.0,0.0,0.0,no,1.0656,3.0007,366.51,0.034868,20790.8198,2.52,809.1,0.0,1.0,0,0.0,0.0,0.0,0.0,0.0,0.0,0.0,0.0,-262.49,140.52,0.0,0.0,0.0,276370.0,-2090.1,8.125,-0.014116,9.37e-06,0.923656,-0.37937,0.442429,52.419867266,12.0,6.0,0,0,0,0,0,0,0,0,0,0,0,0,0,0,0,0,0.0,0.0,SGVUHPSBDNVHKL-HTQZYQBOSA-N
386,1-ethyl-2-methylcyclopentane,3726-46-3,GEN,41078,C8H16,112.21264,0.7810,312.35254,29.568993,0.28437924,120.1,112.21264,423.5,Classic,1374.6,36.54003,-0.034802404,0.000116811,-1.3e-07,5.254448e-11,none,0.0,0.0,0.0,0.0,0.0,1.8,0.076,0.235662374,0.0,2.52,809.1,0.0,3,-27.952757828,4665.22592993,0.052323342,-3.8356e-05,-229000.0,-19.2905,29814.5,-0.019678,0.000132,-3.11e-07,0,solvent,0.0,0.0,0.0,0.0,0.054783425,0.094678512,-2.267329403,-0.384,0.00525,-6.37e-06,52.8786226,11482,1000.0,0.00611,167.2,167.2,-168310,189.0,0.0,0.0,0.0,0.0,0.0,5.459,0.30542,647.13,0.081,0.0,52100000.0,0.32,-0.212,0.258,0.0,0.999,1.087,-0.638,0.635,0.0,0.0,0.0,0.168272437,0.908482584,5.240427372,4,4C,0.296941807,0.000718744,0.0692,16655.0,12277.0,1.4515,0.67359,13855.59696,1.456360879,0.664155324,0.046473789,1,17.38710706,-6141.762746,0.0,0.0,0.0,0.0,0.0,0.0,0.0,0.0,0.0,0.0,0.0,no,1.0656,3.0007,366.51,0.034868,20790.8198,2.52,809.1,0.0,1.0,0,0.0,0.0,0.0,0.0,0.0,0.0,0.0,0.0,-262.49,140.52,0.0,0.0,0.0,276370.0,-2090.1,8.125,-0.014116,9.37e-06,0.923656,-0.37937,0.442429,52.419867266,12.0,6.0,0,0,0,0,0,0,0,0,0,0,0,0,0,0,0,0,0.0,0.0,BSKOLJVTLRLTHE-UHFFFAOYSA-N
387,isopropylcyclohexane,696-29-7,GEN,1371,C9H18,126.23922,0.7793,359.05,31,0.237,154.4,126.23922,484,Classic,1374.6,36.54003,-0.034802404,0.000116811,-1.3e-07,5.254448e-11,none,0.0,0.0,0.0,0.0,0.0,1.8,0.076,0.235662374,0.0,2.52,809.1,0.0,3,-27.952757828,4665.22592993,0.052323342,-3.8356e-05,-229000.0,-19.2905,29814.5,-0.019678,0.000132,-3.11e-07,0,solvent,0.0,0.0,0.0,0.0,0.054783425,0.094678512,-2.267329403,-0.384,0.00525,-6.37e-06,52.8786226,7378,1000.0,0.00611,183.75,183.75,-93810,409.4,0.0,0.0,0.0,0.0,0.0,5.459,0.30542,647.13,0.081,0.0,52100000.0,0.32,-0.212,0.258,0.0,0.999,1.087,-0.638,0.635,0.0,0.0,0.0,0.168272437,0.908482584,5.240427372,4,4C,0.296941807,0.000718744,0.0692,16655.0,12277.0,1.4515,0.67359,13855.59696,1.456360879,0.664155324,0.046473789,1,17.38710706,-6141.762746,0.0,0.0,0.0,0.0,0.0,0.0,0.0,0.0,0.0,0.0,0.0,no,1.0656,3.0007,366.51,0.034868,20790.8198,2.52,809.1,0.0,1.0,0,0.0,0.0,0.0,0.0,0.0,0.0,0.0,0.0,-262.49,140.52,0.0,0.0,0.0,276370.0,-2090.1,8.125,-0.014116,9.37e-06,0.923656,-0.37937,0.442429,52.419867266,12.0,6.0,0,0,0,0,0,0,0,0,0,0,0,0,0,0,0,0,0.0,0.0,GWESVXSMPKAFAS-UHFFFAOYSA-N
388,m-cymene,535-77-3,GEN,1131,C10H14,134.21816,0.8355,378.25,28.46219,0.3628,175,134.21816,490.2,Classic,1374.6,36.54003,-0.034802404,0.000116811,-1.3e-07,5.254448e-11,none,0.0,0.0,0.0,0.0,0.0,1.8,0.076,0.235662374,0.0,2.52,809.1,0.0,3,-27.952757828,4665.22592993,0.052323342,-3.8356e-05,-229000.0,-19.2905,29814.5,-0.019678,0.000132,-3.11e-07,0,solvent,0.0,0.0,0.0,0.0,0.054783425,0.094678512,-2.267329403,-0.384,0.00525,-6.37e-06,52.8786226,11785,1000.0,0.00611,209.3,209.3,-28700,432.16,0.0,0.0,0.0,0.0,0.0,5.459,0.30542,647.13,0.081,0.0,52100000.0,0.32,-0.212,0.258,0.0,0.999,1.087,-0.638,0.635,0.0,0.0,0.0,0.168272437,0.908482584,5.240427372,4,4C,0.296941807,0.000718744,0.0692,16655.0,12277.0,1.4515,0.67359,13855.59696,1.456360879,0.664155324,0.046473789,1,17.38710706,-6141.762746,0.0,0.0,0.0,0.0,0.0,0.0,0.0,0.0,0.0,0.0,0.0,no,1.0656,3.0007,366.51,0.034868,20790.8198,2.52,809.1,0.0,1.0,0,0.0,0.0,0.0,0.0,0.0,0.0,0.0,0.0,-262.49,140.52,0.0,0.0,0.0,276370.0,-2090.1,8.125,-0.014116,9.37e-06,0.923656,-0.37937,0.442429,52.419867266,12.0,6.0,0,0,0,0,0,0,0,0,0,0,0,0,0,0,0,0,0.0,0.0,XCYJPXQACVEIOS-UHFFFAOYSA-N
389,m-diethylbenzene,141-93-5,GEN,1021,C10H14,134.21816,0.8799,383.95,29.19173,0.3927,181.1,134.21816,467.7,Classic,1374.6,36.54003,-0.034802404,0.000116811,-1.3e-07,5.254448e-11,none,0.0,0.0,0.0,0.0,0.0,0.36,0.076,0.235662374,0.0,2.52,809.1,0.0,3,-27.952757828,4665.22592993,0.052323342,-3.8356e-05,-229000.0,-19.2905,29814.5,-0.019678,0.000132,-3.11e-07,0,solvent,0.0,0.0,0.0,0.0,0.054783425,0.094678512,-2.267329403,-0.384,0.00525,-6.37e-06,52.8786226,15308,1000.0,0.00611,189.2,189.2,-21000,440.21,0.0,0.0,0.0,0.0,0.0,5.459,0.30542,647.13,0.081,0.0,52100000.0,0.32,-0.212,0.258,0.0,0.999,1.087,-0.638,0.635,0.0,0.0,0.0,0.168272437,0.908482584,5.240427372,4,4C,0.296941807,0.000718744,0.0692,16655.0,12277.0,1.4515,0.67359,13855.59696,1.456360879,0.664155324,0.046473789,1,17.38710706,-6141.762746,0.0,0.0,0.0,0.0,0.0,0.0,0.0,0.0,0.0,0.0,0.0,no,1.0656,3.0007,366.51,0.034868,20790.8198,2.52,809.1,0.0,1.0,0,0.0,0.0,0.0,0.0,0.0,0.0,0.0,0.0,-262.49,140.52,0.0,0.0,0.0,276370.0,-2090.1,8.125,-0.014116,9.37e-06,0.923656,-0.37937,0.442429,52.419867266,12.0,6.0,0,0,0,0,0,0,0,0,0,0,0,0,0,0,0,0,0.0,0.0,AFZZYIJIWUTJFO-UHFFFAOYSA-N
