"ID","INDEX","NAME","K1","K2","K3","K4","TREF","R","ACTENERGY","Reference"
24,18.000000000,"KspCaCO3",3044.270000000,-170410.000000000,-475.704000000,0.376097000,298.150000000,0.003000000,50.000000000,"Kaasa1998"
